Unnamed: 0;Demand;Import limit;Export limit;Import price;Export price;Import emission factor;Export emission factor;Generic production
2022-01-01 00:00:00;1.906848668506636;;;;;;;
2022-01-01 01:00:00;1.7938612703649097;;;;;;;
2022-01-01 02:00:00;0.35871263011617893;;;;;;;
2022-01-01 03:00:00;0.0;;;;;;;
2022-01-01 04:00:00;0.0;;;;;;;
2022-01-01 05:00:00;0.0;;;;;;;
2022-01-01 06:00:00;0.0;;;;;;;
2022-01-01 07:00:00;0.0;;;;;;;
2022-01-01 08:00:00;0.0;;;;;;;
2022-01-01 09:00:00;0.0;;;;;;;
2022-01-01 10:00:00;0.0;;;;;;;
2022-01-01 11:00:00;0.0;;;;;;;
2022-01-01 12:00:00;0.0;;;;;;;
2022-01-01 13:00:00;0.0;;;;;;;
2022-01-01 14:00:00;0.0;;;;;;;
2022-01-01 15:00:00;0.0;;;;;;;
2022-01-01 16:00:00;0.0;;;;;;;
2022-01-01 17:00:00;0.0;;;;;;;
2022-01-01 18:00:00;0.0;;;;;;;
2022-01-01 19:00:00;0.0;;;;;;;
2022-01-01 20:00:00;0.0;;;;;;;
2022-01-01 21:00:00;0.0;;;;;;;
2022-01-01 22:00:00;0.0;;;;;;;
2022-01-01 23:00:00;0.0;;;;;;;
2022-01-02 00:00:00;0.0;;;;;;;
2022-01-02 01:00:00;0.0;;;;;;;
2022-01-02 02:00:00;0.0;;;;;;;
2022-01-02 03:00:00;0.0;;;;;;;
2022-01-02 04:00:00;0.0;;;;;;;
2022-01-02 05:00:00;0.0;;;;;;;
2022-01-02 06:00:00;0.0;;;;;;;
2022-01-02 07:00:00;0.0;;;;;;;
2022-01-02 08:00:00;0.0;;;;;;;
2022-01-02 09:00:00;0.0;;;;;;;
2022-01-02 10:00:00;0.0;;;;;;;
2022-01-02 11:00:00;0.0;;;;;;;
2022-01-02 12:00:00;0.0;;;;;;;
2022-01-02 13:00:00;0.0;;;;;;;
2022-01-02 14:00:00;1.551117236230608;;;;;;;
2022-01-02 15:00:00;3.9805698861157293;;;;;;;
2022-01-02 16:00:00;3.973415011299367;;;;;;;
2022-01-02 17:00:00;3.4292718755257905;;;;;;;
2022-01-02 18:00:00;4.292105060411517;;;;;;;
2022-01-02 19:00:00;3.6387755537424074;;;;;;;
2022-01-02 20:00:00;5.626787333447155;;;;;;;
2022-01-02 21:00:00;4.467697613196416;;;;;;;
2022-01-02 22:00:00;3.9011954936217066;;;;;;;
2022-01-02 23:00:00;3.8606512029956517;;;;;;;
2022-01-03 00:00:00;3.5113293460759487;;;;;;;
2022-01-03 01:00:00;2.433030087293302;;;;;;;
2022-01-03 02:00:00;1.6714830990267082;;;;;;;
2022-01-03 03:00:00;0.9794725503816379;;;;;;;
2022-01-03 04:00:00;0.44054651082832613;;;;;;;
2022-01-03 05:00:00;0.40268529825840743;;;;;;;
2022-01-03 06:00:00;1.4139821355836584;;;;;;;
2022-01-03 07:00:00;3.580120486237435;;;;;;;
2022-01-03 08:00:00;4.052863933739392;;;;;;;
2022-01-03 09:00:00;4.240679397668911;;;;;;;
2022-01-03 10:00:00;5.413109978254328;;;;;;;
2022-01-03 11:00:00;5.383074410014806;;;;;;;
2022-01-03 12:00:00;4.612062118605732;;;;;;;
2022-01-03 13:00:00;4.247834272485273;;;;;;;
2022-01-03 14:00:00;4.586200227342422;;;;;;;
2022-01-03 15:00:00;4.764773977967471;;;;;;;
2022-01-03 16:00:00;5.66807692353325;;;;;;;
2022-01-03 17:00:00;7.230373651664423;;;;;;;
2022-01-03 18:00:00;6.801230222574677;;;;;;;
2022-01-03 19:00:00;6.685634276322817;;;;;;;
2022-01-03 20:00:00;6.054514693562832;;;;;;;
2022-01-03 21:00:00;5.455517517530478;;;;;;;
2022-01-03 22:00:00;5.730309428446403;;;;;;;
2022-01-03 23:00:00;3.4771201008602146;;;;;;;
2022-01-04 00:00:00;3.722994392726675;;;;;;;
2022-01-04 01:00:00;2.8290076904113692;;;;;;;
2022-01-04 02:00:00;1.7563727075250102;;;;;;;
2022-01-04 03:00:00;1.5529804848807025;;;;;;;
2022-01-04 04:00:00;0.9374376608355078;;;;;;;
2022-01-04 05:00:00;1.0656291679620042;;;;;;;
2022-01-04 06:00:00;0.8014205093786148;;;;;;;
2022-01-04 07:00:00;4.0736577886744465;;;;;;;
2022-01-04 08:00:00;5.24325623131172;;;;;;;
2022-01-04 09:00:00;6.01993279861708;;;;;;;
2022-01-04 10:00:00;5.969848674902542;;;;;;;
2022-01-04 11:00:00;6.4422194726744815;;;;;;;
2022-01-04 12:00:00;6.496179153581217;;;;;;;
2022-01-04 13:00:00;6.22198348223332;;;;;;;
2022-01-04 14:00:00;6.2260826292635265;;;;;;;
2022-01-04 15:00:00;6.218555104717147;;;;;;;
2022-01-04 16:00:00;6.370521664618848;;;;;;;
2022-01-04 17:00:00;6.394296717394052;;;;;;;
2022-01-04 18:00:00;5.814677327322678;;;;;;;
2022-01-04 19:00:00;4.979122102674334;;;;;;;
2022-01-04 20:00:00;3.7453533765278095;;;;;;;
2022-01-04 21:00:00;2.9489263735314473;;;;;;;
2022-01-04 22:00:00;2.6139887961904726;;;;;;;
2022-01-04 23:00:00;1.0558657450355096;;;;;;;
2022-01-05 00:00:00;0.16299699191026043;;;;;;;
2022-01-05 01:00:00;0.0;;;;;;;
2022-01-05 02:00:00;0.0;;;;;;;
2022-01-05 03:00:00;0.0;;;;;;;
2022-01-05 04:00:00;0.0;;;;;;;
2022-01-05 05:00:00;0.0;;;;;;;
2022-01-05 06:00:00;0.0;;;;;;;
2022-01-05 07:00:00;0.0;;;;;;;
2022-01-05 08:00:00;0.0;;;;;;;
2022-01-05 09:00:00;0.0;;;;;;;
2022-01-05 10:00:00;0.0;;;;;;;
2022-01-05 11:00:00;0.0;;;;;;;
2022-01-05 12:00:00;0.0;;;;;;;
2022-01-05 13:00:00;0.9718704958892528;;;;;;;
2022-01-05 14:00:00;3.103352421651273;;;;;;;
2022-01-05 15:00:00;3.09739002597097;;;;;;;
2022-01-05 16:00:00;2.932976965086638;;;;;;;
2022-01-05 17:00:00;2.8952648124087275;;;;;;;
2022-01-05 18:00:00;3.0414925664681376;;;;;;;
2022-01-05 19:00:00;2.9940169908637317;;;;;;;
2022-01-05 20:00:00;2.901078148197022;;;;;;;
2022-01-05 21:00:00;2.389057419151073;;;;;;;
2022-01-05 22:00:00;1.9787700664002807;;;;;;;
2022-01-05 23:00:00;1.7706079272117319;;;;;;;
2022-01-06 00:00:00;0.3417198024273178;;;;;;;
2022-01-06 01:00:00;0.8395798417325485;;;;;;;
2022-01-06 02:00:00;0.08213200049616232;;;;;;;
2022-01-06 03:00:00;0.0;;;;;;;
2022-01-06 04:00:00;0.0;;;;;;;
2022-01-06 05:00:00;0.0;;;;;;;
2022-01-06 06:00:00;0.0;;;;;;;
2022-01-06 07:00:00;0.0;;;;;;;
2022-01-06 08:00:00;0.0;;;;;;;
2022-01-06 09:00:00;0.0;;;;;;;
2022-01-06 10:00:00;0.0;;;;;;;
2022-01-06 11:00:00;0.12617919858439458;;;;;;;
2022-01-06 12:00:00;3.448426071648761;;;;;;;
2022-01-06 13:00:00;3.959626971288668;;;;;;;
2022-01-06 14:00:00;3.428899225795771;;;;;;;
2022-01-06 15:00:00;3.6082182758808594;;;;;;;
2022-01-06 16:00:00;3.623944094487656;;;;;;;
2022-01-06 17:00:00;3.9667073161590265;;;;;;;
2022-01-06 18:00:00;3.9599250910726824;;;;;;;
2022-01-06 19:00:00;3.6445143595846985;;;;;;;
2022-01-06 20:00:00;3.4372465797481944;;;;;;;
2022-01-06 21:00:00;3.38447937797752;;;;;;;
2022-01-06 22:00:00;3.2061292171904814;;;;;;;
2022-01-06 23:00:00;2.029524959628853;;;;;;;
2022-01-07 00:00:00;0.0;;;;;;;
2022-01-07 01:00:00;0.0;;;;;;;
2022-01-07 02:00:00;0.0;;;;;;;
2022-01-07 03:00:00;0.0;;;;;;;
2022-01-07 04:00:00;0.43726719320415997;;;;;;;
2022-01-07 05:00:00;0.0;;;;;;;
2022-01-07 06:00:00;0.0;;;;;;;
2022-01-07 07:00:00;4.415824770777786;;;;;;;
2022-01-07 08:00:00;6.143205329307328;;;;;;;
2022-01-07 09:00:00;6.662380933169639;;;;;;;
2022-01-07 10:00:00;6.9226395046148275;;;;;;;
2022-01-07 11:00:00;6.997542100348624;;;;;;;
2022-01-07 12:00:00;7.111796507572415;;;;;;;
2022-01-07 13:00:00;7.367881402041393;;;;;;;
2022-01-07 14:00:00;6.917198818556552;;;;;;;
2022-01-07 15:00:00;6.489396928494873;;;;;;;
2022-01-07 16:00:00;6.490291287846917;;;;;;;
2022-01-07 17:00:00;6.594409622414193;;;;;;;
2022-01-07 18:00:00;6.148795075257611;;;;;;;
2022-01-07 19:00:00;4.533880205247771;;;;;;;
2022-01-07 20:00:00;2.2044467428997176;;;;;;;
2022-01-07 21:00:00;1.0390965071846596;;;;;;;
2022-01-07 22:00:00;0.519175603862311;;;;;;;
2022-01-07 23:00:00;0.0;;;;;;;
2022-01-08 00:00:00;0.0;;;;;;;
2022-01-08 01:00:00;0.0;;;;;;;
2022-01-08 02:00:00;0.0;;;;;;;
2022-01-08 03:00:00;0.0;;;;;;;
2022-01-08 04:00:00;0.0;;;;;;;
2022-01-08 05:00:00;0.0;;;;;;;
2022-01-08 06:00:00;0.0;;;;;;;
2022-01-08 07:00:00;0.0;;;;;;;
2022-01-08 08:00:00;0.0;;;;;;;
2022-01-08 09:00:00;0.0;;;;;;;
2022-01-08 10:00:00;0.0;;;;;;;
2022-01-08 11:00:00;0.0;;;;;;;
2022-01-08 12:00:00;0.0;;;;;;;
2022-01-08 13:00:00;0.0;;;;;;;
2022-01-08 14:00:00;0.0;;;;;;;
2022-01-08 15:00:00;0.0;;;;;;;
2022-01-08 16:00:00;36.1180316628364;;;;;;;
2022-01-08 17:00:00;36.09701421806334;;;;;;;
2022-01-08 18:00:00;35.89876456169329;;;;;;;
2022-01-08 19:00:00;35.20541247402016;;;;;;;
2022-01-08 20:00:00;34.334306465128;;;;;;;
2022-01-08 21:00:00;33.46394575569591;;;;;;;
2022-01-08 22:00:00;32.49565269721484;;;;;;;
2022-01-08 23:00:00;31.039263022355023;;;;;;;
2022-01-09 00:00:00;29.84998867397275;;;;;;;
2022-01-09 01:00:00;29.154996927487527;;;;;;;
2022-01-09 02:00:00;0.0;;;;;;;
2022-01-09 03:00:00;29.41041105244248;;;;;;;
2022-01-09 04:00:00;17.8596854908311;;;;;;;
2022-01-09 05:00:00;29.842461149426367;;;;;;;
2022-01-09 06:00:00;31.859837727856597;;;;;;;
2022-01-09 07:00:00;36.379035533741636;;;;;;;
2022-01-09 08:00:00;39.226601180707945;;;;;;;
2022-01-09 09:00:00;21.394193650114225;;;;;;;
2022-01-09 10:00:00;8.535094886406545;;;;;;;
2022-01-09 11:00:00;31.972377946322318;;;;;;;
2022-01-09 12:00:00;23.879245639718164;;;;;;;
2022-01-09 13:00:00;4.312749855454563;;;;;;;
2022-01-09 14:00:00;22.437612894167103;;;;;;;
2022-01-09 15:00:00;27.9271160670753;;;;;;;
2022-01-09 16:00:00;39.756136447064776;;;;;;;
2022-01-09 17:00:00;39.985092441188385;;;;;;;
2022-01-09 18:00:00;40.69953650358059;;;;;;;
2022-01-09 19:00:00;40.65280622743622;;;;;;;
2022-01-09 20:00:00;41.91385291382013;;;;;;;
2022-01-09 21:00:00;41.26387725472119;;;;;;;
2022-01-09 22:00:00;39.4920768483734;;;;;;;
2022-01-09 23:00:00;2.9327533752486277;;;;;;;
2022-01-10 00:00:00;36.59658844612666;;;;;;;
2022-01-10 01:00:00;37.8703052233312;;;;;;;
2022-01-10 02:00:00;37.64738615483391;;;;;;;
2022-01-10 03:00:00;37.943568160252916;;;;;;;
2022-01-10 04:00:00;37.95333158317942;;;;;;;
2022-01-10 05:00:00;37.906377717197046;;;;;;;
2022-01-10 06:00:00;38.835468024080114;;;;;;;
2022-01-10 07:00:00;41.89887239467337;;;;;;;
2022-01-10 08:00:00;42.1027863269397;;;;;;;
2022-01-10 09:00:00;42.04211895089263;;;;;;;
2022-01-10 10:00:00;42.7382286465679;;;;;;;
2022-01-10 11:00:00;42.71504983336074;;;;;;;
2022-01-10 12:00:00;42.76587925653531;;;;;;;
2022-01-10 13:00:00;42.7875674708224;;;;;;;
2022-01-10 14:00:00;42.57232498676349;;;;;;;
2022-01-10 15:00:00;41.21953193684894;;;;;;;
2022-01-10 16:00:00;42.36774028498313;;;;;;;
2022-01-10 17:00:00;42.188272175006034;;;;;;;
2022-01-10 18:00:00;41.94895651838791;;;;;;;
2022-01-10 19:00:00;42.82036064706406;;;;;;;
2022-01-10 20:00:00;42.69321255918162;;;;;;;
2022-01-10 21:00:00;42.306104019638006;;;;;;;
2022-01-10 22:00:00;41.60097620049628;;;;;;;
2022-01-10 23:00:00;40.79828868203559;;;;;;;
2022-01-11 00:00:00;2.9359581629267897;;;;;;;
2022-01-11 01:00:00;2.73114987130841;;;;;;;
2022-01-11 02:00:00;20.816735628476962;;;;;;;
2022-01-11 03:00:00;20.41002571313435;;;;;;;
2022-01-11 04:00:00;36.99353493854277;;;;;;;
2022-01-11 05:00:00;36.476073523438544;;;;;;;
2022-01-11 06:00:00;37.08617566142548;;;;;;;
2022-01-11 07:00:00;39.23494853466036;;;;;;;
2022-01-11 08:00:00;41.36180960377014;;;;;;;
2022-01-11 09:00:00;40.99981765602981;;;;;;;
2022-01-11 10:00:00;40.92953591694824;;;;;;;
2022-01-11 11:00:00;40.61516860470431;;;;;;;
2022-01-11 12:00:00;40.75752080157153;;;;;;;
2022-01-11 13:00:00;40.35051276644489;;;;;;;
2022-01-11 14:00:00;39.673929916622626;;;;;;;
2022-01-11 15:00:00;39.79064381206453;;;;;;;
2022-01-11 16:00:00;40.059845977030164;;;;;;;
2022-01-11 17:00:00;40.609057149132;;;;;;;
2022-01-11 18:00:00;40.90851847217518;;;;;;;
2022-01-11 19:00:00;40.33061327086189;;;;;;;
2022-01-11 20:00:00;39.11778745954243;;;;;;;
2022-01-11 21:00:00;36.31344918125831;;;;;;;
2022-01-11 22:00:00;0.7091524362259387;;;;;;;
2022-01-11 23:00:00;0.31310030316186743;;;;;;;
2022-01-12 00:00:00;0.0;;;;;;;
2022-01-12 01:00:00;0.0;;;;;;;
2022-01-12 02:00:00;0.0;;;;;;;
2022-01-12 03:00:00;0.0;;;;;;;
2022-01-12 04:00:00;0.0;;;;;;;
2022-01-12 05:00:00;0.0;;;;;;;
2022-01-12 06:00:00;0.0;;;;;;;
2022-01-12 07:00:00;0.0;;;;;;;
2022-01-12 08:00:00;0.0;;;;;;;
2022-01-12 09:00:00;0.0;;;;;;;
2022-01-12 10:00:00;0.0;;;;;;;
2022-01-12 11:00:00;0.0;;;;;;;
2022-01-12 12:00:00;0.0;;;;;;;
2022-01-12 13:00:00;0.0;;;;;;;
2022-01-12 14:00:00;0.0;;;;;;;
2022-01-12 15:00:00;0.0;;;;;;;
2022-01-12 16:00:00;0.0;;;;;;;
2022-01-12 17:00:00;0.0;;;;;;;
2022-01-12 18:00:00;0.0;;;;;;;
2022-01-12 19:00:00;0.0;;;;;;;
2022-01-12 20:00:00;0.0;;;;;;;
2022-01-12 21:00:00;0.0;;;;;;;
2022-01-12 22:00:00;0.0;;;;;;;
2022-01-12 23:00:00;0.0;;;;;;;
2022-01-13 00:00:00;0.0;;;;;;;
2022-01-13 01:00:00;0.0;;;;;;;
2022-01-13 02:00:00;0.0;;;;;;;
2022-01-13 03:00:00;0.0;;;;;;;
2022-01-13 04:00:00;0.0;;;;;;;
2022-01-13 05:00:00;26.162694125381883;;;;;;;
2022-01-13 06:00:00;0.0;;;;;;;
2022-01-13 07:00:00;4.080812663490809;;;;;;;
2022-01-13 08:00:00;0.0;;;;;;;
2022-01-13 09:00:00;0.0;;;;;;;
2022-01-13 10:00:00;0.0;;;;;;;
2022-01-13 11:00:00;0.0;;;;;;;
2022-01-13 12:00:00;0.0;;;;;;;
2022-01-13 13:00:00;0.0;;;;;;;
2022-01-13 14:00:00;0.0;;;;;;;
2022-01-13 15:00:00;0.0;;;;;;;
2022-01-13 16:00:00;31.36048708963129;;;;;;;
2022-01-13 17:00:00;31.175429233703927;;;;;;;
2022-01-13 18:00:00;31.9366781021865;;;;;;;
2022-01-13 19:00:00;31.059684227560062;;;;;;;
2022-01-13 20:00:00;31.249884649761693;;;;;;;
2022-01-13 21:00:00;31.11148254003268;;;;;;;
2022-01-13 22:00:00;31.26568499831449;;;;;;;
2022-01-13 23:00:00;30.70097159744388;;;;;;;
2022-01-14 00:00:00;30.220327975665516;;;;;;;
2022-01-14 01:00:00;31.191974881716757;;;;;;;
2022-01-14 02:00:00;31.619627711886434;;;;;;;
2022-01-14 03:00:00;30.22673755102184;;;;;;;
2022-01-14 04:00:00;31.04298951965522;;;;;;;
2022-01-14 05:00:00;31.4609534568444;;;;;;;
2022-01-14 06:00:00;33.406259577488974;;;;;;;
2022-01-14 07:00:00;35.124025772984034;;;;;;;
2022-01-14 08:00:00;37.120086786857186;;;;;;;
2022-01-14 09:00:00;40.46014631701645;;;;;;;
2022-01-14 10:00:00;41.02232569972294;;;;;;;
2022-01-14 11:00:00;40.98483713688305;;;;;;;
2022-01-14 12:00:00;40.45589811009423;;;;;;;
2022-01-14 13:00:00;39.797649626988886;;;;;;;
2022-01-14 14:00:00;39.83252964171865;;;;;;;
2022-01-14 15:00:00;40.369145252945856;;;;;;;
2022-01-14 16:00:00;41.136058397324724;;;;;;;
2022-01-14 17:00:00;41.446252032592426;;;;;;;
2022-01-14 18:00:00;42.82103141657811;;;;;;;
2022-01-14 19:00:00;41.15625601269173;;;;;;;
2022-01-14 20:00:00;41.187931239743335;;;;;;;
2022-01-14 21:00:00;39.53321737856749;;;;;;;
2022-01-14 22:00:00;38.55396841802384;;;;;;;
2022-01-14 23:00:00;37.9075701963331;;;;;;;
2022-01-15 00:00:00;37.54326782026663;;;;;;;
2022-01-15 01:00:00;36.4869548955551;;;;;;;
2022-01-15 02:00:00;36.225429315027846;;;;;;;
2022-01-15 03:00:00;35.77608827057107;;;;;;;
2022-01-15 04:00:00;35.214654187324626;;;;;;;
2022-01-15 05:00:00;35.557119289211975;;;;;;;
2022-01-15 06:00:00;36.40832580252111;;;;;;;
2022-01-15 07:00:00;37.44496282148765;;;;;;;
2022-01-15 08:00:00;39.48492197355703;;;;;;;
2022-01-15 09:00:00;40.107247022688576;;;;;;;
2022-01-15 10:00:00;39.700089927669936;;;;;;;
2022-01-15 11:00:00;39.17554816769535;;;;;;;
2022-01-15 12:00:00;39.3418990071758;;;;;;;
2022-01-15 13:00:00;39.901544371718145;;;;;;;
2022-01-15 14:00:00;38.89307967234103;;;;;;;
2022-01-15 15:00:00;38.89993642737338;;;;;;;
2022-01-15 16:00:00;38.85648546885318;;;;;;;
2022-01-15 17:00:00;38.49933796760309;;;;;;;
2022-01-15 18:00:00;38.556949615864006;;;;;;;
2022-01-15 19:00:00;38.26918949434342;;;;;;;
2022-01-15 20:00:00;36.66865890391231;;;;;;;
2022-01-15 21:00:00;35.594533322105875;;;;;;;
2022-01-15 22:00:00;35.15368869149353;;;;;;;
2022-01-15 23:00:00;34.528531504413856;;;;;;;
2022-01-16 00:00:00;32.819038132925215;;;;;;;
2022-01-16 01:00:00;30.482077146030782;;;;;;;
2022-01-16 02:00:00;29.63914345672806;;;;;;;
2022-01-16 03:00:00;30.69873569906377;;;;;;;
2022-01-16 04:00:00;30.346581704195916;;;;;;;
2022-01-16 05:00:00;30.09794980432731;;;;;;;
2022-01-16 06:00:00;30.352469569930214;;;;;;;
2022-01-16 07:00:00;35.13565244456062;;;;;;;
2022-01-16 08:00:00;37.27250052643491;;;;;;;
2022-01-16 09:00:00;38.81840066644525;;;;;;;
2022-01-16 10:00:00;38.644522302418444;;;;;;;
2022-01-16 11:00:00;38.404014166664254;;;;;;;
2022-01-16 12:00:00;38.80312202751448;;;;;;;
2022-01-16 13:00:00;38.95792072536433;;;;;;;
2022-01-16 14:00:00;38.96298876169258;;;;;;;
2022-01-16 15:00:00;39.365972179735;;;;;;;
2022-01-16 16:00:00;39.103850359639715;;;;;;;
2022-01-16 17:00:00;39.778271841027895;;;;;;;
2022-01-16 18:00:00;39.966981664309465;;;;;;;
2022-01-16 19:00:00;39.10221070082764;;;;;;;
2022-01-16 20:00:00;37.516586099597276;;;;;;;
2022-01-16 21:00:00;36.0766675428043;;;;;;;
2022-01-16 22:00:00;35.88408216233056;;;;;;;
2022-01-16 23:00:00;36.58935904136429;;;;;;;
2022-01-17 00:00:00;36.28058147507064;;;;;;;
2022-01-17 01:00:00;34.83298633383928;;;;;;;
2022-01-17 02:00:00;34.14023048573417;;;;;;;
2022-01-17 03:00:00;34.0618249825382;;;;;;;
2022-01-17 04:00:00;34.39080016419887;;;;;;;
2022-01-17 05:00:00;34.622588296270614;;;;;;;
2022-01-17 06:00:00;35.74910843011771;;;;;;;
2022-01-17 07:00:00;37.15891688872515;;;;;;;
2022-01-17 08:00:00;40.167094569329606;;;;;;;
2022-01-17 09:00:00;40.86707982219707;;;;;;;
2022-01-17 10:00:00;41.256498790066814;;;;;;;
2022-01-17 11:00:00;41.27155383915957;;;;;;;
2022-01-17 12:00:00;41.02493424783308;;;;;;;
2022-01-17 13:00:00;41.114370183037614;;;;;;;
2022-01-17 14:00:00;41.233096387021625;;;;;;;
2022-01-17 15:00:00;41.11809668033781;;;;;;;
2022-01-17 16:00:00;41.52353958659835;;;;;;;
2022-01-17 17:00:00;41.535762497742965;;;;;;;
2022-01-17 18:00:00;41.42419116857531;;;;;;;
2022-01-17 19:00:00;40.55032755168103;;;;;;;
2022-01-17 20:00:00;40.658395973386504;;;;;;;
2022-01-17 21:00:00;39.13172455944513;;;;;;;
2022-01-17 22:00:00;37.169425611111684;;;;;;;
2022-01-17 23:00:00;35.44524984026031;;;;;;;
2022-01-18 00:00:00;35.36319236971015;;;;;;;
2022-01-18 01:00:00;34.619756158322474;;;;;;;
2022-01-18 02:00:00;34.95037099879523;;;;;;;
2022-01-18 03:00:00;34.99419460704545;;;;;;;
2022-01-18 04:00:00;35.742624324815374;;;;;;;
2022-01-18 05:00:00;36.54546090316806;;;;;;;
2022-01-18 06:00:00;37.89944643221868;;;;;;;
2022-01-18 07:00:00;41.161398578965986;;;;;;;
2022-01-18 08:00:00;42.15704412763045;;;;;;;
2022-01-18 09:00:00;7.283960682841139;;;;;;;
2022-01-18 10:00:00;35.186854517465214;;;;;;;
2022-01-18 11:00:00;5.756394909547725;;;;;;;
2022-01-18 12:00:00;5.784939878867171;;;;;;;
2022-01-18 13:00:00;4.8126967332479;;;;;;;
2022-01-18 14:00:00;5.2141895523702475;;;;;;;
2022-01-18 15:00:00;5.928410024924442;;;;;;;
2022-01-18 16:00:00;6.596198341118285;;;;;;;
2022-01-18 17:00:00;6.712688646722188;;;;;;;
2022-01-18 18:00:00;7.204884410131132;;;;;;;
2022-01-18 19:00:00;42.252218868677275;;;;;;;
2022-01-18 20:00:00;42.25229339862328;;;;;;;
2022-01-18 21:00:00;42.04793228668092;;;;;;;
2022-01-18 22:00:00;6.640096479314509;;;;;;;
2022-01-18 23:00:00;41.03611373973364;;;;;;;
2022-01-19 00:00:00;39.383561246991896;;;;;;;
2022-01-19 01:00:00;3.7484836342599683;;;;;;;
2022-01-19 02:00:00;3.9171449020665148;;;;;;;
2022-01-19 03:00:00;3.6032247694986053;;;;;;;
2022-01-19 04:00:00;3.82688913745594;;;;;;;
2022-01-19 05:00:00;3.4616924020374333;;;;;;;
2022-01-19 06:00:00;3.355040049306028;;;;;;;
2022-01-19 07:00:00;3.9225110581787863;;;;;;;
2022-01-19 08:00:00;4.800771941887295;;;;;;;
2022-01-19 09:00:00;6.231821435105817;;;;;;;
2022-01-19 10:00:00;5.319202246289568;;;;;;;
2022-01-19 11:00:00;5.141373795124558;;;;;;;
2022-01-19 12:00:00;4.743980123032417;;;;;;;
2022-01-19 13:00:00;4.709845407762687;;;;;;;
2022-01-19 14:00:00;4.297024036847767;;;;;;;
2022-01-19 15:00:00;4.873736759024992;;;;;;;
2022-01-19 16:00:00;6.166756792244521;;;;;;;
2022-01-19 17:00:00;6.527854380632822;;;;;;;
2022-01-19 18:00:00;6.62235835216561;;;;;;;
2022-01-19 19:00:00;6.924353693372915;;;;;;;
2022-01-19 20:00:00;6.975108586601489;;;;;;;
2022-01-19 21:00:00;7.158973963392805;;;;;;;
2022-01-19 22:00:00;7.315188730216724;;;;;;;
2022-01-19 23:00:00;6.3360142996191;;;;;;;
2022-01-20 00:00:00;6.4179972402232535;;;;;;;
2022-01-20 01:00:00;6.040354003822115;;;;;;;
2022-01-20 02:00:00;4.745917901628515;;;;;;;
2022-01-20 03:00:00;4.5589222671050385;;;;;;;
2022-01-20 04:00:00;4.239785038316866;;;;;;;
2022-01-20 05:00:00;3.5968897240882853;;;;;;;
2022-01-20 06:00:00;3.8249513588598436;;;;;;;
2022-01-20 07:00:00;3.1658830463484415;;;;;;;
2022-01-20 08:00:00;4.238443499288797;;;;;;;
2022-01-20 09:00:00;4.705000961272441;;;;;;;
2022-01-20 10:00:00;4.817317589900133;;;;;;;
2022-01-20 11:00:00;3.938087816893577;;;;;;;
2022-01-20 12:00:00;4.650072391067659;;;;;;;
2022-01-20 13:00:00;5.0862216350817615;;;;;;;
2022-01-20 14:00:00;5.187731421538905;;;;;;;
2022-01-20 15:00:00;5.232822038871191;;;;;;;
2022-01-20 16:00:00;5.22097177745659;;;;;;;
2022-01-20 17:00:00;5.235057937251304;;;;;;;
2022-01-20 18:00:00;4.191713223144429;;;;;;;
2022-01-20 19:00:00;4.343158073424104;;;;;;;
2022-01-20 20:00:00;4.306265750152235;;;;;;;
2022-01-20 21:00:00;4.157727567766707;;;;;;;
2022-01-20 22:00:00;4.157653037820703;;;;;;;
2022-01-20 23:00:00;3.9275790945070432;;;;;;;
2022-01-21 00:00:00;2.713858923835534;;;;;;;
2022-01-21 01:00:00;1.823598718820417;;;;;;;
2022-01-21 02:00:00;1.5531295447727098;;;;;;;
2022-01-21 03:00:00;1.60462973746132;;;;;;;
2022-01-21 04:00:00;1.7606954443932292;;;;;;;
2022-01-21 05:00:00;2.143183127284613;;;;;;;
2022-01-21 06:00:00;2.7438199621290527;;;;;;;
2022-01-21 07:00:00;5.148826789724934;;;;;;;
2022-01-21 08:00:00;6.037372805981964;;;;;;;
2022-01-21 09:00:00;7.5896825213486325;;;;;;;
2022-01-21 10:00:00;6.896777613351517;;;;;;;
2022-01-21 11:00:00;6.311046767707834;;;;;;;
2022-01-21 12:00:00;7.172612943511496;;;;;;;
2022-01-21 13:00:00;6.583975429973665;;;;;;;
2022-01-21 14:00:00;6.761505761354663;;;;;;;
2022-01-21 15:00:00;7.115746594710614;;;;;;;
2022-01-21 16:00:00;7.645952630581485;;;;;;;
2022-01-21 17:00:00;7.752754043204898;;;;;;;
2022-01-21 18:00:00;7.304381888046175;;;;;;;
2022-01-21 19:00:00;7.200189023532894;;;;;;;
2022-01-21 20:00:00;7.5799190984221365;;;;;;;
2022-01-21 21:00:00;7.032571174970399;;;;;;;
2022-01-21 22:00:00;5.713391130703545;;;;;;;
2022-01-21 23:00:00;4.677573941143051;;;;;;;
2022-01-22 00:00:00;3.7648056924347943;;;;;;;
2022-01-22 01:00:00;3.340059530159268;;;;;;;
2022-01-22 02:00:00;3.4559535961951418;;;;;;;
2022-01-22 03:00:00;3.4224896504394464;;;;;;;
2022-01-22 04:00:00;3.564320137684634;;;;;;;
2022-01-22 05:00:00;4.392124247948585;;;;;;;
2022-01-22 06:00:00;5.078246930859358;;;;;;;
2022-01-22 07:00:00;5.572753122594418;;;;;;;
2022-01-22 08:00:00;6.3373558386471665;;;;;;;
2022-01-22 09:00:00;7.3741419175057095;;;;;;;
2022-01-22 10:00:00;7.404997315151275;;;;;;;
2022-01-22 11:00:00;7.499575816630067;;;;;;;
2022-01-22 12:00:00;7.508966589826542;;;;;;;
2022-01-22 13:00:00;7.637083567007036;;;;;;;
2022-01-22 14:00:00;8.56990037119031;;;;;;;
2022-01-22 15:00:00;8.665745881751166;;;;;;;
2022-01-22 16:00:00;8.154395922219251;;;;;;;
2022-01-22 17:00:00;7.664510587136425;;;;;;;
2022-01-22 18:00:00;8.065779816420761;;;;;;;
2022-01-22 19:00:00;6.456752812145218;;;;;;;
2022-01-22 20:00:00;6.080078465042129;;;;;;;
2022-01-22 21:00:00;5.14934849934696;;;;;;;
2022-01-22 22:00:00;4.38213723518408;;;;;;;
2022-01-22 23:00:00;5.119685580837458;;;;;;;
2022-01-23 00:00:00;5.040609308127451;;;;;;;
2022-01-23 01:00:00;4.735707299025997;;;;;;;
2022-01-23 02:00:00;4.809119295839719;;;;;;;
2022-01-23 03:00:00;5.119685580837458;;;;;;;
2022-01-23 04:00:00;5.774282096588632;;;;;;;
2022-01-23 05:00:00;5.822801091437092;;;;;;;
2022-01-23 06:00:00;6.3432437043814645;;;;;;;
2022-01-23 07:00:00;7.8638036627505254;;;;;;;
2022-01-23 08:00:00;43.54836915962896;;;;;;;
2022-01-23 09:00:00;44.19342584229165;;;;;;;
2022-01-23 10:00:00;43.947775140263204;;;;;;;
2022-01-23 11:00:00;44.130448037918455;;;;;;;
2022-01-23 12:00:00;45.34170872037184;;;;;;;
2022-01-23 13:00:00;10.083827164365031;;;;;;;
2022-01-23 14:00:00;9.63821261720845;;;;;;;
2022-01-23 15:00:00;9.962939591946904;;;;;;;
2022-01-23 16:00:00;44.987393357069884;;;;;;;
2022-01-23 17:00:00;44.90004426035346;;;;;;;
2022-01-23 18:00:00;44.79175224880997;;;;;;;
2022-01-23 19:00:00;44.71834025199625;;;;;;;
2022-01-23 20:00:00;44.1924569529936;;;;;;;
2022-01-23 21:00:00;43.59487584593532;;;;;;;
2022-01-23 22:00:00;43.46049835329051;;;;;;;
2022-01-23 23:00:00;42.671524344894515;;;;;;;
2022-01-24 00:00:00;41.64047707187828;;;;;;;
2022-01-24 01:00:00;41.10691718843723;;;;;;;
2022-01-24 02:00:00;41.6272852714356;;;;;;;
2022-01-24 03:00:00;41.67386648768797;;;;;;;
2022-01-24 04:00:00;42.11799043592447;;;;;;;
2022-01-24 05:00:00;42.42818407119219;;;;;;;
2022-01-24 06:00:00;43.27603673693116;;;;;;;
2022-01-24 07:00:00;43.525413936259795;;;;;;;
2022-01-24 08:00:00;44.1589930072379;;;;;;;
2022-01-24 09:00:00;44.43087825025968;;;;;;;
2022-01-24 10:00:00;44.6166814056471;;;;;;;
2022-01-24 11:00:00;44.65446808827102;;;;;;;
2022-01-24 12:00:00;44.88618169039676;;;;;;;
2022-01-24 13:00:00;43.96215941984193;;;;;;;
2022-01-24 14:00:00;43.65241296425024;;;;;;;
2022-01-24 15:00:00;44.183662419365156;;;;;;;
2022-01-24 16:00:00;44.51308478070185;;;;;;;
2022-01-24 17:00:00;44.7267621358947;;;;;;;
2022-01-24 18:00:00;44.555566849924006;;;;;;;
2022-01-24 19:00:00;44.61548892651104;;;;;;;
2022-01-24 20:00:00;44.36171446036818;;;;;;;
2022-01-24 21:00:00;44.13096974754049;;;;;;;
2022-01-24 22:00:00;43.36189523472751;;;;;;;
2022-01-24 23:00:00;42.61368910679559;;;;;;;
2022-01-25 00:00:00;43.36733592078579;;;;;;;
2022-01-25 01:00:00;42.991257813250726;;;;;;;
2022-01-25 02:00:00;41.63906100290419;;;;;;;
2022-01-25 03:00:00;41.7456388256896;;;;;;;
2022-01-25 04:00:00;41.882922986228564;;;;;;;
2022-01-25 05:00:00;42.14340514751177;;;;;;;
2022-01-25 06:00:00;42.598932177486844;;;;;;;
2022-01-25 07:00:00;42.65281732844759;;;;;;;
2022-01-25 08:00:00;43.47547887243727;;;;;;;
2022-01-25 09:00:00;43.54084163508258;;;;;;;
2022-01-25 10:00:00;43.72709197014602;;;;;;;
2022-01-25 11:00:00;43.108642478206676;;;;;;;
2022-01-25 12:00:00;42.80224987018515;;;;;;;
2022-01-25 13:00:00;42.7636433581552;;;;;;;
2022-01-25 14:00:00;42.50688769417218;;;;;;;
2022-01-25 15:00:00;43.33752394238427;;;;;;;
2022-01-25 16:00:00;41.59903842190017;;;;;;;
2022-01-25 17:00:00;41.02672296653716;;;;;;;
2022-01-25 18:00:00;40.5243166005257;;;;;;;
2022-01-25 19:00:00;41.481653756944226;;;;;;;
2022-01-25 20:00:00;40.92893967738022;;;;;;;
2022-01-25 21:00:00;38.92147558176848;;;;;;;
2022-01-25 22:00:00;37.0789462566631;;;;;;;
2022-01-25 23:00:00;34.96423356875193;;;;;;;
2022-01-26 00:00:00;0.0;;;;;;;
2022-01-26 01:00:00;31.992351971851317;;;;;;;
2022-01-26 02:00:00;25.23628689655493;;;;;;;
2022-01-26 03:00:00;29.85930491722322;;;;;;;
2022-01-26 04:00:00;29.66016090150113;;;;;;;
2022-01-26 05:00:00;29.33044042038042;;;;;;;
2022-01-26 06:00:00;0.0;;;;;;;
2022-01-26 07:00:00;29.102229725716853;;;;;;;
2022-01-26 08:00:00;31.75415426442325;;;;;;;
2022-01-26 09:00:00;35.23835471015382;;;;;;;
2022-01-26 10:00:00;36.52779730596517;;;;;;;
2022-01-26 11:00:00;30.653645081731476;;;;;;;
2022-01-26 12:00:00;36.23906829514653;;;;;;;
2022-01-26 13:00:00;36.28706558037297;;;;;;;
2022-01-26 14:00:00;36.28654387075094;;;;;;;
2022-01-26 15:00:00;35.830420601207834;;;;;;;
2022-01-26 16:00:00;36.023304101465605;;;;;;;
2022-01-26 17:00:00;35.38413528453721;;;;;;;
2022-01-26 18:00:00;35.87558574848612;;;;;;;
2022-01-26 19:00:00;34.871667375815235;;;;;;;
2022-01-26 20:00:00;34.23264761877885;;;;;;;
2022-01-26 21:00:00;32.04892020086818;;;;;;;
2022-01-26 22:00:00;21.65832777875161;;;;;;;
2022-01-26 23:00:00;19.851125648052022;;;;;;;
2022-01-27 00:00:00;24.42473031451981;;;;;;;
2022-01-27 01:00:00;27.71947563750878;;;;;;;
2022-01-27 02:00:00;16.06202319322;;;;;;;
2022-01-27 03:00:00;26.654144589330787;;;;;;;
2022-01-27 04:00:00;26.014528592726375;;;;;;;
2022-01-27 05:00:00;25.997684824929518;;;;;;;
2022-01-27 06:00:00;25.915031114811327;;;;;;;
2022-01-27 07:00:00;25.347261986154564;;;;;;;
2022-01-27 08:00:00;25.75695309933732;;;;;;;
2022-01-27 09:00:00;26.684403747408325;;;;;;;
2022-01-27 10:00:00;29.678793388002074;;;;;;;
2022-01-27 11:00:00;31.7964872737534;;;;;;;
2022-01-27 12:00:00;0.0;;;;;;;
2022-01-27 13:00:00;0.0;;;;;;;
2022-01-27 14:00:00;30.605796856397053;;;;;;;
2022-01-27 15:00:00;30.309838440816055;;;;;;;
2022-01-27 16:00:00;30.86665166741027;;;;;;;
2022-01-27 17:00:00;32.55169921660967;;;;;;;
2022-01-27 18:00:00;33.3516291270682;;;;;;;
2022-01-27 19:00:00;33.19504171051427;;;;;;;
2022-01-27 20:00:00;33.06208028684353;;;;;;;
2022-01-27 21:00:00;32.609683514600604;;;;;;;
2022-01-27 22:00:00;30.976359747927837;;;;;;;
2022-01-27 23:00:00;30.346283584411896;;;;;;;
2022-01-28 00:00:00;30.600728820068795;;;;;;;
2022-01-28 01:00:00;31.036952594028904;;;;;;;
2022-01-28 02:00:00;29.214173704614524;;;;;;;
2022-01-28 03:00:00;28.09972742202005;;;;;;;
2022-01-28 04:00:00;27.723202134808968;;;;;;;
2022-01-28 05:00:00;28.794122928937245;;;;;;;
2022-01-28 06:00:00;32.32274322248606;;;;;;;
2022-01-28 07:00:00;37.978075525252684;;;;;;;
2022-01-28 08:00:00;40.750365926755165;;;;;;;
2022-01-28 09:00:00;41.18405568255114;;;;;;;
2022-01-28 10:00:00;41.55737618208407;;;;;;;
2022-01-28 11:00:00;40.738217545556545;;;;;;;
2022-01-28 12:00:00;40.345891909792655;;;;;;;
2022-01-28 13:00:00;40.03137553765672;;;;;;;
2022-01-28 14:00:00;39.937691395529974;;;;;;;
2022-01-28 15:00:00;39.72073472271298;;;;;;;
2022-01-28 16:00:00;39.90705958772242;;;;;;;
2022-01-28 17:00:00;40.390535347448925;;;;;;;
2022-01-28 18:00:00;40.89815880968065;;;;;;;
2022-01-28 19:00:00;41.61454065066896;;;;;;;
2022-01-28 20:00:00;41.72246001248243;;;;;;;
2022-01-28 21:00:00;39.27176632798623;;;;;;;
2022-01-28 22:00:00;37.98649740915109;;;;;;;
2022-01-28 23:00:00;35.911881832189955;;;;;;;
2022-01-29 00:00:00;34.33467911485801;;;;;;;
2022-01-29 01:00:00;34.43693420077521;;;;;;;
2022-01-29 02:00:00;35.193487682659544;;;;;;;
2022-01-29 03:00:00;34.740569200794596;;;;;;;
2022-01-29 04:00:00;34.76702733162595;;;;;;;
2022-01-29 05:00:00;34.9103484177912;;;;;;;
2022-01-29 06:00:00;37.65185795159413;;;;;;;
2022-01-29 07:00:00;41.325364460174306;;;;;;;
2022-01-29 08:00:00;42.05777023955342;;;;;;;
2022-01-29 09:00:00;42.51307367969049;;;;;;;
2022-01-29 10:00:00;42.5565246382107;;;;;;;
2022-01-29 11:00:00;42.177241742997474;;;;;;;
2022-01-29 12:00:00;41.523912236328364;;;;;;;
2022-01-29 13:00:00;40.98081251979884;;;;;;;
2022-01-29 14:00:00;41.13173566045649;;;;;;;
2022-01-29 15:00:00;41.74042172946934;;;;;;;
2022-01-29 16:00:00;42.738899416081935;;;;;;;
2022-01-29 17:00:00;43.10789717874664;;;;;;;
2022-01-29 18:00:00;42.819466287712025;;;;;;;
2022-01-29 19:00:00;42.751271387118564;;;;;;;
2022-01-29 20:00:00;42.62255817037004;;;;;;;
2022-01-29 21:00:00;42.1362502726954;;;;;;;
2022-01-29 22:00:00;41.349437632733526;;;;;;;
2022-01-29 23:00:00;40.43629673429525;;;;;;;
2022-01-30 00:00:00;38.79656339226615;;;;;;;
2022-01-30 01:00:00;39.268487010362065;;;;;;;
2022-01-30 02:00:00;39.60260475829699;;;;;;;
2022-01-30 03:00:00;38.88167659060245;;;;;;;
2022-01-30 04:00:00;38.173865693404586;;;;;;;
2022-01-30 05:00:00;38.17550535221668;;;;;;;
2022-01-30 06:00:00;39.689879325067416;;;;;;;
2022-01-30 07:00:00;42.082514181626685;;;;;;;
2022-01-30 08:00:00;42.714006414116675;;;;;;;
2022-01-30 09:00:00;42.795244055260795;;;;;;;
2022-01-30 10:00:00;43.04126740701926;;;;;;;
2022-01-30 11:00:00;42.91389572929881;;;;;;;
2022-01-30 12:00:00;42.93491317407188;;;;;;;
2022-01-30 13:00:00;6.919881896612688;;;;;;;
2022-01-30 14:00:00;6.9818162817418274;;;;;;;
2022-01-30 15:00:00;6.880381025230687;;;;;;;
2022-01-30 16:00:00;42.537295912141744;;;;;;;
2022-01-30 17:00:00;42.92425539179333;;;;;;;
2022-01-30 18:00:00;43.34333727817257;;;;;;;
2022-01-30 19:00:00;43.45148022982405;;;;;;;
2022-01-30 20:00:00;42.65169937925752;;;;;;;
2022-01-30 21:00:00;42.55756805745475;;;;;;;
2022-01-30 22:00:00;42.40247123982089;;;;;;;
2022-01-30 23:00:00;41.66387947492345;;;;;;;
2022-01-31 00:00:00;40.8930907733524;;;;;;;
2022-01-31 01:00:00;40.21538997434004;;;;;;;
2022-01-31 02:00:00;40.39299483566707;;;;;;;
2022-01-31 03:00:00;40.09666377035604;;;;;;;
2022-01-31 04:00:00;40.02690374089651;;;;;;;
2022-01-31 05:00:00;40.31145907473892;;;;;;;
2022-01-31 06:00:00;5.2340145180072515;;;;;;;
2022-01-31 07:00:00;42.247299892241024;;;;;;;
2022-01-31 08:00:00;43.297277771542234;;;;;;;
2022-01-31 09:00:00;9.649764758839035;;;;;;;
2022-01-31 10:00:00;9.366923613754699;;;;;;;
2022-01-31 11:00:00;8.702340085239019;;;;;;;
2022-01-31 12:00:00;8.924066674600258;;;;;;;
2022-01-31 13:00:00;8.712923337571556;;;;;;;
2022-01-31 14:00:00;8.748548651761363;;;;;;;
2022-01-31 15:00:00;8.917508039351924;;;;;;;
2022-01-31 16:00:00;8.334236681926365;;;;;;;
2022-01-31 17:00:00;6.5980615897683785;;;;;;;
2022-01-31 18:00:00;6.893721885565362;;;;;;;
2022-01-31 19:00:00;8.556783100693643;;;;;;;
2022-01-31 20:00:00;7.8090241524377495;;;;;;;
2022-01-31 21:00:00;7.658771781294133;;;;;;;
2022-01-31 22:00:00;6.984201240013949;;;;;;;
2022-01-31 23:00:00;5.812814078672584;;;;;;;
2022-02-01 00:00:00;3.1143083237138285;;;;;;;
2022-02-01 01:00:00;2.062839845492541;;;;;;;
2022-02-01 02:00:00;0.8945084119373322;;;;;;;
2022-02-01 03:00:00;1.0519156578973095;;;;;;;
2022-02-01 04:00:00;0.7932222153181991;;;;;;;
2022-02-01 05:00:00;0.8549330106093267;;;;;;;
2022-02-01 06:00:00;2.180746220070517;;;;;;;
2022-02-01 07:00:00;4.944763797566592;;;;;;;
2022-02-01 08:00:00;7.541983355906216;;;;;;;
2022-02-01 09:00:00;6.3830426955474815;;;;;;;
2022-02-01 10:00:00;6.639053060070456;;;;;;;
2022-02-01 11:00:00;6.880306495284683;;;;;;;
2022-02-01 12:00:00;6.907733515414072;;;;;;;
2022-02-01 13:00:00;6.772536193363221;;;;;;;
2022-02-01 14:00:00;7.132515832561465;;;;;;;
2022-02-01 15:00:00;7.036893911838619;;;;;;;
2022-02-01 16:00:00;6.764337899302806;;;;;;;
2022-02-01 17:00:00;6.856904092239497;;;;;;;
2022-02-01 18:00:00;6.865325976137923;;;;;;;
2022-02-01 19:00:00;7.22083381857594;;;;;;;
2022-02-01 20:00:00;7.246919299677262;;;;;;;
2022-02-01 21:00:00;6.9130251415803405;;;;;;;
2022-02-01 22:00:00;6.578907393645408;;;;;;;
2022-02-01 23:00:00;6.071954700927717;;;;;;;
2022-02-02 00:00:00;3.9752782599494614;;;;;;;
2022-02-02 01:00:00;3.1814598050632314;;;;;;;
2022-02-02 02:00:00;2.9305920068145177;;;;;;;
2022-02-02 03:00:00;0.9683675884270753;;;;;;;
2022-02-02 04:00:00;1.015917693977485;;;;;;;
2022-02-02 05:00:00;1.204478457367041;;;;;;;
2022-02-02 06:00:00;36.378215704335595;;;;;;;
2022-02-02 07:00:00;37.627710249088906;;;;;;;
2022-02-02 08:00:00;38.620598189751234;;;;;;;
2022-02-02 09:00:00;40.12088600280726;;;;;;;
2022-02-02 10:00:00;5.049776491485915;;;;;;;
2022-02-02 11:00:00;5.1658941473598;;;;;;;
2022-02-02 12:00:00;5.695951123338662;;;;;;;
2022-02-02 13:00:00;5.633420498641493;;;;;;;
2022-02-02 14:00:00;4.001289211104779;;;;;;;
2022-02-02 15:00:00;3.3337990146949528;;;;;;;
2022-02-02 16:00:00;39.5494649067963;;;;;;;
2022-02-02 17:00:00;39.35382379853639;;;;;;;
2022-02-02 18:00:00;39.40047954473475;;;;;;;
2022-02-02 19:00:00;39.36537594016697;;;;;;;
2022-02-02 20:00:00;39.54842148755225;;;;;;;
2022-02-02 21:00:00;39.381250818665784;;;;;;;
2022-02-02 22:00:00;39.336607381009514;;;;;;;
2022-02-02 23:00:00;39.0126257057311;;;;;;;
2022-02-03 00:00:00;37.75806312464952;;;;;;;
2022-02-03 01:00:00;36.40497195495094;;;;;;;
2022-02-03 02:00:00;34.10609577046444;;;;;;;
2022-02-03 03:00:00;32.426339847431315;;;;;;;
2022-02-03 04:00:00;31.680071498095497;;;;;;;
2022-02-03 05:00:00;31.008631214547467;;;;;;;
2022-02-03 06:00:00;30.387498644551986;;;;;;;
2022-02-03 07:00:00;30.140133753765454;;;;;;;
2022-02-03 08:00:00;31.631328913409025;;;;;;;
2022-02-03 09:00:00;33.60003743709879;;;;;;;
2022-02-03 10:00:00;35.186556397681194;;;;;;;
2022-02-03 11:00:00;35.19296597303752;;;;;;;
2022-02-03 12:00:00;35.24409351599611;;;;;;;
2022-02-03 13:00:00;0.0;;;;;;;
2022-02-03 14:00:00;36.068841898473906;;;;;;;
2022-02-03 15:00:00;36.24525428066485;;;;;;;
2022-02-03 16:00:00;35.7845101544695;;;;;;;
2022-02-03 17:00:00;36.06168702365754;;;;;;;
2022-02-03 18:00:00;36.75287774289657;;;;;;;
2022-02-03 19:00:00;37.15206013369281;;;;;;;
2022-02-03 20:00:00;36.912073707560644;;;;;;;
2022-02-03 21:00:00;35.98305793062356;;;;;;;
2022-02-03 22:00:00;35.090412767336325;;;;;;;
2022-02-03 23:00:00;33.975519305065816;;;;;;;
2022-02-04 00:00:00;33.28283798690672;;;;;;;
2022-02-04 01:00:00;34.022324111156195;;;;;;;
2022-02-04 02:00:00;34.08671798450347;;;;;;;
2022-02-04 03:00:00;33.91097637182655;;;;;;;
2022-02-04 04:00:00;33.86476780530421;;;;;;;
2022-02-04 05:00:00;34.40965624053783;;;;;;;
2022-02-04 06:00:00;36.36398048464887;;;;;;;
2022-02-04 07:00:00;38.46647026141542;;;;;;;
2022-02-04 08:00:00;38.89151454347496;;;;;;;
2022-02-04 09:00:00;39.44646452141909;;;;;;;
2022-02-04 10:00:00;39.60446800694709;;;;;;;
2022-02-04 11:00:00;39.60245569840499;;;;;;;
2022-02-04 12:00:00;3.2852054899004886;;;;;;;
2022-02-04 13:00:00;8.655311689310638;;;;;;;
2022-02-04 14:00:00;11.03982278175548;;;;;;;
2022-02-04 15:00:00;39.84192041491513;;;;;;;
2022-02-04 16:00:00;39.57003517189335;;;;;;;
2022-02-04 17:00:00;39.33779986014558;;;;;;;
2022-02-04 18:00:00;39.522037886666915;;;;;;;
2022-02-04 19:00:00;39.76075730371701;;;;;;;
2022-02-04 20:00:00;39.3837103068839;;;;;;;
2022-02-04 21:00:00;38.39104595605959;;;;;;;
2022-02-04 22:00:00;36.04543949542873;;;;;;;
2022-02-04 23:00:00;34.97302810238037;;;;;;;
2022-02-05 00:00:00;34.01643624542189;;;;;;;
2022-02-05 01:00:00;34.04289437625324;;;;;;;
2022-02-05 02:00:00;34.981599046170814;;;;;;;
2022-02-05 03:00:00;35.83660658672614;;;;;;;
2022-02-05 04:00:00;36.386413998396;;;;;;;
2022-02-05 05:00:00;36.66433616704409;;;;;;;
2022-02-05 06:00:00;38.92147558176848;;;;;;;
2022-02-05 07:00:00;41.30278188653517;;;;;;;
2022-02-05 08:00:00;41.496857865928995;;;;;;;
2022-02-05 09:00:00;41.58659192091754;;;;;;;
2022-02-05 10:00:00;41.739378310225284;;;;;;;
2022-02-05 11:00:00;41.7261119798366;;;;;;;
2022-02-05 12:00:00;6.766201147952899;;;;;;;
2022-02-05 13:00:00;6.606259883828794;;;;;;;
2022-02-05 14:00:00;6.519581556626402;;;;;;;
2022-02-05 15:00:00;43.294147513810074;;;;;;;
2022-02-05 16:00:00;43.18838952043072;;;;;;;
2022-02-05 17:00:00;41.8777804199543;;;;;;;
2022-02-05 18:00:00;41.955664213528244;;;;;;;
2022-02-05 19:00:00;43.3499704433669;;;;;;;
2022-02-05 20:00:00;42.93319898531379;;;;;;;
2022-02-05 21:00:00;43.38492498804268;;;;;;;
2022-02-05 22:00:00;43.154329335106986;;;;;;;
2022-02-05 23:00:00;42.2171897940555;;;;;;;
2022-02-06 00:00:00;40.9583790060517;;;;;;;
2022-02-06 01:00:00;38.91454429679013;;;;;;;
2022-02-06 02:00:00;38.64407512274243;;;;;;;
2022-02-06 03:00:00;38.13160721402044;;;;;;;
2022-02-06 04:00:00;38.314503701513715;;;;;;;
2022-02-06 05:00:00;38.466321201523414;;;;;;;
2022-02-06 06:00:00;39.50020061248781;;;;;;;
2022-02-06 07:00:00;42.34098403436777;;;;;;;
2022-02-06 08:00:00;43.12943633314173;;;;;;;
2022-02-06 09:00:00;43.60732234691795;;;;;;;
2022-02-06 10:00:00;43.802814395285864;;;;;;;
2022-02-06 11:00:00;44.44280304162028;;;;;;;
2022-02-06 12:00:00;43.77076651850424;;;;;;;
2022-02-06 13:00:00;43.87309613436743;;;;;;;
2022-02-06 14:00:00;43.895902297844565;;;;;;;
2022-02-06 15:00:00;43.91759051213168;;;;;;;
2022-02-06 16:00:00;43.64637603862393;;;;;;;
2022-02-06 17:00:00;43.28185007271945;;;;;;;
2022-02-06 18:00:00;43.597931573721475;;;;;;;
2022-02-06 19:00:00;43.39014208426294;;;;;;;
2022-02-06 20:00:00;43.85394193824446;;;;;;;
2022-02-06 21:00:00;43.52720265496388;;;;;;;
2022-02-06 22:00:00;42.62144022117998;;;;;;;
2022-02-06 23:00:00;40.540415068862515;;;;;;;
2022-02-07 00:00:00;39.473891541548475;;;;;;;
2022-02-07 01:00:00;37.750982779779164;;;;;;;
2022-02-07 02:00:00;35.28545763602821;;;;;;;
2022-02-07 03:00:00;34.58509973343072;;;;;;;
2022-02-07 04:00:00;33.77674793907375;;;;;;;
2022-02-07 05:00:00;33.18095555071956;;;;;;;
2022-02-07 06:00:00;34.579062807804405;;;;;;;
2022-02-07 07:00:00;36.02136632286951;;;;;;;
2022-02-07 08:00:00;37.162196206349314;;;;;;;
2022-02-07 09:00:00;36.83098512630854;;;;;;;
2022-02-07 10:00:00;36.65352932487354;;;;;;;
2022-02-07 11:00:00;0.9957200786104615;;;;;;;
2022-02-07 12:00:00;0.6133814556110853;;;;;;;
2022-02-07 13:00:00;1.6143186304418111;;;;;;;
2022-02-07 14:00:00;1.8161457242200392;;;;;;;
2022-02-07 15:00:00;37.51025105418695;;;;;;;
2022-02-07 16:00:00;37.53596388555826;;;;;;;
2022-02-07 17:00:00;37.91986763742372;;;;;;;
2022-02-07 18:00:00;38.13354499261654;;;;;;;
2022-02-07 19:00:00;38.50373523441731;;;;;;;
2022-02-07 20:00:00;38.442620678694205;;;;;;;
2022-02-07 21:00:00;37.26773060989067;;;;;;;
2022-02-07 22:00:00;35.60183725681424;;;;;;;
2022-02-07 23:00:00;34.00950496044356;;;;;;;
2022-02-08 00:00:00;0.0;;;;;;;
2022-02-08 01:00:00;0.0;;;;;;;
2022-02-08 02:00:00;13.45802140979403;;;;;;;
2022-02-08 03:00:00;30.489977320307183;;;;;;;
2022-02-08 04:00:00;30.39301386055627;;;;;;;
2022-02-08 05:00:00;31.64355182455365;;;;;;;
2022-02-08 06:00:00;34.05899284459005;;;;;;;
2022-02-08 07:00:00;37.55183876405707;;;;;;;
2022-02-08 08:00:00;40.07385760687888;;;;;;;
2022-02-08 09:00:00;40.22075613045232;;;;;;;
2022-02-08 10:00:00;5.227381352812915;;;;;;;
2022-02-08 11:00:00;4.806287157891575;;;;;;;
2022-02-08 12:00:00;4.696877197158031;;;;;;;
2022-02-08 13:00:00;4.880146334381318;;;;;;;
2022-02-08 14:00:00;4.716105923227004;;;;;;;
2022-02-08 15:00:00;3.9255667859649415;;;;;;;
2022-02-08 16:00:00;38.50395882425532;;;;;;;
2022-02-08 17:00:00;37.56987501098998;;;;;;;
2022-02-08 18:00:00;37.881559245177776;;;;;;;
2022-02-08 19:00:00;37.541479101562544;;;;;;;
2022-02-08 20:00:00;36.70644558653623;;;;;;;
2022-02-08 21:00:00;34.80481401424985;;;;;;;
2022-02-08 22:00:00;34.13546056918992;;;;;;;
2022-02-08 23:00:00;32.167869994690214;;;;;;;
2022-02-09 00:00:00;30.241867130060605;;;;;;;
2022-02-09 01:00:00;29.029563028363174;;;;;;;
2022-02-09 02:00:00;28.857846032770464;;;;;;;
2022-02-09 03:00:00;28.36341437098141;;;;;;;
2022-02-09 04:00:00;27.2759479288403;;;;;;;
2022-02-09 05:00:00;26.981480112179376;;;;;;;
2022-02-09 06:00:00;26.836742957040045;;;;;;;
2022-02-09 07:00:00;28.58931463731886;;;;;;;
2022-02-09 08:00:00;30.52068365806074;;;;;;;
2022-02-09 09:00:00;31.9011273179427;;;;;;;
2022-02-09 10:00:00;32.578679057063034;;;;;;;
2022-02-09 11:00:00;32.358070416891856;;;;;;;
2022-02-09 12:00:00;32.2700505506614;;;;;;;
2022-02-09 13:00:00;32.362095033976054;;;;;;;
2022-02-09 14:00:00;32.013220356732376;;;;;;;
2022-02-09 15:00:00;31.357356831899143;;;;;;;
2022-02-09 16:00:00;30.460612521581698;;;;;;;
2022-02-09 17:00:00;32.028051815987126;;;;;;;
2022-02-09 18:00:00;32.0490692607602;;;;;;;
2022-02-09 19:00:00;32.18031649567284;;;;;;;
2022-02-09 20:00:00;32.035430280641506;;;;;;;
2022-02-09 21:00:00;31.10887399192255;;;;;;;
2022-02-09 22:00:00;30.346283584411896;;;;;;;
2022-02-09 23:00:00;30.522770496548848;;;;;;;
2022-02-10 00:00:00;30.647310036321162;;;;;;;
2022-02-10 01:00:00;29.58898480306752;;;;;;;
2022-02-10 02:00:00;29.43008695818747;;;;;;;
2022-02-10 03:00:00;29.09895040809269;;;;;;;
2022-02-10 04:00:00;28.725555378613763;;;;;;;
2022-02-10 05:00:00;28.62575978091471;;;;;;;
2022-02-10 06:00:00;28.681359120633523;;;;;;;
2022-02-10 07:00:00;29.90133980676935;;;;;;;
2022-02-10 08:00:00;30.25125790325708;;;;;;;
2022-02-10 09:00:00;30.574121629345445;;;;;;;
2022-02-10 10:00:00;31.507460143150748;;;;;;;
2022-02-10 11:00:00;31.81966608696057;;;;;;;
2022-02-10 12:00:00;31.579679660828408;;;;;;;
2022-02-10 13:00:00;31.66352585008265;;;;;;;
2022-02-10 14:00:00;31.26143679139229;;;;;;;
2022-02-10 15:00:00;31.32523442517151;;;;;;;
2022-02-10 16:00:00;30.393237450394277;;;;;;;
2022-02-10 17:00:00;30.592605055954383;;;;;;;
2022-02-10 18:00:00;30.722585281784976;;;;;;;
2022-02-10 19:00:00;31.062739955346206;;;;;;;
2022-02-10 20:00:00;30.882153896179055;;;;;;;
2022-02-10 21:00:00;30.718038955078736;;;;;;;
2022-02-10 22:00:00;29.968863937848777;;;;;;;
2022-02-10 23:00:00;29.16923214717425;;;;;;;
2022-02-11 00:00:00;28.509194945364804;;;;;;;
2022-02-11 01:00:00;31.26016978231021;;;;;;;
2022-02-11 02:00:00;31.783295473310734;;;;;;;
2022-02-11 03:00:00;31.80975360414207;;;;;;;
2022-02-11 04:00:00;32.514210653769766;;;;;;;
2022-02-11 05:00:00;33.299607224757565;;;;;;;
2022-02-11 06:00:00;35.398668624007954;;;;;;;
2022-02-11 07:00:00;38.00408647640799;;;;;;;
2022-02-11 08:00:00;40.07691333466503;;;;;;;
2022-02-11 09:00:00;41.00846312976624;;;;;;;
2022-02-11 10:00:00;41.453555967300794;;;;;;;
2022-02-11 11:00:00;42.04003211240452;;;;;;;
2022-02-11 12:00:00;42.22255595016776;;;;;;;
2022-02-11 13:00:00;41.7100135114998;;;;;;;
2022-02-11 14:00:00;41.180180125358945;;;;;;;
2022-02-11 15:00:00;41.46585340839142;;;;;;;
2022-02-11 16:00:00;41.41949578197706;;;;;;;
2022-02-11 17:00:00;41.57295294079886;;;;;;;
2022-02-11 18:00:00;42.28970743151717;;;;;;;
2022-02-11 19:00:00;43.45118211004004;;;;;;;
2022-02-11 20:00:00;43.312258290688995;;;;;;;
2022-02-11 21:00:00;42.454791261915545;;;;;;;
2022-02-11 22:00:00;41.973998580245166;;;;;;;
2022-02-11 23:00:00;41.14053019408494;;;;;;;
2022-02-12 00:00:00;39.61281536089951;;;;;;;
2022-02-12 01:00:00;41.13367343905259;;;;;;;
2022-02-12 02:00:00;40.42899279958688;;;;;;;
2022-02-12 03:00:00;40.54682464421885;;;;;;;
2022-02-12 04:00:00;40.46402187420865;;;;;;;
2022-02-12 05:00:00;40.79784150235957;;;;;;;
2022-02-12 06:00:00;41.55909037084215;;;;;;;
2022-02-12 07:00:00;42.215028425621384;;;;;;;
2022-02-12 08:00:00;42.57612601400969;;;;;;;
2022-02-12 09:00:00;43.64518355948787;;;;;;;
2022-02-12 10:00:00;43.396998839295286;;;;;;;
2022-02-12 11:00:00;43.156788823325115;;;;;;;
2022-02-12 12:00:00;41.93792608637935;;;;;;;
2022-02-12 13:00:00;41.20715996581231;;;;;;;
2022-02-12 14:00:00;40.84516801807197;;;;;;;
2022-02-12 15:00:00;39.715368566600716;;;;;;;
2022-02-12 16:00:00;41.8246405684536;;;;;;;
2022-02-12 17:00:00;42.38555294207803;;;;;;;
2022-02-12 18:00:00;42.297384015955565;;;;;;;
2022-02-12 19:00:00;42.89243110484972;;;;;;;
2022-02-12 20:00:00;42.540202580035874;;;;;;;
2022-02-12 21:00:00;41.39572072920187;;;;;;;
2022-02-12 22:00:00;41.005780051710104;;;;;;;
2022-02-12 23:00:00;41.0864214532862;;;;;;;
2022-02-13 00:00:00;39.46755649613816;;;;;;;
2022-02-13 01:00:00;36.68989993852338;;;;;;;
2022-02-13 02:00:00;35.36475749857623;;;;;;;
2022-02-13 03:00:00;33.92647860059534;;;;;;;
2022-02-13 04:00:00;33.570747168319315;;;;;;;
2022-02-13 05:00:00;34.40987983037583;;;;;;;
2022-02-13 06:00:00;35.887808659630736;;;;;;;
2022-02-13 07:00:00;39.07627427961833;;;;;;;
2022-02-13 08:00:00;41.52301787697632;;;;;;;
2022-02-13 09:00:00;42.316091032402504;;;;;;;
2022-02-13 10:00:00;42.260268102845686;;;;;;;
2022-02-13 11:00:00;41.77381114527905;;;;;;;
2022-02-13 12:00:00;42.040702881918556;;;;;;;
2022-02-13 13:00:00;42.55205284145047;;;;;;;
2022-02-13 14:00:00;41.86667545799973;;;;;;;
2022-02-13 15:00:00;41.38096379989312;;;;;;;
2022-02-13 16:00:00;41.424489288359325;;;;;;;
2022-02-13 17:00:00;41.66946922087374;;;;;;;
2022-02-13 18:00:00;41.461903321253224;;;;;;;
2022-02-13 19:00:00;42.03705091456437;;;;;;;
2022-02-13 20:00:00;41.99904064210244;;;;;;;
2022-02-13 21:00:00;41.7238760814565;;;;;;;
2022-02-13 22:00:00;40.98714756520917;;;;;;;
2022-02-13 23:00:00;38.56432808051838;;;;;;;
2022-02-14 00:00:00;37.30030019629432;;;;;;;
2022-02-14 01:00:00;38.104254723837066;;;;;;;
2022-02-14 02:00:00;2.9742665551727305;;;;;;;
2022-02-14 03:00:00;2.876259676177764;;;;;;;
2022-02-14 04:00:00;2.972328776576633;;;;;;;
2022-02-14 05:00:00;38.52564703854242;;;;;;;
2022-02-14 06:00:00;40.12379267070141;;;;;;;
2022-02-14 07:00:00;41.44416519410432;;;;;;;
2022-02-14 08:00:00;41.92197667793454;;;;;;;
2022-02-14 09:00:00;42.688815292367394;;;;;;;
2022-02-14 10:00:00;6.876878117768509;;;;;;;
2022-02-14 11:00:00;6.457125461875237;;;;;;;
2022-02-14 12:00:00;6.195972531078002;;;;;;;
2022-02-14 13:00:00;5.554344225931485;;;;;;;
2022-02-14 14:00:00;5.272919149821223;;;;;;;
2022-02-14 15:00:00;5.424438530046902;;;;;;;
2022-02-14 16:00:00;5.894946079168746;;;;;;;
2022-02-14 17:00:00;6.060551619189139;;;;;;;
2022-02-14 18:00:00;6.849749217423134;;;;;;;
2022-02-14 19:00:00;7.387408247894383;;;;;;;
2022-02-14 20:00:00;5.990567999891592;;;;;;;
2022-02-14 21:00:00;5.833980583337659;;;;;;;
2022-02-14 22:00:00;5.767797991286303;;;;;;;
2022-02-14 23:00:00;3.5275023443587687;;;;;;;
2022-02-15 00:00:00;1.8123446969738466;;;;;;;
2022-02-15 01:00:00;2.4791641238696402;;;;;;;
2022-02-15 02:00:00;3.0657893288653693;;;;;;;
2022-02-15 03:00:00;4.758886112233173;;;;;;;
2022-02-15 04:00:00;4.796747324803091;;;;;;;
2022-02-15 05:00:00;5.30109146941065;;;;;;;
2022-02-15 06:00:00;6.693310860761207;;;;;;;
2022-02-15 07:00:00;8.731630354018506;;;;;;;
2022-02-15 08:00:00;9.070816138281696;;;;;;;
2022-02-15 09:00:00;8.909756924967532;;;;;;;
2022-02-15 10:00:00;8.682142469871998;;;;;;;
2022-02-15 11:00:00;8.259632205976585;;;;;;;
2022-02-15 12:00:00;7.798515430051217;;;;;;;
2022-02-15 13:00:00;7.1308016438033786;;;;;;;
2022-02-15 14:00:00;6.769927645253087;;;;;;;
2022-02-15 15:00:00;6.914664800392424;;;;;;;
2022-02-15 16:00:00;6.90117488016574;;;;;;;
2022-02-15 17:00:00;7.416027747159833;;;;;;;
2022-02-15 18:00:00;7.685229912125474;;;;;;;
2022-02-15 19:00:00;7.818787575364243;;;;;;;
2022-02-15 20:00:00;7.917018044197221;;;;;;;
2022-02-15 21:00:00;6.54656139707977;;;;;;;
2022-02-15 22:00:00;4.77677329927408;;;;;;;
2022-02-15 23:00:00;2.3859271614189144;;;;;;;
2022-02-16 00:00:00;1.3012183272799436;;;;;;;
2022-02-16 01:00:00;0.7863654602858516;;;;;;;
2022-02-16 02:00:00;0.0;;;;;;;
2022-02-16 03:00:00;33.72912330357733;;;;;;;
2022-02-16 04:00:00;32.981811534997476;;;;;;;
2022-02-16 05:00:00;32.78110239040931;;;;;;;
2022-02-16 06:00:00;33.32546911602088;;;;;;;
2022-02-16 07:00:00;36.176314080611355;;;;;;;
2022-02-16 08:00:00;36.95239440834869;;;;;;;
2022-02-16 09:00:00;37.35165132909093;;;;;;;
2022-02-16 10:00:00;36.59397989801652;;;;;;;
2022-02-16 11:00:00;31.472952778151;;;;;;;
2022-02-16 12:00:00;12.471841164272055;;;;;;;
2022-02-16 13:00:00;0.0;;;;;;;
2022-02-16 14:00:00;30.093999717189114;;;;;;;
2022-02-16 15:00:00;34.26603703458855;;;;;;;
2022-02-16 16:00:00;34.919962780825685;;;;;;;
2022-02-16 17:00:00;35.28076224942997;;;;;;;
2022-02-16 18:00:00;30.610045063319276;;;;;;;
2022-02-16 19:00:00;35.337032358662825;;;;;;;
2022-02-16 20:00:00;35.93856355285931;;;;;;;
2022-02-16 21:00:00;34.866748399379006;;;;;;;
2022-02-16 22:00:00;35.062762157368915;;;;;;;
2022-02-16 23:00:00;34.825086159562886;;;;;;;
2022-02-17 00:00:00;13.59433668103494;;;;;;;
2022-02-17 01:00:00;30.395696938612407;;;;;;;
2022-02-17 02:00:00;22.781494065028532;;;;;;;
2022-02-17 03:00:00;15.58182675111766;;;;;;;
2022-02-17 04:00:00;24.18951380493188;;;;;;;
2022-02-17 05:00:00;27.08030682058039;;;;;;;
2022-02-17 06:00:00;27.322380085200653;;;;;;;
2022-02-17 07:00:00;28.708711610816913;;;;;;;
2022-02-17 08:00:00;29.02546388133296;;;;;;;
2022-02-17 09:00:00;29.541658287355126;;;;;;;
2022-02-17 10:00:00;29.141208887476832;;;;;;;
2022-02-17 11:00:00;28.17679138618795;;;;;;;
2022-02-17 12:00:00;27.636523807606572;;;;;;;
2022-02-17 13:00:00;27.199778324024443;;;;;;;
2022-02-17 14:00:00;26.720103591544135;;;;;;;
2022-02-17 15:00:00;26.41781013055281;;;;;;;
2022-02-17 16:00:00;26.878330666910152;;;;;;;
2022-02-17 17:00:00;28.196765411716964;;;;;;;
2022-02-17 18:00:00;29.121234861947816;;;;;;;
2022-02-17 19:00:00;29.400200449839964;;;;;;;
2022-02-17 20:00:00;29.360475988619942;;;;;;;
2022-02-17 21:00:00;29.04849363464813;;;;;;;
2022-02-17 22:00:00;29.275511850175636;;;;;;;
2022-02-17 23:00:00;28.14034624259211;;;;;;;
2022-02-18 00:00:00;0.0;;;;;;;
2022-02-18 01:00:00;0.0;;;;;;;
2022-02-18 02:00:00;0.0;;;;;;;
2022-02-18 03:00:00;0.0;;;;;;;
2022-02-18 04:00:00;0.0;;;;;;;
2022-02-18 05:00:00;0.0;;;;;;;
2022-02-18 06:00:00;0.0;;;;;;;
2022-02-18 07:00:00;0.0;;;;;;;
2022-02-18 08:00:00;0.0;;;;;;;
2022-02-18 09:00:00;0.0;;;;;;;
2022-02-18 10:00:00;0.0;;;;;;;
2022-02-18 11:00:00;0.0;;;;;;;
2022-02-18 12:00:00;0.0;;;;;;;
2022-02-18 13:00:00;2.702903021772979;;;;;;;
2022-02-18 14:00:00;2.2738341226292342;;;;;;;
2022-02-18 15:00:00;2.569196298642203;;;;;;;
2022-02-18 16:00:00;3.7283605488389484;;;;;;;
2022-02-18 17:00:00;3.9877247609320916;;;;;;;
2022-02-18 18:00:00;4.281447278132977;;;;;;;
2022-02-18 19:00:00;4.377069198855823;;;;;;;
2022-02-18 20:00:00;4.378485267829894;;;;;;;
2022-02-18 21:00:00;4.418135199103904;;;;;;;
2022-02-18 22:00:00;3.235717605753981;;;;;;;
2022-02-18 23:00:00;1.3328935543315488;;;;;;;
2022-02-19 00:00:00;0.033538475701699676;;;;;;;
2022-02-19 01:00:00;0.0;;;;;;;
2022-02-19 02:00:00;0.0;;;;;;;
2022-02-19 03:00:00;0.0;;;;;;;
2022-02-19 04:00:00;0.0;;;;;;;
2022-02-19 05:00:00;0.0;;;;;;;
2022-02-19 06:00:00;0.0;;;;;;;
2022-02-19 07:00:00;0.0;;;;;;;
2022-02-19 08:00:00;0.0;;;;;;;
2022-02-19 09:00:00;0.0;;;;;;;
2022-02-19 10:00:00;0.0;;;;;;;
2022-02-19 11:00:00;0.0;;;;;;;
2022-02-19 12:00:00;0.0;;;;;;;
2022-02-19 13:00:00;0.0;;;;;;;
2022-02-19 14:00:00;0.0;;;;;;;
2022-02-19 15:00:00;0.0;;;;;;;
2022-02-19 16:00:00;0.0;;;;;;;
2022-02-19 17:00:00;0.0;;;;;;;
2022-02-19 18:00:00;0.0;;;;;;;
2022-02-19 19:00:00;0.0;;;;;;;
2022-02-19 20:00:00;0.0;;;;;;;
2022-02-19 21:00:00;0.0;;;;;;;
2022-02-19 22:00:00;0.0;;;;;;;
2022-02-19 23:00:00;0.0;;;;;;;
2022-02-20 00:00:00;0.0;;;;;;;
2022-02-20 01:00:00;0.0;;;;;;;
2022-02-20 02:00:00;0.0;;;;;;;
2022-02-20 03:00:00;0.0;;;;;;;
2022-02-20 04:00:00;0.0;;;;;;;
2022-02-20 05:00:00;0.0;;;;;;;
2022-02-20 06:00:00;0.0;;;;;;;
2022-02-20 07:00:00;0.0;;;;;;;
2022-02-20 08:00:00;0.0;;;;;;;
2022-02-20 09:00:00;0.0;;;;;;;
2022-02-20 10:00:00;0.0;;;;;;;
2022-02-20 11:00:00;0.0;;;;;;;
2022-02-20 12:00:00;0.0;;;;;;;
2022-02-20 13:00:00;0.0;;;;;;;
2022-02-20 14:00:00;0.0;;;;;;;
2022-02-20 15:00:00;1.987713659920734;;;;;;;
2022-02-20 16:00:00;3.8538689779093076;;;;;;;
2022-02-20 17:00:00;4.3171471222687865;;;;;;;
2022-02-20 18:00:00;4.355082864784709;;;;;;;
2022-02-20 19:00:00;4.593578691996795;;;;;;;
2022-02-20 20:00:00;2.836237095173736;;;;;;;
2022-02-20 21:00:00;2.606163151860076;;;;;;;
2022-02-20 22:00:00;2.2449165035797685;;;;;;;
2022-02-20 23:00:00;0.6741233616041635;;;;;;;
2022-02-21 00:00:00;0.0;;;;;;;
2022-02-21 01:00:00;0.0;;;;;;;
2022-02-21 02:00:00;0.0;;;;;;;
2022-02-21 03:00:00;0.0;;;;;;;
2022-02-21 04:00:00;0.0;;;;;;;
2022-02-21 05:00:00;0.0;;;;;;;
2022-02-21 06:00:00;0.0;;;;;;;
2022-02-21 07:00:00;0.0;;;;;;;
2022-02-21 08:00:00;0.0;;;;;;;
2022-02-21 09:00:00;0.0;;;;;;;
2022-02-21 10:00:00;0.0;;;;;;;
2022-02-21 11:00:00;3.2082905856245914;;;;;;;
2022-02-21 12:00:00;4.00941297521919;;;;;;;
2022-02-21 13:00:00;3.269181551509677;;;;;;;
2022-02-21 14:00:00;3.615522210589229;;;;;;;
2022-02-21 15:00:00;3.9931654469903677;;;;;;;
2022-02-21 16:00:00;2.5384154309426425;;;;;;;
2022-02-21 17:00:00;2.377207157736473;;;;;;;
2022-02-21 18:00:00;3.773525696117236;;;;;;;
2022-02-21 19:00:00;3.5705061232029474;;;;;;;
2022-02-21 20:00:00;3.398118358096211;;;;;;;
2022-02-21 21:00:00;3.4406749572643682;;;;;;;
2022-02-21 22:00:00;3.0111588784445997;;;;;;;
2022-02-21 23:00:00;1.6278085506684945;;;;;;;
2022-02-22 00:00:00;0.0;;;;;;;
2022-02-22 01:00:00;0.0;;;;;;;
2022-02-22 02:00:00;0.0;;;;;;;
2022-02-22 03:00:00;0.0776602037359357;;;;;;;
2022-02-22 04:00:00;0.5109027798558917;;;;;;;
2022-02-22 05:00:00;1.9172083310011612;;;;;;;
2022-02-22 06:00:00;4.0929610446894245;;;;;;;
2022-02-22 07:00:00;6.902143769463789;;;;;;;
2022-02-22 08:00:00;8.129055740577968;;;;;;;
2022-02-22 09:00:00;8.356446605835492;;;;;;;
2022-02-22 10:00:00;8.293394271516295;;;;;;;
2022-02-22 11:00:00;8.946723778185406;;;;;;;
2022-02-22 12:00:00;8.980336783833108;;;;;;;
2022-02-22 13:00:00;8.375004562390432;;;;;;;
2022-02-22 14:00:00;8.147911816916922;;;;;;;
2022-02-22 15:00:00;8.466378276191062;;;;;;;
2022-02-22 16:00:00;8.421585778642793;;;;;;;
2022-02-22 17:00:00;8.212827399886214;;;;;;;
2022-02-22 18:00:00;8.360992932541722;;;;;;;
2022-02-22 19:00:00;8.237198692229448;;;;;;;
2022-02-22 20:00:00;6.340933276055347;;;;;;;
2022-02-22 21:00:00;4.613031007903781;;;;;;;
2022-02-22 22:00:00;2.9004819086289917;;;;;;;
2022-02-22 23:00:00;0.9839443471418647;;;;;;;
2022-02-23 00:00:00;0.0;;;;;;;
2022-02-23 01:00:00;0.0;;;;;;;
2022-02-23 02:00:00;0.0;;;;;;;
2022-02-23 03:00:00;0.0;;;;;;;
2022-02-23 04:00:00;0.0;;;;;;;
2022-02-23 05:00:00;0.0;;;;;;;
2022-02-23 06:00:00;0.0;;;;;;;
2022-02-23 07:00:00;0.0;;;;;;;
2022-02-23 08:00:00;0.0;;;;;;;
2022-02-23 09:00:00;0.0;;;;;;;
2022-02-23 10:00:00;0.0;;;;;;;
2022-02-23 11:00:00;0.0;;;;;;;
2022-02-23 12:00:00;0.0;;;;;;;
2022-02-23 13:00:00;0.0;;;;;;;
2022-02-23 14:00:00;0.0;;;;;;;
2022-02-23 15:00:00;0.0;;;;;;;
2022-02-23 16:00:00;0.0;;;;;;;
2022-02-23 17:00:00;0.0;;;;;;;
2022-02-23 18:00:00;0.0;;;;;;;
2022-02-23 19:00:00;0.0;;;;;;;
2022-02-23 20:00:00;0.0;;;;;;;
2022-02-23 21:00:00;0.0;;;;;;;
2022-02-23 22:00:00;0.0;;;;;;;
2022-02-23 23:00:00;0.0;;;;;;;
2022-02-24 00:00:00;0.0;;;;;;;
2022-02-24 01:00:00;0.0;;;;;;;
2022-02-24 02:00:00;0.0;;;;;;;
2022-02-24 03:00:00;0.0;;;;;;;
2022-02-24 04:00:00;0.0;;;;;;;
2022-02-24 05:00:00;0.0;;;;;;;
2022-02-24 06:00:00;0.0;;;;;;;
2022-02-24 07:00:00;0.0;;;;;;;
2022-02-24 08:00:00;0.0;;;;;;;
2022-02-24 09:00:00;0.0;;;;;;;
2022-02-24 10:00:00;0.0;;;;;;;
2022-02-24 11:00:00;0.0;;;;;;;
2022-02-24 12:00:00;0.0;;;;;;;
2022-02-24 13:00:00;0.0;;;;;;;
2022-02-24 14:00:00;0.0;;;;;;;
2022-02-24 15:00:00;0.0;;;;;;;
2022-02-24 16:00:00;0.0;;;;;;;
2022-02-24 17:00:00;0.0;;;;;;;
2022-02-24 18:00:00;0.0;;;;;;;
2022-02-24 19:00:00;0.0;;;;;;;
2022-02-24 20:00:00;0.0;;;;;;;
2022-02-24 21:00:00;0.0;;;;;;;
2022-02-24 22:00:00;0.0;;;;;;;
2022-02-24 23:00:00;0.0;;;;;;;
2022-02-25 00:00:00;0.0;;;;;;;
2022-02-25 01:00:00;0.0;;;;;;;
2022-02-25 02:00:00;0.0;;;;;;;
2022-02-25 03:00:00;0.0;;;;;;;
2022-02-25 04:00:00;0.0;;;;;;;
2022-02-25 05:00:00;0.0;;;;;;;
2022-02-25 06:00:00;0.0;;;;;;;
2022-02-25 07:00:00;0.0;;;;;;;
2022-02-25 08:00:00;0.0;;;;;;;
2022-02-25 09:00:00;3.352058851465877;;;;;;;
2022-02-25 10:00:00;7.999969874099426;;;;;;;
2022-02-25 11:00:00;7.50874299998853;;;;;;;
2022-02-25 12:00:00;7.199965433694884;;;;;;;
2022-02-25 13:00:00;5.7107825825934135;;;;;;;
2022-02-25 14:00:00;5.157770383245388;;;;;;;
2022-02-25 15:00:00;5.3597465369156225;;;;;;;
2022-02-25 16:00:00;5.977078079664909;;;;;;;
2022-02-25 17:00:00;6.543952848969638;;;;;;;
2022-02-25 18:00:00;42.153094040492256;;;;;;;
2022-02-25 19:00:00;42.34262369317986;;;;;;;
2022-02-25 20:00:00;42.478566314690745;;;;;;;
2022-02-25 21:00:00;42.29149615022128;;;;;;;
2022-02-25 22:00:00;41.31992377411603;;;;;;;
2022-02-25 23:00:00;40.05515059043193;;;;;;;
2022-02-26 00:00:00;37.526274992577775;;;;;;;
2022-02-26 01:00:00;37.4577819722003;;;;;;;
2022-02-26 02:00:00;37.51323225202711;;;;;;;
2022-02-26 03:00:00;38.450968032646635;;;;;;;
2022-02-26 04:00:00;38.45953897643709;;;;;;;
2022-02-26 05:00:00;38.488903775162555;;;;;;;
2022-02-26 06:00:00;40.163069952245394;;;;;;;
2022-02-26 07:00:00;42.488925977185275;;;;;;;
2022-02-26 08:00:00;43.05624792616602;;;;;;;
2022-02-26 09:00:00;42.964054382959354;;;;;;;
2022-02-26 10:00:00;42.15935455595657;;;;;;;
2022-02-26 11:00:00;40.99124671223937;;;;;;;
2022-02-26 12:00:00;39.44214178455086;;;;;;;
2022-02-26 13:00:00;39.453470336343436;;;;;;;
2022-02-26 14:00:00;40.01550065915792;;;;;;;
2022-02-26 15:00:00;39.58471757125609;;;;;;;
2022-02-26 16:00:00;40.919399844291725;;;;;;;
2022-02-26 17:00:00;41.03760433865373;;;;;;;
2022-02-26 18:00:00;41.453555967300794;;;;;;;
2022-02-26 19:00:00;41.97370046046116;;;;;;;
2022-02-26 20:00:00;42.10919590229602;;;;;;;
2022-02-26 21:00:00;42.39114268802831;;;;;;;
2022-02-26 22:00:00;41.814877145527106;;;;;;;
2022-02-26 23:00:00;41.37328721545474;;;;;;;
2022-02-27 00:00:00;41.01271133668846;;;;;;;
2022-02-27 01:00:00;40.44099212089349;;;;;;;
2022-02-27 02:00:00;40.63298126179921;;;;;;;
2022-02-27 03:00:00;40.083173850129356;;;;;;;
2022-02-27 04:00:00;40.25131340831387;;;;;;;
2022-02-27 05:00:00;40.48064205216749;;;;;;;
2022-02-27 06:00:00;41.27915589365197;;;;;;;
2022-02-27 07:00:00;42.24834331148508;;;;;;;
2022-02-27 08:00:00;42.542363948469976;;;;;;;
2022-02-27 09:00:00;42.29239050957331;;;;;;;
2022-02-27 10:00:00;41.696821711057126;;;;;;;
2022-02-27 11:00:00;41.43477442090785;;;;;;;
2022-02-27 12:00:00;40.904717444928984;;;;;;;
2022-02-27 13:00:00;40.45641981971627;;;;;;;
2022-02-27 14:00:00;39.899084883500024;;;;;;;
2022-02-27 15:00:00;40.028021690086554;;;;;;;
2022-02-27 16:00:00;40.734192928472346;;;;;;;
2022-02-27 17:00:00;41.0373062188697;;;;;;;
2022-02-27 18:00:00;41.25821297882491;;;;;;;
2022-02-27 19:00:00;41.32379933130823;;;;;;;
2022-02-27 20:00:00;41.4319422829597;;;;;;;
2022-02-27 21:00:00;39.38139987855779;;;;;;;
2022-02-27 22:00:00;38.52266584070227;;;;;;;
2022-02-27 23:00:00;35.11634918854564;;;;;;;
2022-02-28 00:00:00;33.807677866665315;;;;;;;
2022-02-28 01:00:00;33.63417215236852;;;;;;;
2022-02-28 02:00:00;32.30045876863094;;;;;;;
2022-02-28 03:00:00;32.340406819688965;;;;;;;
2022-02-28 04:00:00;32.34599656563925;;;;;;;
2022-02-28 05:00:00;32.29158970505649;;;;;;;
2022-02-28 06:00:00;33.124461851648704;;;;;;;
2022-02-28 07:00:00;35.58409912966535;;;;;;;
2022-02-28 08:00:00;35.71348311592792;;;;;;;
2022-02-28 09:00:00;35.65758565642507;;;;;;;
2022-02-28 10:00:00;35.82952624185579;;;;;;;
2022-02-28 11:00:00;35.321753719732044;;;;;;;
2022-02-28 12:00:00;34.7721698979002;;;;;;;
2022-02-28 13:00:00;33.89040610672951;;;;;;;
2022-02-28 14:00:00;33.52945757823322;;;;;;;
2022-02-28 15:00:00;34.12808210453556;;;;;;;
2022-02-28 16:00:00;35.12104457514388;;;;;;;
2022-02-28 17:00:00;35.01416863257446;;;;;;;
2022-02-28 18:00:00;35.4331759890077;;;;;;;
2022-02-28 19:00:00;34.9833877648749;;;;;;;
2022-02-28 20:00:00;33.41423428171138;;;;;;;
2022-02-28 21:00:00;33.31086124660414;;;;;;;
2022-02-28 22:00:00;33.169999648657;;;;;;;
2022-02-28 23:00:00;32.3827398290191;;;;;;;
2022-03-01 00:00:00;32.31797330594181;;;;;;;
2022-03-01 01:00:00;32.92762826425272;;;;;;;
2022-03-01 02:00:00;33.69401969900956;;;;;;;
2022-03-01 03:00:00;34.08567456525941;;;;;;;
2022-03-01 04:00:00;34.22102094720226;;;;;;;
2022-03-01 05:00:00;35.27219130563954;;;;;;;
2022-03-01 06:00:00;37.87604402917349;;;;;;;
2022-03-01 07:00:00;39.98255842302425;;;;;;;
2022-03-01 08:00:00;40.153977298832935;;;;;;;
2022-03-01 09:00:00;41.011295267714395;;;;;;;
2022-03-01 10:00:00;41.25739314941886;;;;;;;
2022-03-01 11:00:00;41.67625144596008;;;;;;;
2022-03-01 12:00:00;42.86679280342442;;;;;;;
2022-03-01 13:00:00;42.52559471061913;;;;;;;
2022-03-01 14:00:00;41.291155214958565;;;;;;;
2022-03-01 15:00:00;42.164124472500816;;;;;;;
2022-03-01 16:00:00;42.453375192941465;;;;;;;
2022-03-01 17:00:00;42.47416904787652;;;;;;;
2022-03-01 18:00:00;42.54616497571618;;;;;;;
2022-03-01 19:00:00;41.92167855815052;;;;;;;
2022-03-01 20:00:00;42.18007388094561;;;;;;;
2022-03-01 21:00:00;41.52778779352056;;;;;;;
2022-03-01 22:00:00;40.93035574635429;;;;;;;
2022-03-01 23:00:00;40.59005201290104;;;;;;;
2022-03-02 00:00:00;40.0209413452162;;;;;;;
2022-03-02 01:00:00;36.63899598540281;;;;;;;
2022-03-02 02:00:00;34.452436429543994;;;;;;;
2022-03-02 03:00:00;33.950402713262555;;;;;;;
2022-03-02 04:00:00;34.07799798082102;;;;;;;
2022-03-02 05:00:00;34.15804314282907;;;;;;;
2022-03-02 06:00:00;34.02120616196614;;;;;;;
2022-03-02 07:00:00;33.751780407162485;;;;;;;
2022-03-02 08:00:00;34.187780591284586;;;;;;;
2022-03-02 09:00:00;34.39981828766533;;;;;;;
2022-03-02 10:00:00;34.38819161608873;;;;;;;
2022-03-02 11:00:00;33.98185435047615;;;;;;;
2022-03-02 12:00:00;33.62284360057595;;;;;;;
2022-03-02 13:00:00;33.102624577469584;;;;;;;
2022-03-02 14:00:00;32.892897309414955;;;;;;;
2022-03-02 15:00:00;32.33750015179481;;;;;;;
2022-03-02 16:00:00;32.98106623553742;;;;;;;
2022-03-02 17:00:00;33.23946155833252;;;;;;;
2022-03-02 18:00:00;33.30855081827802;;;;;;;
2022-03-02 19:00:00;33.63223437377243;;;;;;;
2022-03-02 20:00:00;33.858954469515915;;;;;;;
2022-03-02 21:00:00;33.13608852322528;;;;;;;
2022-03-02 22:00:00;32.61251565254875;;;;;;;
2022-03-02 23:00:00;30.451668928061242;;;;;;;
2022-03-03 00:00:00;30.060312181595403;;;;;;;
2022-03-03 01:00:00;29.504318784407232;;;;;;;
2022-03-03 02:00:00;29.137407860230642;;;;;;;
2022-03-03 03:00:00;28.418864650808224;;;;;;;
2022-03-03 04:00:00;27.83536970354465;;;;;;;
2022-03-03 05:00:00;28.012154735465607;;;;;;;
2022-03-03 06:00:00;27.911017598738486;;;;;;;
2022-03-03 07:00:00;28.504574088712566;;;;;;;
2022-03-03 08:00:00;28.703867164326667;;;;;;;
2022-03-03 09:00:00;30.111365194608;;;;;;;
2022-03-03 10:00:00;31.1809444497082;;;;;;;
2022-03-03 11:00:00;31.94532357592294;;;;;;;
2022-03-03 12:00:00;31.975731793892486;;;;;;;
2022-03-03 13:00:00;31.987358465469065;;;;;;;
2022-03-03 14:00:00;31.759669480427526;;;;;;;
2022-03-03 15:00:00;31.117295875820975;;;;;;;
2022-03-03 16:00:00;31.158809055745078;;;;;;;
2022-03-03 17:00:00;30.744795205694096;;;;;;;
2022-03-03 18:00:00;31.218656602386112;;;;;;;
2022-03-03 19:00:00;31.16857247867157;;;;;;;
2022-03-03 20:00:00;31.358102131359175;;;;;;;
2022-03-03 21:00:00;31.4018512096634;;;;;;;
2022-03-03 22:00:00;31.205539331889444;;;;;;;
2022-03-03 23:00:00;30.10599903849572;;;;;;;
2022-03-04 00:00:00;29.58026479938508;;;;;;;
2022-03-04 01:00:00;27.691377847865354;;;;;;;
2022-03-04 02:00:00;26.88079015512828;;;;;;;
2022-03-04 03:00:00;27.413455679217268;;;;;;;
2022-03-04 04:00:00;27.169444636000904;;;;;;;
2022-03-04 05:00:00;27.144998813711663;;;;;;;
2022-03-04 06:00:00;29.077783903427612;;;;;;;
2022-03-04 07:00:00;33.58110683081384;;;;;;;
2022-03-04 08:00:00;35.93207944755698;;;;;;;
2022-03-04 09:00:00;37.36529030920961;;;;;;;
2022-03-04 10:00:00;38.3733078289107;;;;;;;
2022-03-04 11:00:00;38.34684969807935;;;;;;;
2022-03-04 12:00:00;37.686887026215906;;;;;;;
2022-03-04 13:00:00;37.223981531586446;;;;;;;
2022-03-04 14:00:00;37.3608185124494;;;;;;;
2022-03-04 15:00:00;36.32768440094504;;;;;;;
2022-03-04 16:00:00;36.95783509440696;;;;;;;
2022-03-04 17:00:00;36.62155597803792;;;;;;;
2022-03-04 18:00:00;37.037507606685;;;;;;;
2022-03-04 19:00:00;37.21980785461024;;;;;;;
2022-03-04 20:00:00;37.81440776382837;;;;;;;
2022-03-04 21:00:00;37.69396737108627;;;;;;;
2022-03-04 22:00:00;36.768081851881334;;;;;;;
2022-03-04 23:00:00;35.912329011865985;;;;;;;
2022-03-05 00:00:00;35.234479152961626;;;;;;;
2022-03-05 01:00:00;34.68034900442355;;;;;;;
2022-03-05 02:00:00;34.08410943639334;;;;;;;
2022-03-05 03:00:00;34.50199884363651;;;;;;;
2022-03-05 04:00:00;33.97000408906154;;;;;;;
2022-03-05 05:00:00;34.614464532156205;;;;;;;
2022-03-05 06:00:00;35.96226407568851;;;;;;;
2022-03-05 07:00:00;38.443067858370235;;;;;;;
2022-03-05 08:00:00;41.00689800090017;;;;;;;
2022-03-05 09:00:00;44.18015951190298;;;;;;;
2022-03-05 10:00:00;42.623005350046064;;;;;;;
2022-03-05 11:00:00;41.79728807827023;;;;;;;
2022-03-05 12:00:00;41.96088130974851;;;;;;;
2022-03-05 13:00:00;41.311203770433586;;;;;;;
2022-03-05 14:00:00;40.76750781433603;;;;;;;
2022-03-05 15:00:00;39.65380683120159;;;;;;;
2022-03-05 16:00:00;38.98430432624966;;;;;;;
2022-03-05 17:00:00;40.04024460123118;;;;;;;
2022-03-05 18:00:00;40.56240140293365;;;;;;;
2022-03-05 19:00:00;41.029629634431316;;;;;;;
2022-03-05 20:00:00;41.89604025672522;;;;;;;
2022-03-05 21:00:00;41.43514707063787;;;;;;;
2022-03-05 22:00:00;40.098899668736145;;;;;;;
2022-03-05 23:00:00;14.9057656109174;;;;;;;
2022-03-06 00:00:00;0.0;;;;;;;
2022-03-06 01:00:00;0.0;;;;;;;
2022-03-06 02:00:00;0.0;;;;;;;
2022-03-06 03:00:00;0.0;;;;;;;
2022-03-06 04:00:00;0.0;;;;;;;
2022-03-06 05:00:00;0.0;;;;;;;
2022-03-06 06:00:00;0.0;;;;;;;
2022-03-06 07:00:00;0.0;;;;;;;
2022-03-06 08:00:00;0.0;;;;;;;
2022-03-06 09:00:00;2.4753630966234472;;;;;;;
2022-03-06 10:00:00;3.175944589058952;;;;;;;
2022-03-06 11:00:00;2.751794666351457;;;;;;;
2022-03-06 12:00:00;2.416037259604441;;;;;;;
2022-03-06 13:00:00;2.8096299044503876;;;;;;;
2022-03-06 14:00:00;3.3895474143057767;;;;;;;
2022-03-06 15:00:00;3.2252834133134525;;;;;;;
2022-03-06 16:00:00;3.256735050527046;;;;;;;
2022-03-06 17:00:00;2.474170617487387;;;;;;;
2022-03-06 18:00:00;36.51162430768235;;;;;;;
2022-03-06 19:00:00;36.913713366372725;;;;;;;
2022-03-06 20:00:00;36.93756294909394;;;;;;;
2022-03-06 21:00:00;37.50317070931659;;;;;;;
2022-03-06 22:00:00;36.326342861916956;;;;;;;
2022-03-06 23:00:00;35.925073632632625;;;;;;;
2022-03-07 00:00:00;35.24938514216238;;;;;;;
2022-03-07 01:00:00;35.80105580248233;;;;;;;
2022-03-07 02:00:00;35.38652024280933;;;;;;;
2022-03-07 03:00:00;35.22091470278893;;;;;;;
2022-03-07 04:00:00;35.67062839697573;;;;;;;
2022-03-07 05:00:00;36.31754832828852;;;;;;;
2022-03-07 06:00:00;36.916321914482864;;;;;;;
2022-03-07 07:00:00;37.959890218427745;;;;;;;
2022-03-07 08:00:00;38.02696716983114;;;;;;;
2022-03-07 09:00:00;38.28618232203228;;;;;;;
2022-03-07 10:00:00;37.8150040033964;;;;;;;
2022-03-07 11:00:00;37.625399820762794;;;;;;;
2022-03-07 12:00:00;37.67950856156153;;;;;;;
2022-03-07 13:00:00;37.03415375911483;;;;;;;
2022-03-07 14:00:00;37.80084331365568;;;;;;;
2022-03-07 15:00:00;37.394655107935094;;;;;;;
2022-03-07 16:00:00;36.82286136219412;;;;;;;
2022-03-07 17:00:00;38.59130792097175;;;;;;;
2022-03-07 18:00:00;38.601145873844246;;;;;;;
2022-03-07 19:00:00;35.90666473596969;;;;;;;
2022-03-07 20:00:00;36.75339945251861;;;;;;;
2022-03-07 21:00:00;36.990702800594626;;;;;;;
2022-03-07 22:00:00;35.78383938495547;;;;;;;
2022-03-07 23:00:00;33.58252289978791;;;;;;;
2022-03-08 00:00:00;31.421601645354396;;;;;;;
2022-03-08 01:00:00;31.212992326489832;;;;;;;
2022-03-08 02:00:00;31.348785888108704;;;;;;;
2022-03-08 03:00:00;0.0;;;;;;;
2022-03-08 04:00:00;0.0;;;;;;;
2022-03-08 05:00:00;0.0;;;;;;;
2022-03-08 06:00:00;0.0;;;;;;;
2022-03-08 07:00:00;26.15002403456124;;;;;;;
2022-03-08 08:00:00;37.587985787868895;;;;;;;
2022-03-08 09:00:00;6.777306109907464;;;;;;;
2022-03-08 10:00:00;6.2154248469849875;;;;;;;
2022-03-08 11:00:00;5.354902090425378;;;;;;;
2022-03-08 12:00:00;5.027566567576789;;;;;;;
2022-03-08 13:00:00;5.273664449281261;;;;;;;
2022-03-08 14:00:00;4.64597324403745;;;;;;;
2022-03-08 15:00:00;5.100307794876476;;;;;;;
2022-03-08 16:00:00;5.684622571546087;;;;;;;
2022-03-08 17:00:00;6.973021748113381;;;;;;;
2022-03-08 18:00:00;7.2595148605519;;;;;;;
2022-03-08 19:00:00;7.296332653877767;;;;;;;
2022-03-08 20:00:00;6.90452872773591;;;;;;;
2022-03-08 21:00:00;3.7464713257178652;;;;;;;
2022-03-08 22:00:00;0.9819320385997626;;;;;;;
2022-03-08 23:00:00;0.0;;;;;;;
2022-03-09 00:00:00;0.0;;;;;;;
2022-03-09 01:00:00;0.0;;;;;;;
2022-03-09 02:00:00;0.0;;;;;;;
2022-03-09 03:00:00;0.0;;;;;;;
2022-03-09 04:00:00;0.0;;;;;;;
2022-03-09 05:00:00;0.0;;;;;;;
2022-03-09 06:00:00;0.0;;;;;;;
2022-03-09 07:00:00;0.0;;;;;;;
2022-03-09 08:00:00;0.0;;;;;;;
2022-03-09 09:00:00;0.0;;;;;;;
2022-03-09 10:00:00;0.0;;;;;;;
2022-03-09 11:00:00;0.0;;;;;;;
2022-03-09 12:00:00;0.0;;;;;;;
2022-03-09 13:00:00;0.0;;;;;;;
2022-03-09 14:00:00;0.0;;;;;;;
2022-03-09 15:00:00;0.0;;;;;;;
2022-03-09 16:00:00;0.0;;;;;;;
2022-03-09 17:00:00;29.804152757180425;;;;;;;
2022-03-09 18:00:00;31.120649723391143;;;;;;;
2022-03-09 19:00:00;30.81865438218384;;;;;;;
2022-03-09 20:00:00;31.418247797784222;;;;;;;
2022-03-09 21:00:00;30.801959674278994;;;;;;;
2022-03-09 22:00:00;30.488635781279108;;;;;;;
2022-03-09 23:00:00;30.021482079727438;;;;;;;
2022-03-10 00:00:00;30.253493801637195;;;;;;;
2022-03-10 01:00:00;24.967084731589296;;;;;;;
2022-03-10 02:00:00;0.0;;;;;;;
2022-03-10 03:00:00;0.0;;;;;;;
2022-03-10 04:00:00;0.0;;;;;;;
2022-03-10 05:00:00;0.0;;;;;;;
2022-03-10 06:00:00;0.0;;;;;;;
2022-03-10 07:00:00;5.304445316980821;;;;;;;
2022-03-10 08:00:00;0.0;;;;;;;
2022-03-10 09:00:00;0.0;;;;;;;
2022-03-10 10:00:00;0.0;;;;;;;
2022-03-10 11:00:00;0.0;;;;;;;
2022-03-10 12:00:00;0.0;;;;;;;
2022-03-10 13:00:00;0.0;;;;;;;
2022-03-10 14:00:00;0.0;;;;;;;
2022-03-10 15:00:00;0.0;;;;;;;
2022-03-10 16:00:00;0.0;;;;;;;
2022-03-10 17:00:00;0.0;;;;;;;
2022-03-10 18:00:00;0.0;;;;;;;
2022-03-10 19:00:00;0.0;;;;;;;
2022-03-10 20:00:00;0.0;;;;;;;
2022-03-10 21:00:00;0.0;;;;;;;
2022-03-10 22:00:00;0.0;;;;;;;
2022-03-10 23:00:00;0.0;;;;;;;
2022-03-11 00:00:00;0.0;;;;;;;
2022-03-11 01:00:00;0.0;;;;;;;
2022-03-11 02:00:00;0.0;;;;;;;
2022-03-11 03:00:00;0.0;;;;;;;
2022-03-11 04:00:00;0.0;;;;;;;
2022-03-11 05:00:00;0.0;;;;;;;
2022-03-11 06:00:00;0.0;;;;;;;
2022-03-11 07:00:00;0.0;;;;;;;
2022-03-11 08:00:00;0.0;;;;;;;
2022-03-11 09:00:00;0.0;;;;;;;
2022-03-11 10:00:00;0.0;;;;;;;
2022-03-11 11:00:00;0.0;;;;;;;
2022-03-11 12:00:00;33.31898501071855;;;;;;;
2022-03-11 13:00:00;33.0787749947484;;;;;;;
2022-03-11 14:00:00;33.14190185901358;;;;;;;
2022-03-11 15:00:00;0.0;;;;;;;
2022-03-11 16:00:00;33.40156419089074;;;;;;;
2022-03-11 17:00:00;34.12644244572347;;;;;;;
2022-03-11 18:00:00;34.4703981465309;;;;;;;
2022-03-11 19:00:00;34.515414233917184;;;;;;;
2022-03-11 20:00:00;34.7208932950496;;;;;;;
2022-03-11 21:00:00;34.36851571034374;;;;;;;
2022-03-11 22:00:00;34.20700931735357;;;;;;;
2022-03-11 23:00:00;34.1110892768467;;;;;;;
2022-03-12 00:00:00;33.46454199526393;;;;;;;
2022-03-12 01:00:00;32.67914542427612;;;;;;;
2022-03-12 02:00:00;32.50832278803547;;;;;;;
2022-03-12 03:00:00;32.39123624286354;;;;;;;
2022-03-12 04:00:00;31.740664344196563;;;;;;;
2022-03-12 05:00:00;31.742676652738666;;;;;;;
2022-03-12 06:00:00;33.1146984287222;;;;;;;
2022-03-12 07:00:00;35.241410437939976;;;;;;;
2022-03-12 08:00:00;35.46634181497937;;;;;;;
2022-03-12 09:00:00;35.934166286045084;;;;;;;
2022-03-12 10:00:00;35.750002789469754;;;;;;;
2022-03-12 11:00:00;0.8979367894535061;;;;;;;
2022-03-12 12:00:00;33.248703271636984;;;;;;;
2022-03-12 13:00:00;2.0721560887430135;;;;;;;
2022-03-12 14:00:00;1.5965805032929121;;;;;;;
2022-03-12 15:00:00;1.908935506994742;;;;;;;
2022-03-12 16:00:00;37.42826811358281;;;;;;;
2022-03-12 17:00:00;37.569800481043984;;;;;;;
2022-03-12 18:00:00;37.573005268722135;;;;;;;
2022-03-12 19:00:00;37.359924153097346;;;;;;;
2022-03-12 20:00:00;38.09948480729282;;;;;;;
2022-03-12 21:00:00;38.118266353685776;;;;;;;
2022-03-12 22:00:00;37.02655170462245;;;;;;;
2022-03-12 23:00:00;35.635599322353954;;;;;;;
2022-03-13 00:00:00;33.896666622193834;;;;;;;
2022-03-13 01:00:00;32.39779487811186;;;;;;;
2022-03-13 02:00:00;31.857899949260506;;;;;;;
2022-03-13 03:00:00;31.17788872192204;;;;;;;
2022-03-13 04:00:00;31.6170936937223;;;;;;;
2022-03-13 05:00:00;31.704368260492725;;;;;;;
2022-03-13 06:00:00;32.02089694117078;;;;;;;
2022-03-13 07:00:00;34.77455485617232;;;;;;;
2022-03-13 08:00:00;37.121726445669275;;;;;;;
2022-03-13 09:00:00;38.51469113647986;;;;;;;
2022-03-13 10:00:00;38.898445828453305;;;;;;;
2022-03-13 11:00:00;39.55840850031675;;;;;;;
2022-03-13 12:00:00;38.16253714161202;;;;;;;
2022-03-13 13:00:00;39.6954690710177;;;;;;;
2022-03-13 14:00:00;39.24687332602098;;;;;;;
2022-03-13 15:00:00;38.57349526387684;;;;;;;
2022-03-13 16:00:00;38.05379795039251;;;;;;;
2022-03-13 17:00:00;38.47109111806765;;;;;;;
2022-03-13 18:00:00;39.19373347452028;;;;;;;
2022-03-13 19:00:00;37.67123573755511;;;;;;;
2022-03-13 20:00:00;38.03531452378357;;;;;;;
2022-03-13 21:00:00;38.00393741651598;;;;;;;
2022-03-13 22:00:00;37.26802872967468;;;;;;;
2022-03-13 23:00:00;35.410071705746525;;;;;;;
2022-03-14 00:00:00;34.262683187018375;;;;;;;
2022-03-14 01:00:00;33.404918038460906;;;;;;;
2022-03-14 02:00:00;32.13925049542476;;;;;;;
2022-03-14 03:00:00;32.36149879440803;;;;;;;
2022-03-14 04:00:00;31.252120548141804;;;;;;;
2022-03-14 05:00:00;30.746285804614168;;;;;;;
2022-03-14 06:00:00;31.686182953667807;;;;;;;
2022-03-14 07:00:00;33.02235582562352;;;;;;;
2022-03-14 08:00:00;35.514935339773835;;;;;;;
2022-03-14 09:00:00;36.740803891643964;;;;;;;
2022-03-14 10:00:00;37.04287376279727;;;;;;;
2022-03-14 11:00:00;37.161301846997276;;;;;;;
2022-03-14 12:00:00;36.923551319245234;;;;;;;
2022-03-14 13:00:00;36.36286253545881;;;;;;;
2022-03-14 14:00:00;35.9285020101488;;;;;;;
2022-03-14 15:00:00;35.34664672169732;;;;;;;
2022-03-14 16:00:00;35.480726094558094;;;;;;;
2022-03-14 17:00:00;35.939905091887375;;;;;;;
2022-03-14 18:00:00;36.45304377012338;;;;;;;
2022-03-14 19:00:00;36.142701074963654;;;;;;;
2022-03-14 20:00:00;36.70935225443037;;;;;;;
2022-03-14 21:00:00;36.81540836759375;;;;;;;
2022-03-14 22:00:00;35.50308507835924;;;;;;;
2022-03-14 23:00:00;34.002201025735175;;;;;;;
2022-03-15 00:00:00;33.52468766168897;;;;;;;
2022-03-15 01:00:00;31.949869902629167;;;;;;;
2022-03-15 02:00:00;31.55515930859317;;;;;;;
2022-03-15 03:00:00;31.414372240592037;;;;;;;
2022-03-15 04:00:00;31.39059718781682;;;;;;;
2022-03-15 05:00:00;31.801331720243635;;;;;;;
2022-03-15 06:00:00;33.2645781501358;;;;;;;
2022-03-15 07:00:00;32.95162690686594;;;;;;;
2022-03-15 08:00:00;33.398135813374566;;;;;;;
2022-03-15 09:00:00;33.38382606374183;;;;;;;
2022-03-15 10:00:00;33.254367547533285;;;;;;;
2022-03-15 11:00:00;32.706646974351514;;;;;;;
2022-03-15 12:00:00;32.588517009935536;;;;;;;
2022-03-15 13:00:00;32.25961635822087;;;;;;;
2022-03-15 14:00:00;31.980650770328722;;;;;;;
2022-03-15 15:00:00;32.76410956272043;;;;;;;
2022-03-15 16:00:00;33.18393674855971;;;;;;;
2022-03-15 17:00:00;32.59611906442792;;;;;;;
2022-03-15 18:00:00;32.67139430989173;;;;;;;
2022-03-15 19:00:00;32.260957897248936;;;;;;;
2022-03-15 20:00:00;32.51659561204188;;;;;;;
2022-03-15 21:00:00;32.48596380423435;;;;;;;
2022-03-15 22:00:00;32.135523998124576;;;;;;;
2022-03-15 23:00:00;31.667326877328858;;;;;;;
2022-03-16 00:00:00;30.8828991956391;;;;;;;
2022-03-16 01:00:00;29.202397973145928;;;;;;;
2022-03-16 02:00:00;28.023110637528166;;;;;;;
2022-03-16 03:00:00;28.08064775584308;;;;;;;
2022-03-16 04:00:00;28.2585507369541;;;;;;;
2022-03-16 05:00:00;28.409846527341763;;;;;;;
2022-03-16 06:00:00;28.158606079363032;;;;;;;
2022-03-16 07:00:00;28.25042697283968;;;;;;;
2022-03-16 08:00:00;27.39415242320229;;;;;;;
2022-03-16 09:00:00;27.19553011710223;;;;;;;
2022-03-16 10:00:00;27.254259714553196;;;;;;;
2022-03-16 11:00:00;27.531585643633257;;;;;;;
2022-03-16 12:00:00;19.670837708668884;;;;;;;
2022-03-16 13:00:00;27.092976911401028;;;;;;;
2022-03-16 14:00:00;18.400549308980512;;;;;;;
2022-03-16 15:00:00;0.0;;;;;;;
2022-03-16 16:00:00;27.345633428353835;;;;;;;
2022-03-16 17:00:00;27.23704329702634;;;;;;;
2022-03-16 18:00:00;27.324168803904747;;;;;;;
2022-03-16 19:00:00;27.36240266620468;;;;;;;
2022-03-16 20:00:00;27.4575028773055;;;;;;;
2022-03-16 21:00:00;27.19426310802016;;;;;;;
2022-03-16 22:00:00;26.603687815886236;;;;;;;
2022-03-16 23:00:00;26.195785421407564;;;;;;;
2022-03-17 00:00:00;26.69282563130675;;;;;;;
2022-03-17 01:00:00;26.46409322702116;;;;;;;
2022-03-17 02:00:00;25.846463564487856;;;;;;;
2022-03-17 03:00:00;25.69322999550409;;;;;;;
2022-03-17 04:00:00;25.999920723309632;;;;;;;
2022-03-17 05:00:00;26.73150667328271;;;;;;;
2022-03-17 06:00:00;27.715451020424574;;;;;;;
2022-03-17 07:00:00;28.6848620280957;;;;;;;
2022-03-17 08:00:00;28.704836053624714;;;;;;;
2022-03-17 09:00:00;29.51236801857564;;;;;;;
2022-03-17 10:00:00;0.0;;;;;;;
2022-03-17 11:00:00;0.0;;;;;;;
2022-03-17 12:00:00;0.0;;;;;;;
2022-03-17 13:00:00;0.0;;;;;;;
2022-03-17 14:00:00;0.0;;;;;;;
2022-03-17 15:00:00;0.0;;;;;;;
2022-03-17 16:00:00;0.0;;;;;;;
2022-03-17 17:00:00;29.695562625852926;;;;;;;
2022-03-17 18:00:00;29.659490131987095;;;;;;;
2022-03-17 19:00:00;30.346432644303906;;;;;;;
2022-03-17 20:00:00;30.580084025025748;;;;;;;
2022-03-17 21:00:00;29.99256446067798;;;;;;;
2022-03-17 22:00:00;30.121054087588487;;;;;;;
2022-03-17 23:00:00;29.913190068183955;;;;;;;
2022-03-18 00:00:00;29.686917152116486;;;;;;;
2022-03-18 01:00:00;29.671638513185712;;;;;;;
2022-03-18 02:00:00;30.223011053721653;;;;;;;
2022-03-18 03:00:00;30.40650378078295;;;;;;;
2022-03-18 04:00:00;30.742112127637956;;;;;;;
2022-03-18 05:00:00;31.387094280354646;;;;;;;
2022-03-18 06:00:00;32.76127742477229;;;;;;;
2022-03-18 07:00:00;35.21286546862054;;;;;;;
2022-03-18 08:00:00;36.75980902787494;;;;;;;
2022-03-18 09:00:00;37.56272013617362;;;;;;;
2022-03-18 10:00:00;1.8939549878479824;;;;;;;
2022-03-18 11:00:00;1.771427756617773;;;;;;;
2022-03-18 12:00:00;1.7745580143499315;;;;;;;
2022-03-18 13:00:00;0.01699282768886117;;;;;;;
2022-03-18 14:00:00;0.034656424891756334;;;;;;;
2022-03-18 15:00:00;35.60079383757019;;;;;;;
2022-03-18 16:00:00;37.15481774169495;;;;;;;
2022-03-18 17:00:00;36.75489005143868;;;;;;;
2022-03-18 18:00:00;37.33518021102409;;;;;;;
2022-03-18 19:00:00;38.03032101740132;;;;;;;
2022-03-18 20:00:00;38.476159154395916;;;;;;;
2022-03-18 21:00:00;38.22901785344739;;;;;;;
2022-03-18 22:00:00;38.069151119269286;;;;;;;
2022-03-18 23:00:00;37.84407068233788;;;;;;;
2022-03-19 00:00:00;37.86963445381718;;;;;;;
2022-03-19 01:00:00;37.17777296506412;;;;;;;
2022-03-19 02:00:00;37.50592831731874;;;;;;;
2022-03-19 03:00:00;37.84384709249987;;;;;;;
2022-03-19 04:00:00;39.36604670968101;;;;;;;
2022-03-19 05:00:00;40.28179615622942;;;;;;;
2022-03-19 06:00:00;41.8246405684536;;;;;;;
2022-03-19 07:00:00;42.847713137247446;;;;;;;
2022-03-19 08:00:00;43.263217586218516;;;;;;;
2022-03-19 09:00:00;42.27226742415228;;;;;;;
2022-03-19 10:00:00;41.60522440741849;;;;;;;
2022-03-19 11:00:00;41.074273072087585;;;;;;;
2022-03-19 12:00:00;6.7163406140763735;;;;;;;
2022-03-19 13:00:00;6.30664950089361;;;;;;;
2022-03-19 14:00:00;6.546188747349751;;;;;;;
2022-03-19 15:00:00;42.32779223392511;;;;;;;
2022-03-19 16:00:00;42.32674881468105;;;;;;;
2022-03-19 17:00:00;41.98361294327967;;;;;;;
2022-03-19 18:00:00;42.105842054725855;;;;;;;
2022-03-19 19:00:00;42.420880136483824;;;;;;;
2022-03-19 20:00:00;42.76923310410548;;;;;;;
2022-03-19 21:00:00;42.696342816913784;;;;;;;
2022-03-19 22:00:00;42.446145788179095;;;;;;;
2022-03-19 23:00:00;42.23053065439018;;;;;;;
2022-03-20 00:00:00;42.65095407979747;;;;;;;
2022-03-20 01:00:00;41.16669020513227;;;;;;;
2022-03-20 02:00:00;39.76671969939731;;;;;;;
2022-03-20 03:00:00;38.775471417547074;;;;;;;
2022-03-20 04:00:00;38.63639853830402;;;;;;;
2022-03-20 05:00:00;39.274598465934375;;;;;;;
2022-03-20 06:00:00;39.91481070210682;;;;;;;
2022-03-20 07:00:00;42.0138721013572;;;;;;;
2022-03-20 08:00:00;41.77641969338916;;;;;;;
2022-03-20 09:00:00;41.947614979359834;;;;;;;
2022-03-20 10:00:00;6.607005183288833;;;;;;;
2022-03-20 11:00:00;6.679970000426529;;;;;;;
2022-03-20 12:00:00;6.089767358022619;;;;;;;
2022-03-20 13:00:00;5.9627683300321825;;;;;;;
2022-03-20 14:00:00;4.809566475515741;;;;;;;
2022-03-20 15:00:00;4.967868080827763;;;;;;;
2022-03-20 16:00:00;6.074712308929858;;;;;;;
2022-03-20 17:00:00;6.933297286893368;;;;;;;
2022-03-20 18:00:00;43.1091641878287;;;;;;;
2022-03-20 19:00:00;43.269105451952804;;;;;;;
2022-03-20 20:00:00;43.27156494017093;;;;;;;
2022-03-20 21:00:00;7.547125922180476;;;;;;;
2022-03-20 22:00:00;42.32734505424908;;;;;;;
2022-03-20 23:00:00;41.158268321233834;;;;;;;
2022-03-21 00:00:00;41.21945740690294;;;;;;;
2022-03-21 01:00:00;6.635252032824263;;;;;;;
2022-03-21 02:00:00;6.17838346382111;;;;;;;
2022-03-21 03:00:00;5.9664948273323715;;;;;;;
2022-03-21 04:00:00;5.633196908803481;;;;;;;
2022-03-21 05:00:00;41.49029923068066;;;;;;;
2022-03-21 06:00:00;42.40955158469125;;;;;;;
2022-03-21 07:00:00;41.21655073900878;;;;;;;
2022-03-21 08:00:00;40.64833443067599;;;;;;;
2022-03-21 09:00:00;5.09389821952015;;;;;;;
2022-03-21 10:00:00;5.183110564886672;;;;;;;
2022-03-21 11:00:00;4.979122102674334;;;;;;;
2022-03-21 12:00:00;4.834459477481002;;;;;;;
2022-03-21 13:00:00;4.209824000023347;;;;;;;
2022-03-21 14:00:00;5.268149233276981;;;;;;;
2022-03-21 15:00:00;5.37346004698032;;;;;;;
2022-03-21 16:00:00;5.6403517836198445;;;;;;;
2022-03-21 17:00:00;41.3428789974852;;;;;;;
2022-03-21 18:00:00;41.67051264011779;;;;;;;
2022-03-21 19:00:00;41.46264862071325;;;;;;;
2022-03-21 20:00:00;41.68914512661875;;;;;;;
2022-03-21 21:00:00;41.995537734640266;;;;;;;
2022-03-21 22:00:00;42.1936383311183;;;;;;;
2022-03-21 23:00:00;41.418750482517034;;;;;;;
2022-03-22 00:00:00;41.16534866610419;;;;;;;
2022-03-22 01:00:00;40.747161139077;;;;;;;
2022-03-22 02:00:00;39.72051113287497;;;;;;;
2022-03-22 03:00:00;39.781178508922046;;;;;;;
2022-03-22 04:00:00;39.81561134397579;;;;;;;
2022-03-22 05:00:00;40.64483152321382;;;;;;;
2022-03-22 06:00:00;42.07215451913215;;;;;;;
2022-03-22 07:00:00;42.5507113024224;;;;;;;
2022-03-22 08:00:00;42.56994002849137;;;;;;;
2022-03-22 09:00:00;42.762152759235114;;;;;;;
2022-03-22 10:00:00;42.365131736872996;;;;;;;
2022-03-22 11:00:00;6.656418537489337;;;;;;;
2022-03-22 12:00:00;5.303401897736768;;;;;;;
2022-03-22 13:00:00;4.6955356581299625;;;;;;;
2022-03-22 14:00:00;3.758470647024472;;;;;;;
2022-03-22 15:00:00;4.021486826471804;;;;;;;
2022-03-22 16:00:00;39.75330430911663;;;;;;;
2022-03-22 17:00:00;40.2952860764561;;;;;;;
2022-03-22 18:00:00;41.151486096147494;;;;;;;
2022-03-22 19:00:00;41.63212971792585;;;;;;;
2022-03-22 20:00:00;41.98629602133579;;;;;;;
2022-03-22 21:00:00;42.12738120912095;;;;;;;
2022-03-22 22:00:00;41.08977530085636;;;;;;;
2022-03-22 23:00:00;39.70366736507812;;;;;;;
2022-03-23 00:00:00;37.33898123827028;;;;;;;
2022-03-23 01:00:00;37.10965259441666;;;;;;;
2022-03-23 02:00:00;35.29961832576893;;;;;;;
2022-03-23 03:00:00;33.52289894298489;;;;;;;
2022-03-23 04:00:00;32.82336086979344;;;;;;;
2022-03-23 05:00:00;33.19608512975832;;;;;;;
2022-03-23 06:00:00;33.58975230455028;;;;;;;
2022-03-23 07:00:00;32.41359522666466;;;;;;;
2022-03-23 08:00:00;32.51592484252785;;;;;;;
2022-03-23 09:00:00;32.918312021002244;;;;;;;
2022-03-23 10:00:00;0.0;;;;;;;
2022-03-23 11:00:00;0.0;;;;;;;
2022-03-23 12:00:00;0.0;;;;;;;
2022-03-23 13:00:00;0.0;;;;;;;
2022-03-23 14:00:00;0.0;;;;;;;
2022-03-23 15:00:00;0.0;;;;;;;
2022-03-23 16:00:00;0.0;;;;;;;
2022-03-23 17:00:00;32.016797794140565;;;;;;;
2022-03-23 18:00:00;33.473187469000365;;;;;;;
2022-03-23 19:00:00;33.45373515309339;;;;;;;
2022-03-23 20:00:00;33.50627876502604;;;;;;;
2022-03-23 21:00:00;33.787554781244296;;;;;;;
2022-03-23 22:00:00;33.95450186029276;;;;;;;
2022-03-23 23:00:00;33.690442261601376;;;;;;;
2022-03-24 00:00:00;33.57313212659143;;;;;;;
2022-03-24 01:00:00;32.589113249503576;;;;;;;
2022-03-24 02:00:00;29.65867030258105;;;;;;;
2022-03-24 03:00:00;28.571427450277955;;;;;;;
2022-03-24 04:00:00;28.151525734492676;;;;;;;
2022-03-24 05:00:00;28.157637190064982;;;;;;;
2022-03-24 06:00:00;28.673831596087147;;;;;;;
2022-03-24 07:00:00;29.157307355813646;;;;;;;
2022-03-24 08:00:00;29.47338885681566;;;;;;;
2022-03-24 09:00:00;29.456843208802823;;;;;;;
2022-03-24 10:00:00;29.169306677120254;;;;;;;
2022-03-24 11:00:00;0.0;;;;;;;
2022-03-24 12:00:00;0.0;;;;;;;
2022-03-24 13:00:00;0.0;;;;;;;
2022-03-24 14:00:00;0.0;;;;;;;
2022-03-24 15:00:00;0.0;;;;;;;
2022-03-24 16:00:00;27.832015855974483;;;;;;;
2022-03-24 17:00:00;28.408877638043716;;;;;;;
2022-03-24 18:00:00;29.2214776393229;;;;;;;
2022-03-24 19:00:00;29.97050359666085;;;;;;;
2022-03-24 20:00:00;30.389660012986102;;;;;;;
2022-03-24 21:00:00;30.340097598893585;;;;;;;
2022-03-24 22:00:00;29.355855131967704;;;;;;;
2022-03-24 23:00:00;28.617785076692304;;;;;;;
2022-03-25 00:00:00;28.280462541079206;;;;;;;
2022-03-25 01:00:00;27.363893265124755;;;;;;;
2022-03-25 02:00:00;27.029999107027837;;;;;;;
2022-03-25 03:00:00;27.42470970106384;;;;;;;
2022-03-25 04:00:00;28.153165393304754;;;;;;;
2022-03-25 05:00:00;28.150854964978638;;;;;;;
2022-03-25 06:00:00;29.25076790810238;;;;;;;
2022-03-25 07:00:00;31.50977057147686;;;;;;;
2022-03-25 08:00:00;33.0986744903314;;;;;;;
2022-03-25 09:00:00;33.614570776569536;;;;;;;
2022-03-25 10:00:00;33.14175279912157;;;;;;;
2022-03-25 11:00:00;0.0;;;;;;;
2022-03-25 12:00:00;0.0;;;;;;;
2022-03-25 13:00:00;0.0;;;;;;;
2022-03-25 14:00:00;0.0;;;;;;;
2022-03-25 15:00:00;0.0;;;;;;;
2022-03-25 16:00:00;33.69796978614776;;;;;;;
2022-03-25 17:00:00;34.55618211438125;;;;;;;
2022-03-25 18:00:00;34.9103484177912;;;;;;;
2022-03-25 19:00:00;36.141881245557606;;;;;;;
2022-03-25 20:00:00;36.29377327551331;;;;;;;
2022-03-25 21:00:00;36.37456373698141;;;;;;;
2022-03-25 22:00:00;34.9340489406204;;;;;;;
2022-03-25 23:00:00;33.4520209643353;;;;;;;
2022-03-26 00:00:00;33.18430939828973;;;;;;;
2022-03-26 01:00:00;33.1087360330419;;;;;;;
2022-03-26 02:00:00;33.16366460324669;;;;;;;
2022-03-26 03:00:00;33.089581836918924;;;;;;;
2022-03-26 04:00:00;33.82332915532611;;;;;;;
2022-03-26 05:00:00;34.228175822018635;;;;;;;
2022-03-26 06:00:00;35.42065495807906;;;;;;;
2022-03-26 07:00:00;37.380867067924406;;;;;;;
2022-03-26 08:00:00;38.96917474721089;;;;;;;
2022-03-26 09:00:00;38.764068335808496;;;;;;;
2022-03-26 10:00:00;37.982249202228886;;;;;;;
2022-03-26 11:00:00;2.6465583825941237;;;;;;;
2022-03-26 12:00:00;2.7163184120536585;;;;;;;
2022-03-26 13:00:00;1.7551056984429458;;;;;;;
2022-03-26 14:00:00;2.615255805272537;;;;;;;
2022-03-26 15:00:00;2.4342225664293626;;;;;;;
2022-03-26 16:00:00;38.81504681887509;;;;;;;
2022-03-26 17:00:00;39.10213617088164;;;;;;;
2022-03-26 18:00:00;39.48835035107321;;;;;;;
2022-03-26 19:00:00;39.437744517736625;;;;;;;
2022-03-26 20:00:00;39.248289394995034;;;;;;;
2022-03-26 21:00:00;39.09967668266351;;;;;;;
2022-03-26 22:00:00;39.32438446986489;;;;;;;
2022-03-26 23:00:00;39.17211979017918;;;;;;;
2022-03-27 00:00:00;39.119278058462505;;;;;;;
2022-03-27 01:00:00;38.50321352479528;;;;;;;
2022-03-27 02:00:00;38.21992520003493;;;;;;;
2022-03-27 03:00:00;37.98418698082498;;;;;;;
2022-03-27 04:00:00;37.91047686422724;;;;;;;
2022-03-27 05:00:00;38.45931538659906;;;;;;;
2022-03-27 06:00:00;40.38897021858284;;;;;;;
2022-03-27 07:00:00;41.48023768797015;;;;;;;
2022-03-27 08:00:00;42.54899711366431;;;;;;;
2022-03-27 09:00:00;42.10785436326796;;;;;;;
2022-03-27 10:00:00;41.10699171838324;;;;;;;
2022-03-27 11:00:00;5.868338888445398;;;;;;;
2022-03-27 12:00:00;5.945253792721296;;;;;;;
2022-03-27 13:00:00;6.054067513886809;;;;;;;
2022-03-27 14:00:00;6.05861384059304;;;;;;;
2022-03-27 15:00:00;4.99760552928327;;;;;;;
2022-03-27 16:00:00;5.405582453707946;;;;;;;
2022-03-27 17:00:00;42.22971082498413;;;;;;;
2022-03-27 18:00:00;42.6256138981562;;;;;;;
2022-03-27 19:00:00;42.762152759235114;;;;;;;
2022-03-27 20:00:00;43.269030922006806;;;;;;;
2022-03-27 21:00:00;43.15321138591693;;;;;;;
2022-03-27 22:00:00;42.565915411407175;;;;;;;
2022-03-27 23:00:00;42.3159419725105;;;;;;;
2022-03-28 00:00:00;42.10688547396991;;;;;;;
2022-03-28 01:00:00;41.65761895945914;;;;;;;
2022-03-28 02:00:00;41.09059513026241;;;;;;;
2022-03-28 03:00:00;40.0287669895466;;;;;;;
2022-03-28 04:00:00;40.27672811990116;;;;;;;
2022-03-28 05:00:00;39.78572483562827;;;;;;;
2022-03-28 06:00:00;40.56299764250167;;;;;;;
2022-03-28 07:00:00;41.803101414058524;;;;;;;
2022-03-28 08:00:00;42.332189500739325;;;;;;;
2022-03-28 09:00:00;41.69220085440489;;;;;;;
2022-03-28 10:00:00;41.6488244258307;;;;;;;
2022-03-28 11:00:00;6.0010021923321215;;;;;;;
2022-03-28 12:00:00;6.396085436098144;;;;;;;
2022-03-28 13:00:00;5.769363120152381;;;;;;;
2022-03-28 14:00:00;5.226561523406873;;;;;;;
2022-03-28 15:00:00;5.867071879363335;;;;;;;
2022-03-28 16:00:00;6.5921737240340805;;;;;;;
2022-03-28 17:00:00;42.999307047419144;;;;;;;
2022-03-28 18:00:00;42.596919868944745;;;;;;;
2022-03-28 19:00:00;42.768040624969416;;;;;;;
2022-03-28 20:00:00;43.00370431423336;;;;;;;
2022-03-28 21:00:00;42.99006533411467;;;;;;;
2022-03-28 22:00:00;42.62688090723825;;;;;;;
2022-03-28 23:00:00;42.41476868091151;;;;;;;
2022-03-29 00:00:00;41.92018795923045;;;;;;;
2022-03-29 01:00:00;41.35316413003372;;;;;;;
2022-03-29 02:00:00;40.637527588505435;;;;;;;
2022-03-29 03:00:00;39.64068956070493;;;;;;;
2022-03-29 04:00:00;40.14115814812028;;;;;;;
2022-03-29 05:00:00;40.43055792845295;;;;;;;
2022-03-29 06:00:00;40.84874545548015;;;;;;;
2022-03-29 07:00:00;41.9033441914336;;;;;;;
2022-03-29 08:00:00;42.51150855082441;;;;;;;
2022-03-29 09:00:00;41.72767710870269;;;;;;;
2022-03-29 10:00:00;5.6451962301100895;;;;;;;
2022-03-29 11:00:00;5.139137896744443;;;;;;;
2022-03-29 12:00:00;3.8154860557173627;;;;;;;
2022-03-29 13:00:00;3.177062538249009;;;;;;;
2022-03-29 14:00:00;2.8474165870743025;;;;;;;
2022-03-29 15:00:00;3.01272400731068;;;;;;;
2022-03-29 16:00:00;3.8676570179200076;;;;;;;
2022-03-29 17:00:00;4.178372362809753;;;;;;;
2022-03-29 18:00:00;40.37801431652031;;;;;;;
2022-03-29 19:00:00;40.49666599055831;;;;;;;
2022-03-29 20:00:00;40.058951617678126;;;;;;;
2022-03-29 21:00:00;40.14562994488052;;;;;;;
2022-03-29 22:00:00;40.39813740194131;;;;;;;
2022-03-29 23:00:00;38.33447772704273;;;;;;;
2022-03-30 00:00:00;37.90935891503719;;;;;;;
2022-03-30 01:00:00;35.60109195735421;;;;;;;
2022-03-30 02:00:00;33.73009219287539;;;;;;;
2022-03-30 03:00:00;32.58419427306731;;;;;;;
2022-03-30 04:00:00;32.02760463631111;;;;;;;
2022-03-30 05:00:00;32.61229206271074;;;;;;;
2022-03-30 06:00:00;32.873221403669966;;;;;;;
2022-03-30 07:00:00;33.08667516902478;;;;;;;
2022-03-30 08:00:00;0.0;;;;;;;
2022-03-30 09:00:00;0.0;;;;;;;
2022-03-30 10:00:00;0.0;;;;;;;
2022-03-30 11:00:00;0.0;;;;;;;
2022-03-30 12:00:00;0.0;;;;;;;
2022-03-30 13:00:00;0.0;;;;;;;
2022-03-30 14:00:00;0.0;;;;;;;
2022-03-30 15:00:00;0.0;;;;;;;
2022-03-30 16:00:00;0.0;;;;;;;
2022-03-30 17:00:00;0.0;;;;;;;
2022-03-30 18:00:00;0.0;;;;;;;
2022-03-30 19:00:00;0.0;;;;;;;
2022-03-30 20:00:00;0.0;;;;;;;
2022-03-30 21:00:00;0.0;;;;;;;
2022-03-30 22:00:00;0.0;;;;;;;
2022-03-30 23:00:00;0.0;;;;;;;
2022-03-31 00:00:00;0.0;;;;;;;
2022-03-31 01:00:00;0.0;;;;;;;
2022-03-31 02:00:00;0.0;;;;;;;
2022-03-31 03:00:00;0.0;;;;;;;
2022-03-31 04:00:00;0.0;;;;;;;
2022-03-31 05:00:00;0.0;;;;;;;
2022-03-31 06:00:00;0.0;;;;;;;
2022-03-31 07:00:00;0.0;;;;;;;
2022-03-31 08:00:00;0.0;;;;;;;
2022-03-31 09:00:00;0.0;;;;;;;
2022-03-31 10:00:00;0.0;;;;;;;
2022-03-31 11:00:00;0.0;;;;;;;
2022-03-31 12:00:00;0.0;;;;;;;
2022-03-31 13:00:00;0.0;;;;;;;
2022-03-31 14:00:00;0.0;;;;;;;
2022-03-31 15:00:00;0.0;;;;;;;
2022-03-31 16:00:00;0.0;;;;;;;
2022-03-31 17:00:00;0.0;;;;;;;
2022-03-31 18:00:00;0.0;;;;;;;
2022-03-31 19:00:00;0.0;;;;;;;
2022-03-31 20:00:00;0.0;;;;;;;
2022-03-31 21:00:00;0.0;;;;;;;
2022-03-31 22:00:00;0.0;;;;;;;
2022-03-31 23:00:00;0.0;;;;;;;
2022-04-01 00:00:00;27.257315442339355;;;;;;;
2022-04-01 01:00:00;0.0;;;;;;;
2022-04-01 02:00:00;0.0;;;;;;;
2022-04-01 03:00:00;0.0;;;;;;;
2022-04-01 04:00:00;0.0;;;;;;;
2022-04-01 05:00:00;0.0;;;;;;;
2022-04-01 06:00:00;0.0;;;;;;;
2022-04-01 07:00:00;0.0;;;;;;;
2022-04-01 08:00:00;0.0;;;;;;;
2022-04-01 09:00:00;0.0;;;;;;;
2022-04-01 10:00:00;0.0;;;;;;;
2022-04-01 11:00:00;0.0;;;;;;;
2022-04-01 12:00:00;0.0;;;;;;;
2022-04-01 13:00:00;0.0;;;;;;;
2022-04-01 14:00:00;0.0;;;;;;;
2022-04-01 15:00:00;0.0;;;;;;;
2022-04-01 16:00:00;0.0;;;;;;;
2022-04-01 17:00:00;0.0;;;;;;;
2022-04-01 18:00:00;0.0;;;;;;;
2022-04-01 19:00:00;0.0;;;;;;;
2022-04-01 20:00:00;0.0;;;;;;;
2022-04-01 21:00:00;0.0;;;;;;;
2022-04-01 22:00:00;0.0;;;;;;;
2022-04-01 23:00:00;0.0;;;;;;;
2022-04-02 00:00:00;0.0;;;;;;;
2022-04-02 01:00:00;0.0;;;;;;;
2022-04-02 02:00:00;0.0;;;;;;;
2022-04-02 03:00:00;0.0;;;;;;;
2022-04-02 04:00:00;30.872912182874586;;;;;;;
2022-04-02 05:00:00;19.01348358491557;;;;;;;
2022-04-02 06:00:00;35.89928627131531;;;;;;;
2022-04-02 07:00:00;36.67886950651483;;;;;;;
2022-04-02 08:00:00;1.1713126313953603;;;;;;;
2022-04-02 09:00:00;0.9425802271097683;;;;;;;
2022-04-02 10:00:00;0.09122465390862311;;;;;;;
2022-04-02 11:00:00;0.0;;;;;;;
2022-04-02 12:00:00;0.0;;;;;;;
2022-04-02 13:00:00;0.0;;;;;;;
2022-04-02 14:00:00;0.0;;;;;;;
2022-04-02 15:00:00;0.0;;;;;;;
2022-04-02 16:00:00;0.0;;;;;;;
2022-04-02 17:00:00;0.0;;;;;;;
2022-04-02 18:00:00;0.0;;;;;;;
2022-04-02 19:00:00;0.0;;;;;;;
2022-04-02 20:00:00;0.0;;;;;;;
2022-04-02 21:00:00;0.0;;;;;;;
2022-04-02 22:00:00;0.0;;;;;;;
2022-04-02 23:00:00;0.0;;;;;;;
2022-04-03 00:00:00;0.0;;;;;;;
2022-04-03 01:00:00;31.241015586187242;;;;;;;
2022-04-03 02:00:00;31.26881525604665;;;;;;;
2022-04-03 03:00:00;31.536824941876247;;;;;;;
2022-04-03 04:00:00;32.27452234742162;;;;;;;
2022-04-03 05:00:00;34.282806272439394;;;;;;;
2022-04-03 06:00:00;37.04287376279727;;;;;;;
2022-04-03 07:00:00;37.94602764847105;;;;;;;
2022-04-03 08:00:00;38.07839283257375;;;;;;;
2022-04-03 09:00:00;38.03360033502547;;;;;;;
2022-04-03 10:00:00;37.77758997050251;;;;;;;
2022-04-03 11:00:00;37.267357960160645;;;;;;;
2022-04-03 12:00:00;37.59946339955348;;;;;;;
2022-04-03 13:00:00;37.7377164493905;;;;;;;
2022-04-03 14:00:00;37.54833585659489;;;;;;;
2022-04-03 15:00:00;37.05345701512981;;;;;;;
2022-04-03 16:00:00;37.09944199181414;;;;;;;
2022-04-03 17:00:00;37.481482495029496;;;;;;;
2022-04-03 18:00:00;37.41790845108828;;;;;;;
2022-04-03 19:00:00;38.046792135468145;;;;;;;
2022-04-03 20:00:00;38.322701995574135;;;;;;;
2022-04-03 21:00:00;38.24921546881441;;;;;;;
2022-04-03 22:00:00;37.783925015912835;;;;;;;
2022-04-03 23:00:00;36.84350615723717;;;;;;;
2022-04-04 00:00:00;37.105478917440436;;;;;;;
2022-04-04 01:00:00;36.84514581604927;;;;;;;
2022-04-04 02:00:00;36.29138831724119;;;;;;;
2022-04-04 03:00:00;35.94363158918756;;;;;;;
2022-04-04 04:00:00;36.72008456665492;;;;;;;
2022-04-04 05:00:00;37.46128487966248;;;;;;;
2022-04-04 06:00:00;37.049730517829616;;;;;;;
2022-04-04 07:00:00;37.53737995453233;;;;;;;
2022-04-04 08:00:00;37.226888199480605;;;;;;;
2022-04-04 09:00:00;1.8080219601056275;;;;;;;
2022-04-04 10:00:00;1.4790467784449557;;;;;;;
2022-04-04 11:00:00;1.4106282880134884;;;;;;;
2022-04-04 12:00:00;0.36556938514852644;;;;;;;
2022-04-04 13:00:00;0.2055535910784171;;;;;;;
2022-04-04 14:00:00;0.6595154921874232;;;;;;;
2022-04-04 15:00:00;0.5367646711192023;;;;;;;
2022-04-04 16:00:00;1.0555676252514945;;;;;;;
2022-04-04 17:00:00;1.4128641863936016;;;;;;;
2022-04-04 18:00:00;1.6012758898911499;;;;;;;
2022-04-04 19:00:00;0.9749262236754078;;;;;;;
2022-04-04 20:00:00;1.6989846491021017;;;;;;;
2022-04-04 21:00:00;1.594344604912799;;;;;;;
2022-04-04 22:00:00;0.9558465574984407;;;;;;;
2022-04-04 23:00:00;0.8273569305879293;;;;;;;
2022-04-05 00:00:00;0.44598719688660193;;;;;;;
2022-04-05 01:00:00;0.0;;;;;;;
2022-04-05 02:00:00;0.0;;;;;;;
2022-04-05 03:00:00;0.0;;;;;;;
2022-04-05 04:00:00;1.0552695054674794;;;;;;;
2022-04-05 05:00:00;0.8872790071749658;;;;;;;
2022-04-05 06:00:00;38.104776433459094;;;;;;;
2022-04-05 07:00:00;38.71338797252592;;;;;;;
2022-04-05 08:00:00;3.7047345559557514;;;;;;;
2022-04-05 09:00:00;3.2702249707537296;;;;;;;
2022-04-05 10:00:00;2.8327341877115586;;;;;;;
2022-04-05 11:00:00;2.344339451548808;;;;;;;
2022-04-05 12:00:00;2.6202493116547902;;;;;;;
2022-04-05 13:00:00;3.1643924474283662;;;;;;;
2022-04-05 14:00:00;3.1796710863591406;;;;;;;
2022-04-05 15:00:00;3.089638911586578;;;;;;;
2022-04-05 16:00:00;3.0616156518891575;;;;;;;
2022-04-05 17:00:00;2.991855622429622;;;;;;;
2022-04-05 18:00:00;5.102469163310584;;;;;;;
2022-04-05 19:00:00;22.267013847764456;;;;;;;
2022-04-05 20:00:00;3.9569438932325323;;;;;;;
2022-04-05 21:00:00;3.745129786689798;;;;;;;
2022-04-05 22:00:00;2.6724202738574343;;;;;;;
2022-04-05 23:00:00;2.0749882266911572;;;;;;;
2022-04-06 00:00:00;0.0;;;;;;;
2022-04-06 01:00:00;0.0;;;;;;;
2022-04-06 02:00:00;0.0;;;;;;;
2022-04-06 03:00:00;0.0;;;;;;;
2022-04-06 04:00:00;31.986613166009025;;;;;;;
2022-04-06 05:00:00;30.765961710359168;;;;;;;
2022-04-06 06:00:00;30.37527573340737;;;;;;;
2022-04-06 07:00:00;30.584183172055955;;;;;;;
2022-04-06 08:00:00;30.5297763114732;;;;;;;
2022-04-06 09:00:00;0.0;;;;;;;
2022-04-06 10:00:00;0.0;;;;;;;
2022-04-06 11:00:00;0.0;;;;;;;
2022-04-06 12:00:00;0.0;;;;;;;
2022-04-06 13:00:00;0.0;;;;;;;
2022-04-06 14:00:00;0.0;;;;;;;
2022-04-06 15:00:00;0.0;;;;;;;
2022-04-06 16:00:00;0.0;;;;;;;
2022-04-06 17:00:00;28.899284682748565;;;;;;;
2022-04-06 18:00:00;29.25605953426865;;;;;;;
2022-04-06 19:00:00;29.38641240982926;;;;;;;
2022-04-06 20:00:00;29.522280501394143;;;;;;;
2022-04-06 21:00:00;29.310988104473434;;;;;;;
2022-04-06 22:00:00;29.417193277528817;;;;;;;
2022-04-06 23:00:00;29.10670152247708;;;;;;;
2022-04-07 00:00:00;27.221615598203545;;;;;;;
2022-04-07 01:00:00;24.419960397975565;;;;;;;
2022-04-07 02:00:00;23.093178299216326;;;;;;;
2022-04-07 03:00:00;23.300371549106828;;;;;;;
2022-04-07 04:00:00;23.566741576124326;;;;;;;
2022-04-07 05:00:00;24.146510026087707;;;;;;;
2022-04-07 06:00:00;24.39476927622628;;;;;;;
2022-04-07 07:00:00;24.54226403936776;;;;;;;
2022-04-07 08:00:00;24.590559444378208;;;;;;;
2022-04-07 09:00:00;0.0;;;;;;;
2022-04-07 10:00:00;0.0;;;;;;;
2022-04-07 11:00:00;0.0;;;;;;;
2022-04-07 12:00:00;0.0;;;;;;;
2022-04-07 13:00:00;0.0;;;;;;;
2022-04-07 14:00:00;0.0;;;;;;;
2022-04-07 15:00:00;0.0;;;;;;;
2022-04-07 16:00:00;0.0;;;;;;;
2022-04-07 17:00:00;26.05425305394639;;;;;;;
2022-04-07 18:00:00;26.826308764599514;;;;;;;
2022-04-07 19:00:00;18.838263681860695;;;;;;;
2022-04-07 20:00:00;0.0;;;;;;;
2022-04-07 21:00:00;26.498153412344884;;;;;;;
2022-04-07 22:00:00;26.7628837805503;;;;;;;
2022-04-07 23:00:00;26.686416055950424;;;;;;;
2022-04-08 00:00:00;0.0;;;;;;;
2022-04-08 01:00:00;0.0;;;;;;;
2022-04-08 02:00:00;0.0;;;;;;;
2022-04-08 03:00:00;0.0;;;;;;;
2022-04-08 04:00:00;0.0;;;;;;;
2022-04-08 05:00:00;29.160214023707795;;;;;;;
2022-04-08 06:00:00;0.0;;;;;;;
2022-04-08 07:00:00;0.0;;;;;;;
2022-04-08 08:00:00;0.0;;;;;;;
2022-04-08 09:00:00;0.0;;;;;;;
2022-04-08 10:00:00;0.0;;;;;;;
2022-04-08 11:00:00;0.0;;;;;;;
2022-04-08 12:00:00;0.0;;;;;;;
2022-04-08 13:00:00;0.0;;;;;;;
2022-04-08 14:00:00;0.0;;;;;;;
2022-04-08 15:00:00;0.0;;;;;;;
2022-04-08 16:00:00;0.0;;;;;;;
2022-04-08 17:00:00;33.49144730577129;;;;;;;
2022-04-08 18:00:00;33.89338730456966;;;;;;;
2022-04-08 19:00:00;34.25731703090611;;;;;;;
2022-04-08 20:00:00;34.50818482915483;;;;;;;
2022-04-08 21:00:00;34.271701310484836;;;;;;;
2022-04-08 22:00:00;33.492341665123334;;;;;;;
2022-04-08 23:00:00;32.82820531628368;;;;;;;
2022-04-09 00:00:00;32.720584074254226;;;;;;;
2022-04-09 01:00:00;32.46792755730142;;;;;;;
2022-04-09 02:00:00;32.394366500595694;;;;;;;
2022-04-09 03:00:00;31.863564225156793;;;;;;;
2022-04-09 04:00:00;32.24314524015403;;;;;;;
2022-04-09 05:00:00;33.44851805687312;;;;;;;
2022-04-09 06:00:00;32.75240836119785;;;;;;;
2022-04-09 07:00:00;32.67758029541005;;;;;;;
2022-04-09 08:00:00;32.39466462037971;;;;;;;
2022-04-09 09:00:00;7.127000616557185;;;;;;;
2022-04-09 10:00:00;0.0;;;;;;;
2022-04-09 11:00:00;0.0;;;;;;;
2022-04-09 12:00:00;0.0;;;;;;;
2022-04-09 13:00:00;0.0;;;;;;;
2022-04-09 14:00:00;0.0;;;;;;;
2022-04-09 15:00:00;0.0;;;;;;;
2022-04-09 16:00:00;0.0;;;;;;;
2022-04-09 17:00:00;0.0;;;;;;;
2022-04-09 18:00:00;0.0;;;;;;;
2022-04-09 19:00:00;0.0;;;;;;;
2022-04-09 20:00:00;0.0;;;;;;;
2022-04-09 21:00:00;0.0;;;;;;;
2022-04-09 22:00:00;0.0;;;;;;;
2022-04-09 23:00:00;0.0;;;;;;;
2022-04-10 00:00:00;0.0;;;;;;;
2022-04-10 01:00:00;0.0;;;;;;;
2022-04-10 02:00:00;0.0;;;;;;;
2022-04-10 03:00:00;0.0;;;;;;;
2022-04-10 04:00:00;0.0;;;;;;;
2022-04-10 05:00:00;0.0;;;;;;;
2022-04-10 06:00:00;0.0;;;;;;;
2022-04-10 07:00:00;0.0;;;;;;;
2022-04-10 08:00:00;0.0;;;;;;;
2022-04-10 09:00:00;0.0;;;;;;;
2022-04-10 10:00:00;0.0;;;;;;;
2022-04-10 11:00:00;0.0;;;;;;;
2022-04-10 12:00:00;0.0;;;;;;;
2022-04-10 13:00:00;0.0;;;;;;;
2022-04-10 14:00:00;0.0;;;;;;;
2022-04-10 15:00:00;0.0;;;;;;;
2022-04-10 16:00:00;0.0;;;;;;;
2022-04-10 17:00:00;0.0;;;;;;;
2022-04-10 18:00:00;0.0;;;;;;;
2022-04-10 19:00:00;0.0;;;;;;;
2022-04-10 20:00:00;0.0;;;;;;;
2022-04-10 21:00:00;0.0;;;;;;;
2022-04-10 22:00:00;0.0;;;;;;;
2022-04-10 23:00:00;0.0;;;;;;;
2022-04-11 00:00:00;0.0;;;;;;;
2022-04-11 01:00:00;0.0;;;;;;;
2022-04-11 02:00:00;0.0;;;;;;;
2022-04-11 03:00:00;0.0;;;;;;;
2022-04-11 04:00:00;0.0;;;;;;;
2022-04-11 05:00:00;0.0;;;;;;;
2022-04-11 06:00:00;0.0;;;;;;;
2022-04-11 07:00:00;0.0;;;;;;;
2022-04-11 08:00:00;0.0;;;;;;;
2022-04-11 09:00:00;0.0;;;;;;;
2022-04-11 10:00:00;0.0;;;;;;;
2022-04-11 11:00:00;0.0;;;;;;;
2022-04-11 12:00:00;0.0;;;;;;;
2022-04-11 13:00:00;0.0;;;;;;;
2022-04-11 14:00:00;0.0;;;;;;;
2022-04-11 15:00:00;0.0;;;;;;;
2022-04-11 16:00:00;0.0;;;;;;;
2022-04-11 17:00:00;31.658085164024378;;;;;;;
2022-04-11 18:00:00;31.732838699866175;;;;;;;
2022-04-11 19:00:00;31.862669865804747;;;;;;;
2022-04-11 20:00:00;31.872731408515257;;;;;;;
2022-04-11 21:00:00;31.62454668832268;;;;;;;
2022-04-11 22:00:00;31.03956114213904;;;;;;;
2022-04-11 23:00:00;30.63307481663444;;;;;;;
2022-04-12 00:00:00;31.17803778181405;;;;;;;
2022-04-12 01:00:00;31.49933637903634;;;;;;;
2022-04-12 02:00:00;32.26073430741092;;;;;;;
2022-04-12 03:00:00;33.069160631713885;;;;;;;
2022-04-12 04:00:00;34.539636466368414;;;;;;;
2022-04-12 05:00:00;35.72443901799045;;;;;;;
2022-04-12 06:00:00;37.46493684701667;;;;;;;
2022-04-12 07:00:00;38.72173532647835;;;;;;;
2022-04-12 08:00:00;39.112346773484155;;;;;;;
2022-04-12 09:00:00;38.416386137700876;;;;;;;
2022-04-12 10:00:00;37.99357775402146;;;;;;;
2022-04-12 11:00:00;3.9579873124765843;;;;;;;
2022-04-12 12:00:00;4.832670758776912;;;;;;;
2022-04-12 13:00:00;3.7390183311174874;;;;;;;
2022-04-12 14:00:00;3.7212802039685884;;;;;;;
2022-04-12 15:00:00;3.6573335102973474;;;;;;;
2022-04-12 16:00:00;38.75937294921027;;;;;;;
2022-04-12 17:00:00;39.24299776882877;;;;;;;
2022-04-12 18:00:00;38.83815110213625;;;;;;;
2022-04-12 19:00:00;38.85790153782726;;;;;;;
2022-04-12 20:00:00;38.78121022338938;;;;;;;
2022-04-12 21:00:00;38.77688748652115;;;;;;;
2022-04-12 22:00:00;38.70310283997741;;;;;;;
2022-04-12 23:00:00;38.522218661026244;;;;;;;
2022-04-13 00:00:00;36.34862731577209;;;;;;;
2022-04-13 01:00:00;33.75662485365273;;;;;;;
2022-04-13 02:00:00;31.958738966203633;;;;;;;
2022-04-13 03:00:00;31.44895413553778;;;;;;;
2022-04-13 04:00:00;31.814150870956286;;;;;;;
2022-04-13 05:00:00;32.20342077893402;;;;;;;
2022-04-13 06:00:00;32.25581533097467;;;;;;;
2022-04-13 07:00:00;32.34063040952696;;;;;;;
2022-04-13 08:00:00;32.10519031010104;;;;;;;
2022-04-13 09:00:00;31.635577120331245;;;;;;;
2022-04-13 10:00:00;31.19793727739706;;;;;;;
2022-04-13 11:00:00;30.24984183428301;;;;;;;
2022-04-13 12:00:00;29.49954886786299;;;;;;;
2022-04-13 13:00:00;28.926488113039948;;;;;;;
2022-04-13 14:00:00;28.951381115005212;;;;;;;
2022-04-13 15:00:00;28.903309299832774;;;;;;;
2022-04-13 16:00:00;29.027699779713075;;;;;;;
2022-04-13 17:00:00;29.700556132235175;;;;;;;
2022-04-13 18:00:00;30.057480043647267;;;;;;;
2022-04-13 19:00:00;30.475518510782454;;;;;;;
2022-04-13 20:00:00;30.310285620492074;;;;;;;
2022-04-13 21:00:00;29.82494661211547;;;;;;;
2022-04-13 22:00:00;29.59859916610201;;;;;;;
2022-04-13 23:00:00;29.593307539935743;;;;;;;
2022-04-14 00:00:00;28.443310473097462;;;;;;;
2022-04-14 01:00:00;27.22936671258794;;;;;;;
2022-04-14 02:00:00;26.85835664138114;;;;;;;
2022-04-14 03:00:00;26.844121421694418;;;;;;;
2022-04-14 04:00:00;27.249191678224943;;;;;;;
2022-04-14 05:00:00;27.731549488761388;;;;;;;
2022-04-14 06:00:00;27.447590394486998;;;;;;;
2022-04-14 07:00:00;27.747871546936217;;;;;;;
2022-04-14 08:00:00;27.947835392064352;;;;;;;
2022-04-14 09:00:00;27.972355744299595;;;;;;;
2022-04-14 10:00:00;27.358005399390457;;;;;;;
2022-04-14 11:00:00;26.70907315953557;;;;;;;
2022-04-14 12:00:00;0.0;;;;;;;
2022-04-14 13:00:00;0.0;;;;;;;
2022-04-14 14:00:00;0.0;;;;;;;
2022-04-14 15:00:00;26.366458997756208;;;;;;;
2022-04-14 16:00:00;26.572757888294664;;;;;;;
2022-04-14 17:00:00;27.101398795299456;;;;;;;
2022-04-14 18:00:00;27.553497447758367;;;;;;;
2022-04-14 19:00:00;28.304610243584435;;;;;;;
2022-04-14 20:00:00;29.729175631500627;;;;;;;
2022-04-14 21:00:00;30.241718070168595;;;;;;;
2022-04-14 22:00:00;30.135885546843244;;;;;;;
2022-04-14 23:00:00;29.93905195944726;;;;;;;
2022-04-15 00:00:00;29.96133641330239;;;;;;;
2022-04-15 01:00:00;29.809146263562678;;;;;;;
2022-04-15 02:00:00;30.232029177188114;;;;;;;
2022-04-15 03:00:00;30.42342207852581;;;;;;;
2022-04-15 04:00:00;30.934622978165716;;;;;;;
2022-04-15 05:00:00;33.23253027335417;;;;;;;
2022-04-15 06:00:00;34.93084415294226;;;;;;;
2022-04-15 07:00:00;35.10479704691505;;;;;;;
2022-04-15 08:00:00;33.84255788139508;;;;;;;
2022-04-15 09:00:00;0.0;;;;;;;
2022-04-15 10:00:00;0.0;;;;;;;
2022-04-15 11:00:00;0.0;;;;;;;
2022-04-15 12:00:00;0.0;;;;;;;
2022-04-15 13:00:00;0.0;;;;;;;
2022-04-15 14:00:00;0.0;;;;;;;
2022-04-15 15:00:00;0.0;;;;;;;
2022-04-15 16:00:00;0.0;;;;;;;
2022-04-15 17:00:00;0.0;;;;;;;
2022-04-15 18:00:00;0.0;;;;;;;
2022-04-15 19:00:00;0.0;;;;;;;
2022-04-15 20:00:00;0.0;;;;;;;
2022-04-15 21:00:00;0.0;;;;;;;
2022-04-15 22:00:00;0.0;;;;;;;
2022-04-15 23:00:00;0.0;;;;;;;
2022-04-16 00:00:00;0.0;;;;;;;
2022-04-16 01:00:00;0.0;;;;;;;
2022-04-16 02:00:00;0.0;;;;;;;
2022-04-16 03:00:00;0.0;;;;;;;
2022-04-16 04:00:00;0.0;;;;;;;
2022-04-16 05:00:00;0.0;;;;;;;
2022-04-16 06:00:00;0.0;;;;;;;
2022-04-16 07:00:00;0.0;;;;;;;
2022-04-16 08:00:00;0.0;;;;;;;
2022-04-16 09:00:00;0.0;;;;;;;
2022-04-16 10:00:00;0.0;;;;;;;
2022-04-16 11:00:00;0.0;;;;;;;
2022-04-16 12:00:00;0.0;;;;;;;
2022-04-16 13:00:00;0.0;;;;;;;
2022-04-16 14:00:00;0.0;;;;;;;
2022-04-16 15:00:00;0.0;;;;;;;
2022-04-16 16:00:00;0.0;;;;;;;
2022-04-16 17:00:00;0.0;;;;;;;
2022-04-16 18:00:00;0.0;;;;;;;
2022-04-16 19:00:00;0.0;;;;;;;
2022-04-16 20:00:00;0.0;;;;;;;
2022-04-16 21:00:00;0.0;;;;;;;
2022-04-16 22:00:00;0.0;;;;;;;
2022-04-16 23:00:00;0.0;;;;;;;
2022-04-17 00:00:00;0.0;;;;;;;
2022-04-17 01:00:00;0.0;;;;;;;
2022-04-17 02:00:00;0.0;;;;;;;
2022-04-17 03:00:00;0.0;;;;;;;
2022-04-17 04:00:00;0.0;;;;;;;
2022-04-17 05:00:00;0.0;;;;;;;
2022-04-17 06:00:00;0.0;;;;;;;
2022-04-17 07:00:00;0.0;;;;;;;
2022-04-17 08:00:00;0.0;;;;;;;
2022-04-17 09:00:00;0.0;;;;;;;
2022-04-17 10:00:00;0.0;;;;;;;
2022-04-17 11:00:00;0.0;;;;;;;
2022-04-17 12:00:00;0.0;;;;;;;
2022-04-17 13:00:00;0.0;;;;;;;
2022-04-17 14:00:00;0.0;;;;;;;
2022-04-17 15:00:00;0.0;;;;;;;
2022-04-17 16:00:00;0.0;;;;;;;
2022-04-17 17:00:00;0.0;;;;;;;
2022-04-17 18:00:00;35.325778336816256;;;;;;;
2022-04-17 19:00:00;35.29939473593091;;;;;;;
2022-04-17 20:00:00;35.35752809381386;;;;;;;
2022-04-17 21:00:00;35.34083338590902;;;;;;;
2022-04-17 22:00:00;34.57280229234009;;;;;;;
2022-04-17 23:00:00;32.9628063987665;;;;;;;
2022-04-18 00:00:00;31.963732472585864;;;;;;;
2022-04-18 01:00:00;0.0;;;;;;;
2022-04-18 02:00:00;0.0;;;;;;;
2022-04-18 03:00:00;0.0;;;;;;;
2022-04-18 04:00:00;0.0;;;;;;;
2022-04-18 05:00:00;0.0;;;;;;;
2022-04-18 06:00:00;0.0;;;;;;;
2022-04-18 07:00:00;0.0;;;;;;;
2022-04-18 08:00:00;0.0;;;;;;;
2022-04-18 09:00:00;0.0;;;;;;;
2022-04-18 10:00:00;0.0;;;;;;;
2022-04-18 11:00:00;0.0;;;;;;;
2022-04-18 12:00:00;0.0;;;;;;;
2022-04-18 13:00:00;0.0;;;;;;;
2022-04-18 14:00:00;0.0;;;;;;;
2022-04-18 15:00:00;0.0;;;;;;;
2022-04-18 16:00:00;0.0;;;;;;;
2022-04-18 17:00:00;0.0;;;;;;;
2022-04-18 18:00:00;0.0;;;;;;;
2022-04-18 19:00:00;0.0;;;;;;;
2022-04-18 20:00:00;0.0;;;;;;;
2022-04-18 21:00:00;0.0;;;;;;;
2022-04-18 22:00:00;0.0;;;;;;;
2022-04-18 23:00:00;0.0;;;;;;;
2022-04-19 00:00:00;0.0;;;;;;;
2022-04-19 01:00:00;0.0;;;;;;;
2022-04-19 02:00:00;0.0;;;;;;;
2022-04-19 03:00:00;0.0;;;;;;;
2022-04-19 04:00:00;0.0;;;;;;;
2022-04-19 05:00:00;0.0;;;;;;;
2022-04-19 06:00:00;0.0;;;;;;;
2022-04-19 07:00:00;0.0;;;;;;;
2022-04-19 08:00:00;0.0;;;;;;;
2022-04-19 09:00:00;0.0;;;;;;;
2022-04-19 10:00:00;0.0;;;;;;;
2022-04-19 11:00:00;0.0;;;;;;;
2022-04-19 12:00:00;0.0;;;;;;;
2022-04-19 13:00:00;0.0;;;;;;;
2022-04-19 14:00:00;0.0;;;;;;;
2022-04-19 15:00:00;0.0;;;;;;;
2022-04-19 16:00:00;0.0;;;;;;;
2022-04-19 17:00:00;0.0;;;;;;;
2022-04-19 18:00:00;0.0;;;;;;;
2022-04-19 19:00:00;0.0;;;;;;;
2022-04-19 20:00:00;0.0;;;;;;;
2022-04-19 21:00:00;0.0;;;;;;;
2022-04-19 22:00:00;0.0;;;;;;;
2022-04-19 23:00:00;0.0;;;;;;;
2022-04-20 00:00:00;0.0;;;;;;;
2022-04-20 01:00:00;0.0;;;;;;;
2022-04-20 02:00:00;0.0;;;;;;;
2022-04-20 03:00:00;0.0;;;;;;;
2022-04-20 04:00:00;0.0;;;;;;;
2022-04-20 05:00:00;0.0;;;;;;;
2022-04-20 06:00:00;0.0;;;;;;;
2022-04-20 07:00:00;0.0;;;;;;;
2022-04-20 08:00:00;0.0;;;;;;;
2022-04-20 09:00:00;0.0;;;;;;;
2022-04-20 10:00:00;0.0;;;;;;;
2022-04-20 11:00:00;0.0;;;;;;;
2022-04-20 12:00:00;0.0;;;;;;;
2022-04-20 13:00:00;0.0;;;;;;;
2022-04-20 14:00:00;0.0;;;;;;;
2022-04-20 15:00:00;0.0;;;;;;;
2022-04-20 16:00:00;0.0;;;;;;;
2022-04-20 17:00:00;0.0;;;;;;;
2022-04-20 18:00:00;27.34123616153961;;;;;;;
2022-04-20 19:00:00;27.090741013020914;;;;;;;
2022-04-20 20:00:00;20.509448661103384;;;;;;;
2022-04-20 21:00:00;26.924166583702476;;;;;;;
2022-04-20 22:00:00;26.94697274717963;;;;;;;
2022-04-20 23:00:00;26.975294126661062;;;;;;;
2022-04-21 00:00:00;26.674342204697815;;;;;;;
2022-04-21 01:00:00;25.836700141561366;;;;;;;
2022-04-21 02:00:00;25.842886127079677;;;;;;;
2022-04-21 03:00:00;26.01229269434626;;;;;;;
2022-04-21 04:00:00;26.258241516158723;;;;;;;
2022-04-21 05:00:00;26.169625410360233;;;;;;;
2022-04-21 06:00:00;25.91532923459535;;;;;;;
2022-04-21 07:00:00;25.777597894380367;;;;;;;
2022-04-21 08:00:00;25.61176876452197;;;;;;;
2022-04-21 09:00:00;0.0;;;;;;;
2022-04-21 10:00:00;0.0;;;;;;;
2022-04-21 11:00:00;0.0;;;;;;;
2022-04-21 12:00:00;0.0;;;;;;;
2022-04-21 13:00:00;0.0;;;;;;;
2022-04-21 14:00:00;0.0;;;;;;;
2022-04-21 15:00:00;0.0;;;;;;;
2022-04-21 16:00:00;0.0;;;;;;;
2022-04-21 17:00:00;26.944289669123492;;;;;;;
2022-04-21 18:00:00;27.819271235207836;;;;;;;
2022-04-21 19:00:00;27.631530301224316;;;;;;;
2022-04-21 20:00:00;27.825308160834147;;;;;;;
2022-04-21 21:00:00;27.757038730294685;;;;;;;
2022-04-21 22:00:00;27.69965067187177;;;;;;;
2022-04-21 23:00:00;27.58673780367605;;;;;;;
2022-04-22 00:00:00;25.9519234380832;;;;;;;
2022-04-22 01:00:00;24.997791069342846;;;;;;;
2022-04-22 02:00:00;24.260391783581476;;;;;;;
2022-04-22 03:00:00;24.59771431919457;;;;;;;
2022-04-22 04:00:00;23.304694285975042;;;;;;;
2022-04-22 05:00:00;23.26504435470103;;;;;;;
2022-04-22 06:00:00;24.149789343711873;;;;;;;
2022-04-22 07:00:00;23.95988704129425;;;;;;;
2022-04-22 08:00:00;23.077601540501536;;;;;;;
2022-04-22 09:00:00;0.0;;;;;;;
2022-04-22 10:00:00;0.0;;;;;;;
2022-04-22 11:00:00;0.0;;;;;;;
2022-04-22 12:00:00;0.0;;;;;;;
2022-04-22 13:00:00;0.0;;;;;;;
2022-04-22 14:00:00;0.0;;;;;;;
2022-04-22 15:00:00;0.0;;;;;;;
2022-04-22 16:00:00;0.0;;;;;;;
2022-04-22 17:00:00;25.22682159341246;;;;;;;
2022-04-22 18:00:00;26.267334169571185;;;;;;;
2022-04-22 19:00:00;26.669795877991582;;;;;;;
2022-04-22 20:00:00;27.200523623484475;;;;;;;
2022-04-22 21:00:00;27.525995897682975;;;;;;;
2022-04-22 22:00:00;26.906652046391585;;;;;;;
2022-04-22 23:00:00;26.988933106779758;;;;;;;
2022-04-23 00:00:00;26.364819338944123;;;;;;;
2022-04-23 01:00:00;11.940069999535103;;;;;;;
2022-04-23 02:00:00;0.0;;;;;;;
2022-04-23 03:00:00;26.599216019126008;;;;;;;
2022-04-23 04:00:00;26.928787440354707;;;;;;;
2022-04-23 05:00:00;27.4652539916899;;;;;;;
2022-04-23 06:00:00;30.243283199034675;;;;;;;
2022-04-23 07:00:00;31.131754685345697;;;;;;;
2022-04-23 08:00:00;0.0;;;;;;;
2022-04-23 09:00:00;0.0;;;;;;;
2022-04-23 10:00:00;0.0;;;;;;;
2022-04-23 11:00:00;0.0;;;;;;;
2022-04-23 12:00:00;0.0;;;;;;;
2022-04-23 13:00:00;0.0;;;;;;;
2022-04-23 14:00:00;0.0;;;;;;;
2022-04-23 15:00:00;0.0;;;;;;;
2022-04-23 16:00:00;0.0;;;;;;;
2022-04-23 17:00:00;0.0;;;;;;;
2022-04-23 18:00:00;0.0;;;;;;;
2022-04-23 19:00:00;32.91294586488997;;;;;;;
2022-04-23 20:00:00;8.512437782821397;;;;;;;
2022-04-23 21:00:00;33.08868747756688;;;;;;;
2022-04-23 22:00:00;32.67758029541005;;;;;;;
2022-04-23 23:00:00;18.642398983762767;;;;;;;
2022-04-24 00:00:00;29.479127662657955;;;;;;;
2022-04-24 01:00:00;13.8796373143374;;;;;;;
2022-04-24 02:00:00;24.720539670208794;;;;;;;
2022-04-24 03:00:00;0.0;;;;;;;
2022-04-24 04:00:00;30.6798050927788;;;;;;;
2022-04-24 05:00:00;30.9283624627014;;;;;;;
2022-04-24 06:00:00;30.901233562356023;;;;;;;
2022-04-24 07:00:00;31.433302846876988;;;;;;;
2022-04-24 08:00:00;32.12471715595403;;;;;;;
2022-04-24 09:00:00;0.0;;;;;;;
2022-04-24 10:00:00;0.0;;;;;;;
2022-04-24 11:00:00;0.0;;;;;;;
2022-04-24 12:00:00;0.0;;;;;;;
2022-04-24 13:00:00;0.0;;;;;;;
2022-04-24 14:00:00;0.0;;;;;;;
2022-04-24 15:00:00;0.0;;;;;;;
2022-04-24 16:00:00;0.0;;;;;;;
2022-04-24 17:00:00;32.66975465107966;;;;;;;
2022-04-24 18:00:00;32.81046718913479;;;;;;;
2022-04-24 19:00:00;32.952968445894;;;;;;;
2022-04-24 20:00:00;32.83312429271993;;;;;;;
2022-04-24 21:00:00;32.40085060589802;;;;;;;
2022-04-24 22:00:00;31.436805754339172;;;;;;;
2022-04-24 23:00:00;31.310552025808764;;;;;;;
2022-04-25 00:00:00;29.561632312884136;;;;;;;
2022-04-25 01:00:00;28.606680114737742;;;;;;;
2022-04-25 02:00:00;28.92305973552377;;;;;;;
2022-04-25 03:00:00;28.221658413682228;;;;;;;
2022-04-25 04:00:00;27.28243203414263;;;;;;;
2022-04-25 05:00:00;29.644211493056325;;;;;;;
2022-04-25 06:00:00;30.820144981103912;;;;;;;
2022-04-25 07:00:00;31.46430730441456;;;;;;;
2022-04-25 08:00:00;31.42883105011677;;;;;;;
2022-04-25 09:00:00;30.330408705913097;;;;;;;
2022-04-25 10:00:00;0.0;;;;;;;
2022-04-25 11:00:00;0.0;;;;;;;
2022-04-25 12:00:00;0.0;;;;;;;
2022-04-25 13:00:00;0.0;;;;;;;
2022-04-25 14:00:00;0.0;;;;;;;
2022-04-25 15:00:00;0.0;;;;;;;
2022-04-25 16:00:00;33.807528806773306;;;;;;;
2022-04-25 17:00:00;33.841961641827055;;;;;;;
2022-04-25 18:00:00;34.87054942662519;;;;;;;
2022-04-25 19:00:00;34.700695679682575;;;;;;;
2022-04-25 20:00:00;34.90617474081499;;;;;;;
2022-04-25 21:00:00;34.6734922493912;;;;;;;
2022-04-25 22:00:00;34.1744397309499;;;;;;;
2022-04-25 23:00:00;31.9564285378775;;;;;;;
2022-04-26 00:00:00;30.617647117811664;;;;;;;
2022-04-26 01:00:00;30.451072688493213;;;;;;;
2022-04-26 02:00:00;30.670041669852314;;;;;;;
2022-04-26 03:00:00;31.013177541253693;;;;;;;
2022-04-26 04:00:00;31.39536710436106;;;;;;;
2022-04-26 05:00:00;32.217954118404755;;;;;;;
2022-04-26 06:00:00;33.43502813664644;;;;;;;
2022-04-26 07:00:00;0.0;;;;;;;
2022-04-26 08:00:00;0.0;;;;;;;
2022-04-26 09:00:00;0.0;;;;;;;
2022-04-26 10:00:00;0.0;;;;;;;
2022-04-26 11:00:00;0.0;;;;;;;
2022-04-26 12:00:00;0.0;;;;;;;
2022-04-26 13:00:00;0.0;;;;;;;
2022-04-26 14:00:00;0.0;;;;;;;
2022-04-26 15:00:00;0.0;;;;;;;
2022-04-26 16:00:00;0.0;;;;;;;
2022-04-26 17:00:00;0.0;;;;;;;
2022-04-26 18:00:00;0.0;;;;;;;
2022-04-26 19:00:00;0.0;;;;;;;
2022-04-26 20:00:00;0.0;;;;;;;
2022-04-26 21:00:00;0.0;;;;;;;
2022-04-26 22:00:00;0.0;;;;;;;
2022-04-26 23:00:00;0.0;;;;;;;
2022-04-27 00:00:00;0.0;;;;;;;
2022-04-27 01:00:00;0.0;;;;;;;
2022-04-27 02:00:00;0.0;;;;;;;
2022-04-27 03:00:00;0.0;;;;;;;
2022-04-27 04:00:00;0.0;;;;;;;
2022-04-27 05:00:00;0.0;;;;;;;
2022-04-27 06:00:00;0.0;;;;;;;
2022-04-27 07:00:00;0.0;;;;;;;
2022-04-27 08:00:00;0.0;;;;;;;
2022-04-27 09:00:00;0.0;;;;;;;
2022-04-27 10:00:00;0.0;;;;;;;
2022-04-27 11:00:00;0.0;;;;;;;
2022-04-27 12:00:00;0.0;;;;;;;
2022-04-27 13:00:00;0.0;;;;;;;
2022-04-27 14:00:00;0.0;;;;;;;
2022-04-27 15:00:00;0.0;;;;;;;
2022-04-27 16:00:00;0.0;;;;;;;
2022-04-27 17:00:00;0.0;;;;;;;
2022-04-27 18:00:00;0.0;;;;;;;
2022-04-27 19:00:00;0.0;;;;;;;
2022-04-27 20:00:00;0.0;;;;;;;
2022-04-27 21:00:00;0.0;;;;;;;
2022-04-27 22:00:00;0.0;;;;;;;
2022-04-27 23:00:00;0.0;;;;;;;
2022-04-28 00:00:00;0.0;;;;;;;
2022-04-28 01:00:00;0.0;;;;;;;
2022-04-28 02:00:00;0.0;;;;;;;
2022-04-28 03:00:00;0.0;;;;;;;
2022-04-28 04:00:00;0.0;;;;;;;
2022-04-28 05:00:00;0.0;;;;;;;
2022-04-28 06:00:00;0.0;;;;;;;
2022-04-28 07:00:00;0.0;;;;;;;
2022-04-28 08:00:00;0.0;;;;;;;
2022-04-28 09:00:00;0.0;;;;;;;
2022-04-28 10:00:00;0.0;;;;;;;
2022-04-28 11:00:00;0.0;;;;;;;
2022-04-28 12:00:00;0.0;;;;;;;
2022-04-28 13:00:00;0.0;;;;;;;
2022-04-28 14:00:00;0.0;;;;;;;
2022-04-28 15:00:00;0.0;;;;;;;
2022-04-28 16:00:00;0.0;;;;;;;
2022-04-28 17:00:00;26.45023065706446;;;;;;;
2022-04-28 18:00:00;28.220093284816148;;;;;;;
2022-04-28 19:00:00;30.374530433947342;;;;;;;
2022-04-28 20:00:00;30.4449612329209;;;;;;;
2022-04-28 21:00:00;31.043883879007257;;;;;;;
2022-04-28 22:00:00;31.075111926382835;;;;;;;
2022-04-28 23:00:00;31.031437378024638;;;;;;;
2022-04-29 00:00:00;30.14028281365746;;;;;;;
2022-04-29 01:00:00;28.952350004303256;;;;;;;
2022-04-29 02:00:00;28.94653666851496;;;;;;;
2022-04-29 03:00:00;29.26522671762711;;;;;;;
2022-04-29 04:00:00;0.0;;;;;;;
2022-04-29 05:00:00;0.0;;;;;;;
2022-04-29 06:00:00;0.0;;;;;;;
2022-04-29 07:00:00;0.0;;;;;;;
2022-04-29 08:00:00;0.0;;;;;;;
2022-04-29 09:00:00;0.0;;;;;;;
2022-04-29 10:00:00;0.0;;;;;;;
2022-04-29 11:00:00;0.0;;;;;;;
2022-04-29 12:00:00;0.0;;;;;;;
2022-04-29 13:00:00;0.0;;;;;;;
2022-04-29 14:00:00;0.0;;;;;;;
2022-04-29 15:00:00;0.0;;;;;;;
2022-04-29 16:00:00;0.0;;;;;;;
2022-04-29 17:00:00;0.0;;;;;;;
2022-04-29 18:00:00;0.0;;;;;;;
2022-04-29 19:00:00;0.0;;;;;;;
2022-04-29 20:00:00;0.2693512248576503;;;;;;;
2022-04-29 21:00:00;2.8222254653250256;;;;;;;
2022-04-29 22:00:00;2.194683319973223;;;;;;;
2022-04-29 23:00:00;0.6990908935154289;;;;;;;
2022-04-30 00:00:00;0.0;;;;;;;
2022-04-30 01:00:00;0.0;;;;;;;
2022-04-30 02:00:00;0.12968210604657207;;;;;;;
2022-04-30 03:00:00;0.3385895446951592;;;;;;;
2022-04-30 04:00:00;0.5126169686139785;;;;;;;
2022-04-30 05:00:00;1.3065099534462117;;;;;;;
2022-04-30 06:00:00;3.833447772704273;;;;;;;
2022-04-30 07:00:00;4.6906912116397175;;;;;;;
2022-04-30 08:00:00;4.99857441858132;;;;;;;
2022-04-30 09:00:00;4.745023542276471;;;;;;;
2022-04-30 10:00:00;5.156354314271315;;;;;;;
2022-04-30 11:00:00;5.168726285307943;;;;;;;
2022-04-30 12:00:00;4.7690967148356895;;;;;;;
2022-04-30 13:00:00;4.800324762211273;;;;;;;
2022-04-30 14:00:00;4.407030237149342;;;;;;;
2022-04-30 15:00:00;4.003301519646882;;;;;;;
2022-04-30 16:00:00;4.3590329519229085;;;;;;;
2022-04-30 17:00:00;5.202115701117634;;;;;;;
2022-04-30 18:00:00;5.285440180749858;;;;;;;
2022-04-30 19:00:00;5.375845005252439;;;;;;;
2022-04-30 20:00:00;40.50240479640059;;;;;;;
2022-04-30 21:00:00;39.748534392572395;;;;;;;
2022-04-30 22:00:00;39.314471987046396;;;;;;;
2022-04-30 23:00:00;38.670905903303776;;;;;;;
2022-05-01 00:00:00;35.9029382386695;;;;;;;
2022-05-01 01:00:00;30.797636937410786;;;;;;;
2022-05-01 02:00:00;29.22870704408526;;;;;;;
2022-05-01 03:00:00;28.223298072494313;;;;;;;
2022-05-01 04:00:00;28.50740622666071;;;;;;;
2022-05-01 05:00:00;27.914371446308653;;;;;;;
2022-05-01 06:00:00;28.87744740856946;;;;;;;
2022-05-01 07:00:00;30.731007165683398;;;;;;;
2022-05-01 08:00:00;30.626665241278115;;;;;;;
2022-05-01 09:00:00;0.0;;;;;;;
2022-05-01 10:00:00;0.0;;;;;;;
2022-05-01 11:00:00;0.0;;;;;;;
2022-05-01 12:00:00;0.0;;;;;;;
2022-05-01 13:00:00;0.0;;;;;;;
2022-05-01 14:00:00;0.0;;;;;;;
2022-05-01 15:00:00;0.0;;;;;;;
2022-05-01 16:00:00;0.0;;;;;;;
2022-05-01 17:00:00;0.0;;;;;;;
2022-05-01 18:00:00;0.0;;;;;;;
2022-05-01 19:00:00;0.0;;;;;;;
2022-05-01 20:00:00;0.0;;;;;;;
2022-05-01 21:00:00;0.0;;;;;;;
2022-05-01 22:00:00;0.0;;;;;;;
2022-05-01 23:00:00;0.0;;;;;;;
2022-05-02 00:00:00;0.0;;;;;;;
2022-05-02 01:00:00;0.0;;;;;;;
2022-05-02 02:00:00;0.0;;;;;;;
2022-05-02 03:00:00;0.0;;;;;;;
2022-05-02 04:00:00;0.0;;;;;;;
2022-05-02 05:00:00;0.0;;;;;;;
2022-05-02 06:00:00;0.0;;;;;;;
2022-05-02 07:00:00;0.0;;;;;;;
2022-05-02 08:00:00;0.0;;;;;;;
2022-05-02 09:00:00;0.0;;;;;;;
2022-05-02 10:00:00;0.0;;;;;;;
2022-05-02 11:00:00;0.0;;;;;;;
2022-05-02 12:00:00;0.0;;;;;;;
2022-05-02 13:00:00;1.3056901240401704;;;;;;;
2022-05-02 14:00:00;3.8846498456088683;;;;;;;
2022-05-02 15:00:00;3.2378789741880913;;;;;;;
2022-05-02 16:00:00;1.72775320825956;;;;;;;
2022-05-02 17:00:00;37.413511184274064;;;;;;;
2022-05-02 18:00:00;37.79443373829936;;;;;;;
2022-05-02 19:00:00;38.14971799089937;;;;;;;
2022-05-02 20:00:00;38.860808205721405;;;;;;;
2022-05-02 21:00:00;38.685364712828516;;;;;;;
2022-05-02 22:00:00;37.93715858489659;;;;;;;
2022-05-02 23:00:00;36.829643587280465;;;;;;;
2022-05-03 00:00:00;36.25062043677712;;;;;;;
2022-05-03 01:00:00;35.99498272198418;;;;;;;
2022-05-03 02:00:00;36.230050171680084;;;;;;;
2022-05-03 03:00:00;36.0628795027936;;;;;;;
2022-05-03 04:00:00;36.20418828041677;;;;;;;
2022-05-03 05:00:00;37.55549073141125;;;;;;;
2022-05-03 06:00:00;39.29099505405521;;;;;;;
2022-05-03 07:00:00;39.60625672565118;;;;;;;
2022-05-03 08:00:00;38.73358558789296;;;;;;;
2022-05-03 09:00:00;1.336172871955715;;;;;;;
2022-05-03 10:00:00;2.4547183015804013;;;;;;;
2022-05-03 11:00:00;2.7759423688566804;;;;;;;
2022-05-03 12:00:00;1.766210660397509;;;;;;;
2022-05-03 13:00:00;2.8676887323873297;;;;;;;
2022-05-03 14:00:00;2.99930861703;;;;;;;
2022-05-03 15:00:00;3.0236799093732354;;;;;;;
2022-05-03 16:00:00;3.1163206322559303;;;;;;;
2022-05-03 17:00:00;2.7376339766107387;;;;;;;
2022-05-03 18:00:00;2.9511622719115604;;;;;;;
2022-05-03 19:00:00;38.438447001718;;;;;;;
2022-05-03 20:00:00;38.35899807927797;;;;;;;
2022-05-03 21:00:00;3.0430576953342174;;;;;;;
2022-05-03 22:00:00;2.495188062260452;;;;;;;
2022-05-03 23:00:00;20.768291163574503;;;;;;;
2022-05-04 00:00:00;9.11180760858377;;;;;;;
2022-05-04 01:00:00;28.347464962536602;;;;;;;
2022-05-04 02:00:00;0.0;;;;;;;
2022-05-04 03:00:00;0.0;;;;;;;
2022-05-04 04:00:00;28.04457526197725;;;;;;;
2022-05-04 05:00:00;28.133787607343773;;;;;;;
2022-05-04 06:00:00;29.301895451060975;;;;;;;
2022-05-04 07:00:00;29.39595224291774;;;;;;;
2022-05-04 08:00:00;2.751720136405453;;;;;;;
2022-05-04 09:00:00;13.647252942697621;;;;;;;
2022-05-04 10:00:00;9.284120843744503;;;;;;;
2022-05-04 11:00:00;28.686948866583805;;;;;;;
2022-05-04 12:00:00;28.259072446576123;;;;;;;
2022-05-04 13:00:00;28.337999659394125;;;;;;;
2022-05-04 14:00:00;28.28225125978331;;;;;;;
2022-05-04 15:00:00;29.3162797306397;;;;;;;
2022-05-04 16:00:00;29.713673402731835;;;;;;;
2022-05-04 17:00:00;30.994992234428775;;;;;;;
2022-05-04 18:00:00;31.257412174308087;;;;;;;
2022-05-04 19:00:00;31.326501434253576;;;;;;;
2022-05-04 20:00:00;31.507012963474722;;;;;;;
2022-05-04 21:00:00;31.816461299282413;;;;;;;
2022-05-04 22:00:00;31.402447449231428;;;;;;;
2022-05-04 23:00:00;30.992979925886676;;;;;;;
2022-05-05 00:00:00;28.577538905850265;;;;;;;
2022-05-05 01:00:00;27.273413910676172;;;;;;;
2022-05-05 02:00:00;27.052134500990956;;;;;;;
2022-05-05 03:00:00;27.451838601409214;;;;;;;
2022-05-05 04:00:00;26.467819724321345;;;;;;;
2022-05-05 05:00:00;26.43748603629781;;;;;;;
2022-05-05 06:00:00;25.998132004605544;;;;;;;
2022-05-05 07:00:00;26.441138003652;;;;;;;
2022-05-05 08:00:00;26.33314411189252;;;;;;;
2022-05-05 09:00:00;26.137652063524612;;;;;;;
2022-05-05 10:00:00;25.909143249077033;;;;;;;
2022-05-05 11:00:00;16.079016020908856;;;;;;;
2022-05-05 12:00:00;0.0;;;;;;;
2022-05-05 13:00:00;0.0;;;;;;;
2022-05-05 14:00:00;0.0;;;;;;;
2022-05-05 15:00:00;24.53659976347147;;;;;;;
2022-05-05 16:00:00;24.97215276791755;;;;;;;
2022-05-05 17:00:00;27.471961686830234;;;;;;;
2022-05-05 18:00:00;28.20570900523742;;;;;;;
2022-05-05 19:00:00;28.72272324066562;;;;;;;
2022-05-05 20:00:00;29.678271678380046;;;;;;;
2022-05-05 21:00:00;28.520523497157374;;;;;;;
2022-05-05 22:00:00;28.889595789768077;;;;;;;
2022-05-05 23:00:00;29.227067385273184;;;;;;;
2022-05-06 00:00:00;29.418683876448892;;;;;;;
2022-05-06 01:00:00;29.90208510622939;;;;;;;
2022-05-06 02:00:00;29.771732230668782;;;;;;;
2022-05-06 03:00:00;30.861583631082013;;;;;;;
2022-05-06 04:00:00;0.0;;;;;;;
2022-05-06 05:00:00;33.6316381342044;;;;;;;
2022-05-06 06:00:00;37.29821335780621;;;;;;;
2022-05-06 07:00:00;38.807742884166714;;;;;;;
2022-05-06 08:00:00;37.5621238966056;;;;;;;
2022-05-06 09:00:00;2.0129047816700107;;;;;;;
2022-05-06 10:00:00;1.4832204554211672;;;;;;;
2022-05-06 11:00:00;1.0437918937828978;;;;;;;
2022-05-06 12:00:00;2.2115270877700763;;;;;;;
2022-05-06 13:00:00;2.458966508502616;;;;;;;
2022-05-06 14:00:00;2.63306846236744;;;;;;;
2022-05-06 15:00:00;3.111923365441707;;;;;;;
2022-05-06 16:00:00;3.137859786651022;;;;;;;
2022-05-06 17:00:00;38.634311699815925;;;;;;;
2022-05-06 18:00:00;39.23755708277051;;;;;;;
2022-05-06 19:00:00;39.44765700055515;;;;;;;
2022-05-06 20:00:00;39.41501288420549;;;;;;;
2022-05-06 21:00:00;39.40800706928113;;;;;;;
2022-05-06 22:00:00;39.44810418023116;;;;;;;
2022-05-06 23:00:00;38.637143837764064;;;;;;;
2022-05-07 00:00:00;38.54129832720321;;;;;;;
2022-05-07 01:00:00;38.32538507363027;;;;;;;
2022-05-07 02:00:00;38.50373523441731;;;;;;;
2022-05-07 03:00:00;38.70332642981543;;;;;;;
2022-05-07 04:00:00;38.65190076707282;;;;;;;
2022-05-07 05:00:00;39.0955775356333;;;;;;;
2022-05-07 06:00:00;40.46424546404666;;;;;;;
2022-05-07 07:00:00;40.207862449793666;;;;;;;
2022-05-07 08:00:00;40.36817636364779;;;;;;;
2022-05-07 09:00:00;39.957963540843004;;;;;;;
2022-05-07 10:00:00;39.68682359728126;;;;;;;
2022-05-07 11:00:00;39.98829722886654;;;;;;;
2022-05-07 12:00:00;39.91339463313274;;;;;;;
2022-05-07 13:00:00;40.053585461565866;;;;;;;
2022-05-07 14:00:00;39.59217056585647;;;;;;;
2022-05-07 15:00:00;39.07061000372204;;;;;;;
2022-05-07 16:00:00;39.23703537314847;;;;;;;
2022-05-07 17:00:00;39.60841809408529;;;;;;;
2022-05-07 18:00:00;39.69986633783193;;;;;;;
2022-05-07 19:00:00;39.75568926738875;;;;;;;
2022-05-07 20:00:00;41.332593864936676;;;;;;;
2022-05-07 21:00:00;40.42526630228669;;;;;;;
2022-05-07 22:00:00;38.82667349045167;;;;;;;
2022-05-07 23:00:00;38.233489650207616;;;;;;;
2022-05-08 00:00:00;36.39684819083653;;;;;;;
2022-05-08 01:00:00;35.459186940163015;;;;;;;
2022-05-08 02:00:00;34.4876890940038;;;;;;;
2022-05-08 03:00:00;35.59624751086396;;;;;;;
2022-05-08 04:00:00;34.34891433454475;;;;;;;
2022-05-08 05:00:00;35.02169615712084;;;;;;;
2022-05-08 06:00:00;37.64626820564385;;;;;;;
2022-05-08 07:00:00;37.886627281506044;;;;;;;
2022-05-08 08:00:00;37.711109258667136;;;;;;;
2022-05-08 09:00:00;37.7260152478679;;;;;;;
2022-05-08 10:00:00;1.8612363415523245;;;;;;;
2022-05-08 11:00:00;2.1044275553626486;;;;;;;
2022-05-08 12:00:00;2.04644325737171;;;;;;;
2022-05-08 13:00:00;1.561178778941118;;;;;;;
2022-05-08 14:00:00;1.7050215747284077;;;;;;;
2022-05-08 15:00:00;1.381338019234004;;;;;;;
2022-05-08 16:00:00;1.6295227394265814;;;;;;;
2022-05-08 17:00:00;0.9155258567103973;;;;;;;
2022-05-08 18:00:00;1.3832757978301025;;;;;;;
2022-05-08 19:00:00;36.42680922913005;;;;;;;
2022-05-08 20:00:00;36.278271046744536;;;;;;;
2022-05-08 21:00:00;35.85784762133722;;;;;;;
2022-05-08 22:00:00;35.60511657443841;;;;;;;
2022-05-08 23:00:00;0.0;;;;;;;
2022-05-09 00:00:00;31.227674725852573;;;;;;;
2022-05-09 01:00:00;22.791704667631045;;;;;;;
2022-05-09 02:00:00;7.546455152666443;;;;;;;
2022-05-09 03:00:00;5.194588176571255;;;;;;;
2022-05-09 04:00:00;11.654247656610618;;;;;;;
2022-05-09 05:00:00;32.89625115698513;;;;;;;
2022-05-09 06:00:00;36.16960638547101;;;;;;;
2022-05-09 07:00:00;38.03233332594342;;;;;;;
2022-05-09 08:00:00;30.05352995650907;;;;;;;
2022-05-09 09:00:00;2.454047532066367;;;;;;;
2022-05-09 10:00:00;3.0879992527744946;;;;;;;
2022-05-09 11:00:00;2.641713936103878;;;;;;;
2022-05-09 12:00:00;1.4669729271923437;;;;;;;
2022-05-09 13:00:00;2.0326552173610115;;;;;;;
2022-05-09 14:00:00;4.07529744748653;;;;;;;
2022-05-09 15:00:00;4.00941297521919;;;;;;;
2022-05-09 16:00:00;39.40949766820122;;;;;;;
2022-05-09 17:00:00;39.21661416794344;;;;;;;
2022-05-09 18:00:00;39.87627872002287;;;;;;;
2022-05-09 19:00:00;40.22984878386478;;;;;;;
2022-05-09 20:00:00;39.91771737000097;;;;;;;
2022-05-09 21:00:00;39.696139840531735;;;;;;;
2022-05-09 22:00:00;39.370518506441236;;;;;;;
2022-05-09 23:00:00;39.01404177470517;;;;;;;
2022-05-10 00:00:00;38.76250320694242;;;;;;;
2022-05-10 01:00:00;38.87347829654204;;;;;;;
2022-05-10 02:00:00;37.54423670956468;;;;;;;
2022-05-10 03:00:00;37.13983722254818;;;;;;;
2022-05-10 04:00:00;37.38742570317273;;;;;;;
2022-05-10 05:00:00;37.69881181757651;;;;;;;
2022-05-10 06:00:00;39.15266747427219;;;;;;;
2022-05-10 07:00:00;39.9537153339208;;;;;;;
2022-05-10 08:00:00;39.78542671584426;;;;;;;
2022-05-10 09:00:00;40.231935622352886;;;;;;;
2022-05-10 10:00:00;5.429730156213171;;;;;;;
2022-05-10 11:00:00;5.255553672402343;;;;;;;
2022-05-10 12:00:00;4.918007546951237;;;;;;;
2022-05-10 13:00:00;4.6476874327955375;;;;;;;
2022-05-10 14:00:00;4.5707725285196386;;;;;;;
2022-05-10 15:00:00;4.180384671351855;;;;;;;
2022-05-10 16:00:00;4.193576471794523;;;;;;;
2022-05-10 17:00:00;39.57189842054344;;;;;;;
2022-05-10 18:00:00;40.00879296401759;;;;;;;
2022-05-10 19:00:00;40.07557179563696;;;;;;;
2022-05-10 20:00:00;39.00956997794494;;;;;;;
2022-05-10 21:00:00;38.64355341312039;;;;;;;
2022-05-10 22:00:00;39.207894164261;;;;;;;
2022-05-10 23:00:00;38.01616032766059;;;;;;;
2022-05-11 00:00:00;35.66548583070147;;;;;;;
2022-05-11 01:00:00;0.0;;;;;;;
2022-05-11 02:00:00;0.0;;;;;;;
2022-05-11 03:00:00;0.0;;;;;;;
2022-05-11 04:00:00;0.0;;;;;;;
2022-05-11 05:00:00;0.0;;;;;;;
2022-05-11 06:00:00;0.0;;;;;;;
2022-05-11 07:00:00;0.0;;;;;;;
2022-05-11 08:00:00;0.0;;;;;;;
2022-05-11 09:00:00;0.0;;;;;;;
2022-05-11 10:00:00;0.0;;;;;;;
2022-05-11 11:00:00;0.0;;;;;;;
2022-05-11 12:00:00;0.0;;;;;;;
2022-05-11 13:00:00;0.0;;;;;;;
2022-05-11 14:00:00;0.0;;;;;;;
2022-05-11 15:00:00;0.0;;;;;;;
2022-05-11 16:00:00;0.0;;;;;;;
2022-05-11 17:00:00;0.0;;;;;;;
2022-05-11 18:00:00;0.0;;;;;;;
2022-05-11 19:00:00;0.0;;;;;;;
2022-05-11 20:00:00;0.0;;;;;;;
2022-05-11 21:00:00;0.0;;;;;;;
2022-05-11 22:00:00;0.0;;;;;;;
2022-05-11 23:00:00;0.0;;;;;;;
2022-05-12 00:00:00;0.0;;;;;;;
2022-05-12 01:00:00;0.0;;;;;;;
2022-05-12 02:00:00;0.0;;;;;;;
2022-05-12 03:00:00;0.0;;;;;;;
2022-05-12 04:00:00;0.0;;;;;;;
2022-05-12 05:00:00;0.0;;;;;;;
2022-05-12 06:00:00;0.0;;;;;;;
2022-05-12 07:00:00;0.0;;;;;;;
2022-05-12 08:00:00;0.0;;;;;;;
2022-05-12 09:00:00;0.0;;;;;;;
2022-05-12 10:00:00;0.0;;;;;;;
2022-05-12 11:00:00;0.0;;;;;;;
2022-05-12 12:00:00;0.0;;;;;;;
2022-05-12 13:00:00;0.0;;;;;;;
2022-05-12 14:00:00;0.0;;;;;;;
2022-05-12 15:00:00;0.0;;;;;;;
2022-05-12 16:00:00;0.0;;;;;;;
2022-05-12 17:00:00;0.0;;;;;;;
2022-05-12 18:00:00;0.0;;;;;;;
2022-05-12 19:00:00;0.0;;;;;;;
2022-05-12 20:00:00;0.0;;;;;;;
2022-05-12 21:00:00;0.0;;;;;;;
2022-05-12 22:00:00;0.0;;;;;;;
2022-05-12 23:00:00;0.0;;;;;;;
2022-05-13 00:00:00;0.0;;;;;;;
2022-05-13 01:00:00;0.0;;;;;;;
2022-05-13 02:00:00;0.0;;;;;;;
2022-05-13 03:00:00;0.0;;;;;;;
2022-05-13 04:00:00;0.0;;;;;;;
2022-05-13 05:00:00;0.0;;;;;;;
2022-05-13 06:00:00;0.0;;;;;;;
2022-05-13 07:00:00;0.0;;;;;;;
2022-05-13 08:00:00;0.0;;;;;;;
2022-05-13 09:00:00;0.0;;;;;;;
2022-05-13 10:00:00;0.0;;;;;;;
2022-05-13 11:00:00;0.0;;;;;;;
2022-05-13 12:00:00;0.0;;;;;;;
2022-05-13 13:00:00;0.0;;;;;;;
2022-05-13 14:00:00;0.0;;;;;;;
2022-05-13 15:00:00;0.0;;;;;;;
2022-05-13 16:00:00;0.0;;;;;;;
2022-05-13 17:00:00;0.0;;;;;;;
2022-05-13 18:00:00;0.0;;;;;;;
2022-05-13 19:00:00;35.77049852462079;;;;;;;
2022-05-13 20:00:00;35.50986730344558;;;;;;;
2022-05-13 21:00:00;34.92793748504809;;;;;;;
2022-05-13 22:00:00;35.799937853292285;;;;;;;
2022-05-13 23:00:00;35.46045394924508;;;;;;;
2022-05-14 00:00:00;32.67877277454611;;;;;;;
2022-05-14 01:00:00;32.78363640857342;;;;;;;
2022-05-14 02:00:00;33.27165849500615;;;;;;;
2022-05-14 03:00:00;34.60566999852776;;;;;;;
2022-05-14 04:00:00;35.11463499978756;;;;;;;
2022-05-14 05:00:00;37.46970676356091;;;;;;;
2022-05-14 06:00:00;38.76630423418861;;;;;;;
2022-05-14 07:00:00;3.8146662263113207;;;;;;;
2022-05-14 08:00:00;2.8181263182948184;;;;;;;
2022-05-14 09:00:00;2.474096087541383;;;;;;;
2022-05-14 10:00:00;1.5851774215543344;;;;;;;
2022-05-14 11:00:00;0.9109050000581631;;;;;;;
2022-05-14 12:00:00;0.42213761416539325;;;;;;;
2022-05-14 13:00:00;0.4518750626209004;;;;;;;
2022-05-14 14:00:00;1.3902816127544573;;;;;;;
2022-05-14 15:00:00;1.6822154112512517;;;;;;;
2022-05-14 16:00:00;1.2313837678744044;;;;;;;
2022-05-14 17:00:00;1.4670474571383474;;;;;;;
2022-05-14 18:00:00;2.4955607119904712;;;;;;;
2022-05-14 19:00:00;2.7086418276152697;;;;;;;
2022-05-14 20:00:00;3.0886700222885284;;;;;;;
2022-05-14 21:00:00;3.4415693166164134;;;;;;;
2022-05-14 22:00:00;2.327123034021935;;;;;;;
2022-05-14 23:00:00;2.2218122203185984;;;;;;;
2022-05-15 00:00:00;1.5716129713816467;;;;;;;
2022-05-15 01:00:00;1.0578780535776116;;;;;;;
2022-05-15 02:00:00;0.5627756222745206;;;;;;;
2022-05-15 03:00:00;1.2357810346886273;;;;;;;
2022-05-15 04:00:00;1.4499800995034828;;;;;;;
2022-05-15 05:00:00;2.297609175404439;;;;;;;
2022-05-15 06:00:00;3.445444873808609;;;;;;;
2022-05-15 07:00:00;3.505068830611631;;;;;;;
2022-05-15 08:00:00;3.5730401413670765;;;;;;;
2022-05-15 09:00:00;3.5611153500064714;;;;;;;
2022-05-15 10:00:00;3.1620074891562457;;;;;;;
2022-05-15 11:00:00;2.697164215930688;;;;;;;
2022-05-15 12:00:00;2.4363094049174685;;;;;;;
2022-05-15 13:00:00;0.4520986524589117;;;;;;;
2022-05-15 14:00:00;0.0;;;;;;;
2022-05-15 15:00:00;0.0;;;;;;;
2022-05-15 16:00:00;0.025489241533291754;;;;;;;
2022-05-15 17:00:00;1.3233537212430657;;;;;;;
2022-05-15 18:00:00;1.694885502071894;;;;;;;
2022-05-15 19:00:00;36.71829584795082;;;;;;;
2022-05-15 20:00:00;37.405983659727674;;;;;;;
2022-05-15 21:00:00;36.49597301902156;;;;;;;
2022-05-15 22:00:00;36.41421366825542;;;;;;;
2022-05-15 23:00:00;34.91392585519937;;;;;;;
2022-05-16 00:00:00;33.98118358096211;;;;;;;
2022-05-16 01:00:00;32.80644257205058;;;;;;;
2022-05-16 02:00:00;32.884997135138555;;;;;;;
2022-05-16 03:00:00;32.88104704800036;;;;;;;
2022-05-16 04:00:00;33.270913195546115;;;;;;;
2022-05-16 05:00:00;34.22370402525841;;;;;;;
2022-05-16 06:00:00;35.871859251185924;;;;;;;
2022-05-16 07:00:00;3.242127181110306;;;;;;;
2022-05-16 08:00:00;3.110656356359643;;;;;;;
2022-05-16 09:00:00;2.9315608961125665;;;;;;;
2022-05-16 10:00:00;2.8691048013614013;;;;;;;
2022-05-16 11:00:00;2.3669965551339556;;;;;;;
2022-05-16 12:00:00;2.6649672792570556;;;;;;;
2022-05-16 13:00:00;2.916729436857815;;;;;;;
2022-05-16 14:00:00;1.832318722502859;;;;;;;
2022-05-16 15:00:00;1.6063439262194068;;;;;;;
2022-05-16 16:00:00;1.8328404321248855;;;;;;;
2022-05-16 17:00:00;2.33472508851432;;;;;;;
2022-05-16 18:00:00;2.1739639949841734;;;;;;;
2022-05-16 19:00:00;1.9102770460228098;;;;;;;
2022-05-16 20:00:00;2.146835094638798;;;;;;;
2022-05-16 21:00:00;2.0369779542292306;;;;;;;
2022-05-16 22:00:00;1.9463495398886377;;;;;;;
2022-05-16 23:00:00;1.1257003044410487;;;;;;;
2022-05-17 00:00:00;1.0093590587291528;;;;;;;
2022-05-17 01:00:00;2.011414182749935;;;;;;;
2022-05-17 02:00:00;1.6538195018238129;;;;;;;
2022-05-17 03:00:00;1.3974364875708198;;;;;;;
2022-05-17 04:00:00;2.313111404173225;;;;;;;
2022-05-17 05:00:00;3.014661785906778;;;;;;;
2022-05-17 06:00:00;2.1496672325869417;;;;;;;
2022-05-17 07:00:00;2.8260264925712186;;;;;;;
2022-05-17 08:00:00;3.150008167849637;;;;;;;
2022-05-17 09:00:00;3.4360541006121337;;;;;;;
2022-05-17 10:00:00;3.3610024449863296;;;;;;;
2022-05-17 11:00:00;3.2732061685938807;;;;;;;
2022-05-17 12:00:00;2.8790918141259074;;;;;;;
2022-05-17 13:00:00;3.8119831482551847;;;;;;;
2022-05-17 14:00:00;4.061360347583823;;;;;;;
2022-05-17 15:00:00;4.177403473511704;;;;;;;
2022-05-17 16:00:00;5.077352571507312;;;;;;;
2022-05-17 17:00:00;5.556132944635577;;;;;;;
2022-05-17 18:00:00;5.804466724720161;;;;;;;
2022-05-17 19:00:00;41.15029361701143;;;;;;;
2022-05-17 20:00:00;40.89010957551225;;;;;;;
2022-05-17 21:00:00;40.19638483810909;;;;;;;
2022-05-17 22:00:00;38.23565101864173;;;;;;;
2022-05-17 23:00:00;35.791739559231864;;;;;;;
2022-05-18 00:00:00;33.46141173753177;;;;;;;
2022-05-18 01:00:00;31.76048930983357;;;;;;;
2022-05-18 02:00:00;30.543117171807875;;;;;;;
2022-05-18 03:00:00;30.551911705436325;;;;;;;
2022-05-18 04:00:00;30.709691601126323;;;;;;;
2022-05-18 05:00:00;30.79145095189246;;;;;;;
2022-05-18 06:00:00;30.76163897349095;;;;;;;
2022-05-18 07:00:00;31.419365746974282;;;;;;;
2022-05-18 08:00:00;32.576070508952895;;;;;;;
2022-05-18 09:00:00;0.0;;;;;;;
2022-05-18 10:00:00;0.0;;;;;;;
2022-05-18 11:00:00;0.0;;;;;;;
2022-05-18 12:00:00;0.0;;;;;;;
2022-05-18 13:00:00;0.0;;;;;;;
2022-05-18 14:00:00;0.0;;;;;;;
2022-05-18 15:00:00;0.0;;;;;;;
2022-05-18 16:00:00;0.0;;;;;;;
2022-05-18 17:00:00;30.51509391211045;;;;;;;
2022-05-18 18:00:00;30.957131021858853;;;;;;;
2022-05-18 19:00:00;31.177963251868047;;;;;;;
2022-05-18 20:00:00;31.303322621046398;;;;;;;
2022-05-18 21:00:00;31.202036424427266;;;;;;;
2022-05-18 22:00:00;30.960112219699013;;;;;;;
2022-05-18 23:00:00;30.924635965401208;;;;;;;
2022-05-19 00:00:00;31.224022758498382;;;;;;;
2022-05-19 01:00:00;29.3143419520436;;;;;;;
2022-05-19 02:00:00;29.640783115540145;;;;;;;
2022-05-19 03:00:00;28.998185921095576;;;;;;;
2022-05-19 04:00:00;28.803513702133714;;;;;;;
2022-05-19 05:00:00;28.29648647947002;;;;;;;
2022-05-19 06:00:00;0.0;;;;;;;
2022-05-19 07:00:00;0.0;;;;;;;
2022-05-19 08:00:00;0.0;;;;;;;
2022-05-19 09:00:00;0.0;;;;;;;
2022-05-19 10:00:00;0.0;;;;;;;
2022-05-19 11:00:00;0.0;;;;;;;
2022-05-19 12:00:00;0.0;;;;;;;
2022-05-19 13:00:00;0.0;;;;;;;
2022-05-19 14:00:00;0.0;;;;;;;
2022-05-19 15:00:00;0.0;;;;;;;
2022-05-19 16:00:00;0.0;;;;;;;
2022-05-19 17:00:00;0.0;;;;;;;
2022-05-19 18:00:00;28.924028624821823;;;;;;;
2022-05-19 19:00:00;28.774670613030253;;;;;;;
2022-05-19 20:00:00;28.88780707106399;;;;;;;
2022-05-19 21:00:00;28.954064193061345;;;;;;;
2022-05-19 22:00:00;28.616816187394253;;;;;;;
2022-05-19 23:00:00;28.44234158379941;;;;;;;
2022-05-20 00:00:00;28.540124872956373;;;;;;;
2022-05-20 01:00:00;29.48248151022812;;;;;;;
2022-05-20 02:00:00;30.060461241487413;;;;;;;
2022-05-20 03:00:00;30.283454839930716;;;;;;;
2022-05-20 04:00:00;32.45413951729072;;;;;;;
2022-05-20 05:00:00;33.941384589796094;;;;;;;
2022-05-20 06:00:00;36.26358864738178;;;;;;;
2022-05-20 07:00:00;36.59002981087833;;;;;;;
2022-05-20 08:00:00;1.5339008187037355;;;;;;;
2022-05-20 09:00:00;2.653489667572474;;;;;;;
2022-05-20 10:00:00;2.050393344509911;;;;;;;
2022-05-20 11:00:00;1.878154639295182;;;;;;;
2022-05-20 12:00:00;2.429154530101106;;;;;;;
2022-05-20 13:00:00;2.4493521454681293;;;;;;;
2022-05-20 14:00:00;2.0705164299309304;;;;;;;
2022-05-20 15:00:00;1.879123528593231;;;;;;;
2022-05-20 16:00:00;2.0523311231060086;;;;;;;
2022-05-20 17:00:00;38.374649367938765;;;;;;;
2022-05-20 18:00:00;38.8962099300732;;;;;;;
2022-05-20 19:00:00;39.338694219497626;;;;;;;
2022-05-20 20:00:00;39.464649828244006;;;;;;;
2022-05-20 21:00:00;39.15453072292229;;;;;;;
2022-05-20 22:00:00;38.80461262643457;;;;;;;
2022-05-20 23:00:00;38.56872534733262;;;;;;;
2022-05-21 00:00:00;37.58753860819288;;;;;;;
2022-05-21 01:00:00;36.846487355077315;;;;;;;
2022-05-21 02:00:00;17.640120269903974;;;;;;;
2022-05-21 03:00:00;0.0;;;;;;;
2022-05-21 04:00:00;0.0;;;;;;;
2022-05-21 05:00:00;4.090576086417305;;;;;;;
2022-05-21 06:00:00;1.9131837139169572;;;;;;;
2022-05-21 07:00:00;2.492355924312309;;;;;;;
2022-05-21 08:00:00;3.036648119977892;;;;;;;
2022-05-21 09:00:00;4.501832328466146;;;;;;;
2022-05-21 10:00:00;3.1333134599447923;;;;;;;
2022-05-21 11:00:00;3.1716963821367368;;;;;;;
2022-05-21 12:00:00;1.9152705524050626;;;;;;;
2022-05-21 13:00:00;1.6088779443835355;;;;;;;
2022-05-21 14:00:00;2.0988378094123656;;;;;;;
2022-05-21 15:00:00;3.525266445978656;;;;;;;
2022-05-21 16:00:00;3.714199859098229;;;;;;;
2022-05-21 17:00:00;4.411651093801575;;;;;;;
2022-05-21 18:00:00;5.742383279699015;;;;;;;
2022-05-21 19:00:00;5.9492784098055;;;;;;;
2022-05-21 20:00:00;6.085519151100404;;;;;;;
2022-05-21 21:00:00;6.027460323163463;;;;;;;
2022-05-21 22:00:00;5.778679363402854;;;;;;;
2022-05-21 23:00:00;5.059987094088432;;;;;;;
2022-05-22 00:00:00;2.3125151646051942;;;;;;;
2022-05-22 01:00:00;0.9156749166024049;;;;;;;
2022-05-22 02:00:00;0.0;;;;;;;
2022-05-22 03:00:00;0.0;;;;;;;
2022-05-22 04:00:00;0.0;;;;;;;
2022-05-22 05:00:00;0.0;;;;;;;
2022-05-22 06:00:00;0.0;;;;;;;
2022-05-22 07:00:00;0.0;;;;;;;
2022-05-22 08:00:00;0.0;;;;;;;
2022-05-22 09:00:00;0.362737247200383;;;;;;;
2022-05-22 10:00:00;0.4389068520162431;;;;;;;
2022-05-22 11:00:00;0.3903878571677843;;;;;;;
2022-05-22 12:00:00;0.09010670471856645;;;;;;;
2022-05-22 13:00:00;0.06342498404921429;;;;;;;
2022-05-22 14:00:00;0.0;;;;;;;
2022-05-22 15:00:00;0.0;;;;;;;
2022-05-22 16:00:00;0.0;;;;;;;
2022-05-22 17:00:00;0.0;;;;;;;
2022-05-22 18:00:00;1.7490687728166399;;;;;;;
2022-05-22 19:00:00;2.657439754710675;;;;;;;
2022-05-22 20:00:00;2.32801739337398;;;;;;;
2022-05-22 21:00:00;2.6190568325187296;;;;;;;
2022-05-22 22:00:00;2.305211229896824;;;;;;;
2022-05-22 23:00:00;1.9347228683120488;;;;;;;
2022-05-23 00:00:00;1.9155686721890777;;;;;;;
2022-05-23 01:00:00;1.2960012310596791;;;;;;;
2022-05-23 02:00:00;0.6243373576736404;;;;;;;
2022-05-23 03:00:00;1.2901878952713848;;;;;;;
2022-05-23 04:00:00;1.458923693023936;;;;;;;
2022-05-23 05:00:00;2.2212905106965715;;;;;;;
2022-05-23 06:00:00;5.158068503029402;;;;;;;
2022-05-23 07:00:00;4.817317589900133;;;;;;;
2022-05-23 08:00:00;3.773674756009244;;;;;;;
2022-05-23 09:00:00;3.887481983557011;;;;;;;
2022-05-23 10:00:00;3.4403023075343486;;;;;;;
2022-05-23 11:00:00;3.929591403049145;;;;;;;
2022-05-23 12:00:00;4.699560275214167;;;;;;;
2022-05-23 13:00:00;3.6799160839364924;;;;;;;
2022-05-23 14:00:00;3.514459603808107;;;;;;;
2022-05-23 15:00:00;4.482752662289178;;;;;;;
2022-05-23 16:00:00;5.756618499385736;;;;;;;
2022-05-23 17:00:00;4.934478665018073;;;;;;;
2022-05-23 18:00:00;5.399694587973648;;;;;;;
2022-05-23 19:00:00;41.374852344320814;;;;;;;
2022-05-23 20:00:00;41.40287560401822;;;;;;;
2022-05-23 21:00:00;41.145747290305195;;;;;;;
2022-05-23 22:00:00;41.07017392505737;;;;;;;
2022-05-23 23:00:00;40.73367121885031;;;;;;;
2022-05-24 00:00:00;39.97808662626403;;;;;;;
2022-05-24 01:00:00;40.43622220434924;;;;;;;
2022-05-24 02:00:00;40.75774439140954;;;;;;;
2022-05-24 03:00:00;40.51865232462942;;;;;;;
2022-05-24 04:00:00;40.20830962946969;;;;;;;
2022-05-24 05:00:00;40.3939637249651;;;;;;;
2022-05-24 06:00:00;39.91838813951498;;;;;;;
2022-05-24 07:00:00;40.11611608626302;;;;;;;
2022-05-24 08:00:00;41.553426094945856;;;;;;;
2022-05-24 09:00:00;6.445498790298647;;;;;;;
2022-05-24 10:00:00;6.0137468130987655;;;;;;;
2022-05-24 11:00:00;3.6897540368089903;;;;;;;
2022-05-24 12:00:00;5.1050777114207175;;;;;;;
2022-05-24 13:00:00;3.7389438011714837;;;;;;;
2022-05-24 14:00:00;4.810758954651803;;;;;;;
2022-05-24 15:00:00;4.899822240126315;;;;;;;
2022-05-24 16:00:00;4.850110766141796;;;;;;;
2022-05-24 17:00:00;4.2262205881441774;;;;;;;
2022-05-24 18:00:00;38.97632962202726;;;;;;;
2022-05-24 19:00:00;39.056896493657334;;;;;;;
2022-05-24 20:00:00;38.750652945527825;;;;;;;
2022-05-24 21:00:00;38.82406494234154;;;;;;;
2022-05-24 22:00:00;37.669894198527054;;;;;;;
2022-05-24 23:00:00;36.57631630081363;;;;;;;
2022-05-25 00:00:00;34.86227660261876;;;;;;;
2022-05-25 01:00:00;32.818069243627164;;;;;;;
2022-05-25 02:00:00;31.091881164233683;;;;;;;
2022-05-25 03:00:00;30.42342207852581;;;;;;;
2022-05-25 04:00:00;0.0;;;;;;;
2022-05-25 05:00:00;30.118520069424353;;;;;;;
2022-05-25 06:00:00;19.316969525042953;;;;;;;
2022-05-25 07:00:00;0.0;;;;;;;
2022-05-25 08:00:00;0.0;;;;;;;
2022-05-25 09:00:00;0.0;;;;;;;
2022-05-25 10:00:00;0.0;;;;;;;
2022-05-25 11:00:00;0.0;;;;;;;
2022-05-25 12:00:00;0.0;;;;;;;
2022-05-25 13:00:00;0.0;;;;;;;
2022-05-25 14:00:00;0.0;;;;;;;
2022-05-25 15:00:00;0.0;;;;;;;
2022-05-25 16:00:00;0.0;;;;;;;
2022-05-25 17:00:00;0.0;;;;;;;
2022-05-25 18:00:00;0.0;;;;;;;
2022-05-25 19:00:00;0.0;;;;;;;
2022-05-25 20:00:00;0.0;;;;;;;
2022-05-25 21:00:00;0.0;;;;;;;
2022-05-25 22:00:00;0.0;;;;;;;
2022-05-25 23:00:00;0.0;;;;;;;
2022-05-26 00:00:00;0.0;;;;;;;
2022-05-26 01:00:00;0.0;;;;;;;
2022-05-26 02:00:00;0.0;;;;;;;
2022-05-26 03:00:00;0.0;;;;;;;
2022-05-26 04:00:00;0.0;;;;;;;
2022-05-26 05:00:00;0.0;;;;;;;
2022-05-26 06:00:00;0.0;;;;;;;
2022-05-26 07:00:00;0.0;;;;;;;
2022-05-26 08:00:00;0.0;;;;;;;
2022-05-26 09:00:00;0.0;;;;;;;
2022-05-26 10:00:00;0.0;;;;;;;
2022-05-26 11:00:00;0.0;;;;;;;
2022-05-26 12:00:00;0.0;;;;;;;
2022-05-26 13:00:00;0.0;;;;;;;
2022-05-26 14:00:00;0.0;;;;;;;
2022-05-26 15:00:00;0.0;;;;;;;
2022-05-26 16:00:00;0.0;;;;;;;
2022-05-26 17:00:00;0.0;;;;;;;
2022-05-26 18:00:00;0.0;;;;;;;
2022-05-26 19:00:00;0.0;;;;;;;
2022-05-26 20:00:00;0.0;;;;;;;
2022-05-26 21:00:00;0.0;;;;;;;
2022-05-26 22:00:00;0.0;;;;;;;
2022-05-26 23:00:00;0.0;;;;;;;
2022-05-27 00:00:00;0.0;;;;;;;
2022-05-27 01:00:00;0.0;;;;;;;
2022-05-27 02:00:00;24.57118165841723;;;;;;;
2022-05-27 03:00:00;25.232783989092752;;;;;;;
2022-05-27 04:00:00;15.997778379764743;;;;;;;
2022-05-27 05:00:00;30.50428706993991;;;;;;;
2022-05-27 06:00:00;33.76556844717319;;;;;;;
2022-05-27 07:00:00;36.151346548700076;;;;;;;
2022-05-27 08:00:00;1.0358917195064972;;;;;;;
2022-05-27 09:00:00;0.9694110076711281;;;;;;;
2022-05-27 10:00:00;1.4152491446657225;;;;;;;
2022-05-27 11:00:00;1.4812826768250689;;;;;;;
2022-05-27 12:00:00;1.3550289482946707;;;;;;;
2022-05-27 13:00:00;2.461351466774737;;;;;;;
2022-05-27 14:00:00;2.7205666189758744;;;;;;;
2022-05-27 15:00:00;2.402174689647738;;;;;;;
2022-05-27 16:00:00;2.4462964176819746;;;;;;;
2022-05-27 17:00:00;4.383255184374136;;;;;;;
2022-05-27 18:00:00;39.67199213802651;;;;;;;
2022-05-27 19:00:00;39.82813237490443;;;;;;;
2022-05-27 20:00:00;39.66640239207623;;;;;;;
2022-05-27 21:00:00;39.05920692198347;;;;;;;
2022-05-27 22:00:00;39.031481782070045;;;;;;;
2022-05-27 23:00:00;38.44746512518445;;;;;;;
2022-05-28 00:00:00;38.04261845849194;;;;;;;
2022-05-28 01:00:00;37.90078797124674;;;;;;;
2022-05-28 02:00:00;37.38593510425266;;;;;;;
2022-05-28 03:00:00;36.93972431752805;;;;;;;
2022-05-28 04:00:00;36.29272985626926;;;;;;;
2022-05-28 05:00:00;38.3437939702932;;;;;;;
2022-05-28 06:00:00;39.13254438885117;;;;;;;
2022-05-28 07:00:00;39.50683377768214;;;;;;;
2022-05-28 08:00:00;39.127029172846896;;;;;;;
2022-05-28 09:00:00;3.9818368951977927;;;;;;;
2022-05-28 10:00:00;3.636614185308298;;;;;;;
2022-05-28 11:00:00;4.007773316407107;;;;;;;
2022-05-28 12:00:00;4.011350753815289;;;;;;;
2022-05-28 13:00:00;3.2753675370279907;;;;;;;
2022-05-28 14:00:00;3.263144625883371;;;;;;;
2022-05-28 15:00:00;3.1762427088429668;;;;;;;
2022-05-28 16:00:00;3.653085303375133;;;;;;;
2022-05-28 17:00:00;39.10034745217753;;;;;;;
2022-05-28 18:00:00;38.813258100170984;;;;;;;
2022-05-28 19:00:00;38.426224090573385;;;;;;;
2022-05-28 20:00:00;38.78985569712581;;;;;;;
2022-05-28 21:00:00;38.52840464654455;;;;;;;
2022-05-28 22:00:00;37.20408203600345;;;;;;;
2022-05-28 23:00:00;36.90715473112439;;;;;;;
2022-05-29 00:00:00;36.240707953958626;;;;;;;
2022-05-29 01:00:00;36.415853327067495;;;;;;;
2022-05-29 02:00:00;36.44641060492904;;;;;;;
2022-05-29 03:00:00;36.62073614863188;;;;;;;
2022-05-29 04:00:00;37.02722247413647;;;;;;;
2022-05-29 05:00:00;36.79386921319866;;;;;;;
2022-05-29 06:00:00;37.70946959985506;;;;;;;
2022-05-29 07:00:00;38.07682770370767;;;;;;;
2022-05-29 08:00:00;37.98873330753121;;;;;;;
2022-05-29 09:00:00;2.5130007193553547;;;;;;;
2022-05-29 10:00:00;2.5879033150891506;;;;;;;
2022-05-29 11:00:00;2.4669412127250205;;;;;;;
2022-05-29 12:00:00;2.2478231714739163;;;;;;;
2022-05-29 13:00:00;1.976757757858179;;;;;;;
2022-05-29 14:00:00;1.9969553732252023;;;;;;;
2022-05-29 15:00:00;2.012532131939992;;;;;;;
2022-05-29 16:00:00;1.502970891112168;;;;;;;
2022-05-29 17:00:00;2.666159758393117;;;;;;;
2022-05-29 18:00:00;39.01322194529913;;;;;;;
2022-05-29 19:00:00;40.06774615130657;;;;;;;
2022-05-29 20:00:00;40.34559379000865;;;;;;;
2022-05-29 21:00:00;39.68108479143898;;;;;;;
2022-05-29 22:00:00;38.87556513503016;;;;;;;
2022-05-29 23:00:00;37.90056438140874;;;;;;;
2022-05-30 00:00:00;35.273607374613604;;;;;;;
2022-05-30 01:00:00;30.862850640164076;;;;;;;
2022-05-30 02:00:00;28.467905355278702;;;;;;;
2022-05-30 03:00:00;27.74436863947404;;;;;;;
2022-05-30 04:00:00;27.397133621042443;;;;;;;
2022-05-30 05:00:00;27.197095245968306;;;;;;;
2022-05-30 06:00:00;25.762095665611582;;;;;;;
2022-05-30 07:00:00;26.945631208151564;;;;;;;
2022-05-30 08:00:00;27.467117240339988;;;;;;;
2022-05-30 09:00:00;29.065859112067013;;;;;;;
2022-05-30 10:00:00;0.0;;;;;;;
2022-05-30 11:00:00;0.0;;;;;;;
2022-05-30 12:00:00;0.0;;;;;;;
2022-05-30 13:00:00;0.0;;;;;;;
2022-05-30 14:00:00;0.0;;;;;;;
2022-05-30 15:00:00;0.0;;;;;;;
2022-05-30 16:00:00;0.0;;;;;;;
2022-05-30 17:00:00;27.89909280737788;;;;;;;
2022-05-30 18:00:00;28.35782462503113;;;;;;;
2022-05-30 19:00:00;28.475656469663104;;;;;;;
2022-05-30 20:00:00;28.786073694768834;;;;;;;
2022-05-30 21:00:00;28.50435049887455;;;;;;;
2022-05-30 22:00:00;28.387189423756613;;;;;;;
2022-05-30 23:00:00;30.14259324198358;;;;;;;
2022-05-31 00:00:00;29.524367339882247;;;;;;;
2022-05-31 01:00:00;28.30297058477235;;;;;;;
2022-05-31 02:00:00;27.748169666720234;;;;;;;
2022-05-31 03:00:00;29.892098093464885;;;;;;;
2022-05-31 04:00:00;28.462688259058442;;;;;;;
2022-05-31 05:00:00;30.133053408895094;;;;;;;
2022-05-31 06:00:00;32.42194258061709;;;;;;;
2022-05-31 07:00:00;33.98662426702039;;;;;;;
2022-05-31 08:00:00;34.091562430993704;;;;;;;
2022-05-31 09:00:00;33.7895670897864;;;;;;;
2022-05-31 10:00:00;33.182371619693626;;;;;;;
2022-05-31 11:00:00;0.0;;;;;;;
2022-05-31 12:00:00;0.0;;;;;;;
2022-05-31 13:00:00;0.0;;;;;;;
2022-05-31 14:00:00;0.0;;;;;;;
2022-05-31 15:00:00;0.0;;;;;;;
2022-05-31 16:00:00;33.530053817801246;;;;;;;
2022-05-31 17:00:00;35.12775227028421;;;;;;;
2022-05-31 18:00:00;35.98656083808574;;;;;;;
2022-05-31 19:00:00;36.52556140758506;;;;;;;
2022-05-31 20:00:00;36.08687814540682;;;;;;;
2022-05-31 21:00:00;36.02986273671393;;;;;;;
2022-05-31 22:00:00;36.36010492745668;;;;;;;
2022-05-31 23:00:00;35.97776630445729;;;;;;;
2022-06-01 00:00:00;32.95893084157431;;;;;;;
2022-06-01 01:00:00;30.04413918331259;;;;;;;
2022-06-01 02:00:00;27.910794008900474;;;;;;;
2022-06-01 03:00:00;26.9168626489941;;;;;;;
2022-06-01 04:00:00;25.540592666088354;;;;;;;
2022-06-01 05:00:00;26.084214092239908;;;;;;;
2022-06-01 06:00:00;26.349391640121347;;;;;;;
2022-06-01 07:00:00;26.894354605300958;;;;;;;
2022-06-01 08:00:00;27.725438033189082;;;;;;;
2022-06-01 09:00:00;28.05627646349985;;;;;;;
2022-06-01 10:00:00;0.0;;;;;;;
2022-06-01 11:00:00;0.0;;;;;;;
2022-06-01 12:00:00;0.0;;;;;;;
2022-06-01 13:00:00;0.0;;;;;;;
2022-06-01 14:00:00;0.0;;;;;;;
2022-06-01 15:00:00;0.0;;;;;;;
2022-06-01 16:00:00;0.0;;;;;;;
2022-06-01 17:00:00;0.0;;;;;;;
2022-06-01 18:00:00;0.0;;;;;;;
2022-06-01 19:00:00;0.0;;;;;;;
2022-06-01 20:00:00;0.0;;;;;;;
2022-06-01 21:00:00;0.0;;;;;;;
2022-06-01 22:00:00;32.293229363868576;;;;;;;
2022-06-01 23:00:00;32.38549743702125;;;;;;;
2022-06-02 00:00:00;31.803642148569754;;;;;;;
2022-06-02 01:00:00;29.902010576283388;;;;;;;
2022-06-02 02:00:00;0.0;;;;;;;
2022-06-02 03:00:00;0.0;;;;;;;
2022-06-02 04:00:00;24.459461269357565;;;;;;;
2022-06-02 05:00:00;23.806653472310483;;;;;;;
2022-06-02 06:00:00;24.058341099965237;;;;;;;
2022-06-02 07:00:00;23.8701529863057;;;;;;;
2022-06-02 08:00:00;24.524600442164868;;;;;;;
2022-06-02 09:00:00;0.0;;;;;;;
2022-06-02 10:00:00;0.0;;;;;;;
2022-06-02 11:00:00;0.0;;;;;;;
2022-06-02 12:00:00;0.0;;;;;;;
2022-06-02 13:00:00;0.0;;;;;;;
2022-06-02 14:00:00;0.0;;;;;;;
2022-06-02 15:00:00;0.0;;;;;;;
2022-06-02 16:00:00;0.0;;;;;;;
2022-06-02 17:00:00;0.0;;;;;;;
2022-06-02 18:00:00;0.0;;;;;;;
2022-06-02 19:00:00;26.606072774158353;;;;;;;
2022-06-02 20:00:00;26.952786082967922;;;;;;;
2022-06-02 21:00:00;26.999665419004295;;;;;;;
2022-06-02 22:00:00;27.142837445277557;;;;;;;
2022-06-02 23:00:00;26.87281545090587;;;;;;;
2022-06-03 00:00:00;26.989529346347783;;;;;;;
2022-06-03 01:00:00;25.73511582515821;;;;;;;
2022-06-03 02:00:00;25.45801348591617;;;;;;;
2022-06-03 03:00:00;25.722445734337573;;;;;;;
2022-06-03 04:00:00;25.937837278288487;;;;;;;
2022-06-03 05:00:00;28.9135944323813;;;;;;;
2022-06-03 06:00:00;32.789002564685696;;;;;;;
2022-06-03 07:00:00;34.821881371884714;;;;;;;
2022-06-03 08:00:00;0.0;;;;;;;
2022-06-03 09:00:00;0.0;;;;;;;
2022-06-03 10:00:00;0.0;;;;;;;
2022-06-03 11:00:00;0.7465664691198349;;;;;;;
2022-06-03 12:00:00;1.290336955163392;;;;;;;
2022-06-03 13:00:00;1.2594815575178284;;;;;;;
2022-06-03 14:00:00;0.6948426865932135;;;;;;;
2022-06-03 15:00:00;0.720108338288494;;;;;;;
2022-06-03 16:00:00;0.11216756873568445;;;;;;;
2022-06-03 17:00:00;0.0;;;;;;;
2022-06-03 18:00:00;34.15640348401699;;;;;;;
2022-06-03 19:00:00;33.87989738434298;;;;;;;
2022-06-03 20:00:00;35.33248603195659;;;;;;;
2022-06-03 21:00:00;35.297606017226826;;;;;;;
2022-06-03 22:00:00;0.0;;;;;;;
2022-06-03 23:00:00;0.0;;;;;;;
2022-06-04 00:00:00;0.0;;;;;;;
2022-06-04 01:00:00;0.0;;;;;;;
2022-06-04 02:00:00;0.34373211096941975;;;;;;;
2022-06-04 03:00:00;0.6798621674464543;;;;;;;
2022-06-04 04:00:00;35.90249105899348;;;;;;;
2022-06-04 05:00:00;35.934837055559115;;;;;;;
2022-06-04 06:00:00;35.57813673398504;;;;;;;
2022-06-04 07:00:00;35.95779227892828;;;;;;;
2022-06-04 08:00:00;35.68620515569053;;;;;;;
2022-06-04 09:00:00;35.99289588349606;;;;;;;
2022-06-04 10:00:00;35.63895316992413;;;;;;;
2022-06-04 11:00:00;35.34545424256125;;;;;;;
2022-06-04 12:00:00;35.72153235009631;;;;;;;
2022-06-04 13:00:00;0.6788187482024016;;;;;;;
2022-06-04 14:00:00;35.690900542288766;;;;;;;
2022-06-04 15:00:00;35.63463043305591;;;;;;;
2022-06-04 16:00:00;34.7624064749737;;;;;;;
2022-06-04 17:00:00;34.68705669956388;;;;;;;
2022-06-04 18:00:00;34.02992616564859;;;;;;;
2022-06-04 19:00:00;33.47900080478865;;;;;;;
2022-06-04 20:00:00;33.6256012085781;;;;;;;
2022-06-04 21:00:00;34.51846996170333;;;;;;;
2022-06-04 22:00:00;34.760692286215615;;;;;;;
2022-06-04 23:00:00;34.07136481562668;;;;;;;
2022-06-05 00:00:00;34.02657231807841;;;;;;;
2022-06-05 01:00:00;33.16768922033088;;;;;;;
2022-06-05 02:00:00;32.1517715263534;;;;;;;
2022-06-05 03:00:00;32.348157934073356;;;;;;;
2022-06-05 04:00:00;33.32755595450899;;;;;;;
2022-06-05 05:00:00;34.475391652913146;;;;;;;
2022-06-05 06:00:00;35.16233416522997;;;;;;;
2022-06-05 07:00:00;0.0;;;;;;;
2022-06-05 08:00:00;0.0;;;;;;;
2022-06-05 09:00:00;0.0;;;;;;;
2022-06-05 10:00:00;0.0;;;;;;;
2022-06-05 11:00:00;0.0;;;;;;;
2022-06-05 12:00:00;0.0;;;;;;;
2022-06-05 13:00:00;0.0;;;;;;;
2022-06-05 14:00:00;0.0;;;;;;;
2022-06-05 15:00:00;0.49629491043915147;;;;;;;
2022-06-05 16:00:00;0.19362879971781277;;;;;;;
2022-06-05 17:00:00;0.96076553393469;;;;;;;
2022-06-05 18:00:00;0.8967443103174456;;;;;;;
2022-06-05 19:00:00;0.7978430719704335;;;;;;;
2022-06-05 20:00:00;0.8353316348103332;;;;;;;
2022-06-05 21:00:00;0.17194058543071364;;;;;;;
2022-06-05 22:00:00;35.73956859702922;;;;;;;
2022-06-05 23:00:00;35.00798264705615;;;;;;;
2022-06-06 00:00:00;32.2011103506079;;;;;;;
2022-06-06 01:00:00;30.04764209077477;;;;;;;
2022-06-06 02:00:00;26.488688109202403;;;;;;;
2022-06-06 03:00:00;0.0;;;;;;;
2022-06-06 04:00:00;0.0;;;;;;;
2022-06-06 05:00:00;31.434346266121043;;;;;;;
2022-06-06 06:00:00;28.016477472333825;;;;;;;
2022-06-06 07:00:00;28.989093267683117;;;;;;;
2022-06-06 08:00:00;0.13884928940503666;;;;;;;
2022-06-06 09:00:00;0.1632951116942755;;;;;;;
2022-06-06 10:00:00;1.0826219956508654;;;;;;;
2022-06-06 11:00:00;1.2035840980149957;;;;;;;
2022-06-06 12:00:00;1.2369735138246876;;;;;;;
2022-06-06 13:00:00;1.3101619208003972;;;;;;;
2022-06-06 14:00:00;1.4878413120734015;;;;;;;
2022-06-06 15:00:00;1.6370502639729632;;;;;;;
2022-06-06 16:00:00;1.23898582236679;;;;;;;
2022-06-06 17:00:00;1.003247603156843;;;;;;;
2022-06-06 18:00:00;36.53010773429129;;;;;;;
2022-06-06 19:00:00;36.890832672949564;;;;;;;
2022-06-06 20:00:00;37.14483072893044;;;;;;;
2022-06-06 21:00:00;36.97773458998998;;;;;;;
2022-06-06 22:00:00;2.8190952075928672;;;;;;;
2022-06-06 23:00:00;1.21886273694577;;;;;;;
2022-06-07 00:00:00;0.536541081281191;;;;;;;
2022-06-07 01:00:00;0.0014905989200755412;;;;;;;
2022-06-07 02:00:00;0.0;;;;;;;
2022-06-07 03:00:00;0.0;;;;;;;
2022-06-07 04:00:00;0.0;;;;;;;
2022-06-07 05:00:00;0.0;;;;;;;
2022-06-07 06:00:00;0.15092314065764856;;;;;;;
2022-06-07 07:00:00;0.2686804553436163;;;;;;;
2022-06-07 08:00:00;12.314284858420068;;;;;;;
2022-06-07 09:00:00;1.0936524276594244;;;;;;;
2022-06-07 10:00:00;0.7745151988712511;;;;;;;
2022-06-07 11:00:00;0.477066184370177;;;;;;;
2022-06-07 12:00:00;0.0;;;;;;;
2022-06-07 13:00:00;0.0;;;;;;;
2022-06-07 14:00:00;0.0;;;;;;;
2022-06-07 15:00:00;0.0;;;;;;;
2022-06-07 16:00:00;0.0;;;;;;;
2022-06-07 17:00:00;0.0;;;;;;;
2022-06-07 18:00:00;0.0;;;;;;;
2022-06-07 19:00:00;0.0;;;;;;;
2022-06-07 20:00:00;0.0;;;;;;;
2022-06-07 21:00:00;0.0;;;;;;;
2022-06-07 22:00:00;0.0;;;;;;;
2022-06-07 23:00:00;0.0;;;;;;;
2022-06-08 00:00:00;0.0;;;;;;;
2022-06-08 01:00:00;0.0;;;;;;;
2022-06-08 02:00:00;25.22220073676022;;;;;;;
2022-06-08 03:00:00;24.6120240688273;;;;;;;
2022-06-08 04:00:00;24.462815116927736;;;;;;;
2022-06-08 05:00:00;24.646755023665058;;;;;;;
2022-06-08 06:00:00;25.306270515852486;;;;;;;
2022-06-08 07:00:00;25.81135995992008;;;;;;;
2022-06-08 08:00:00;26.411400555196487;;;;;;;
2022-06-08 09:00:00;0.0;;;;;;;
2022-06-08 10:00:00;0.0;;;;;;;
2022-06-08 11:00:00;0.0;;;;;;;
2022-06-08 12:00:00;0.0;;;;;;;
2022-06-08 13:00:00;0.0;;;;;;;
2022-06-08 14:00:00;0.0;;;;;;;
2022-06-08 15:00:00;0.0;;;;;;;
2022-06-08 16:00:00;0.0;;;;;;;
2022-06-08 17:00:00;0.0;;;;;;;
2022-06-08 18:00:00;0.0;;;;;;;
2022-06-08 19:00:00;0.0;;;;;;;
2022-06-08 20:00:00;0.0;;;;;;;
2022-06-08 21:00:00;0.0;;;;;;;
2022-06-08 22:00:00;0.0;;;;;;;
2022-06-08 23:00:00;0.0;;;;;;;
2022-06-09 00:00:00;0.0;;;;;;;
2022-06-09 01:00:00;0.0;;;;;;;
2022-06-09 02:00:00;0.0;;;;;;;
2022-06-09 03:00:00;0.0;;;;;;;
2022-06-09 04:00:00;0.0;;;;;;;
2022-06-09 05:00:00;0.0;;;;;;;
2022-06-09 06:00:00;0.0;;;;;;;
2022-06-09 07:00:00;0.0;;;;;;;
2022-06-09 08:00:00;0.0;;;;;;;
2022-06-09 09:00:00;0.0;;;;;;;
2022-06-09 10:00:00;0.0;;;;;;;
2022-06-09 11:00:00;0.0;;;;;;;
2022-06-09 12:00:00;0.0;;;;;;;
2022-06-09 13:00:00;0.0;;;;;;;
2022-06-09 14:00:00;0.0;;;;;;;
2022-06-09 15:00:00;0.0;;;;;;;
2022-06-09 16:00:00;0.0;;;;;;;
2022-06-09 17:00:00;0.0;;;;;;;
2022-06-09 18:00:00;0.0;;;;;;;
2022-06-09 19:00:00;0.0;;;;;;;
2022-06-09 20:00:00;0.0;;;;;;;
2022-06-09 21:00:00;0.0;;;;;;;
2022-06-09 22:00:00;0.0;;;;;;;
2022-06-09 23:00:00;0.0;;;;;;;
2022-06-10 00:00:00;0.0;;;;;;;
2022-06-10 01:00:00;0.0;;;;;;;
2022-06-10 02:00:00;0.0;;;;;;;
2022-06-10 03:00:00;0.0;;;;;;;
2022-06-10 04:00:00;0.0;;;;;;;
2022-06-10 05:00:00;0.0;;;;;;;
2022-06-10 06:00:00;0.0;;;;;;;
2022-06-10 07:00:00;0.0;;;;;;;
2022-06-10 08:00:00;0.0;;;;;;;
2022-06-10 09:00:00;0.0;;;;;;;
2022-06-10 10:00:00;0.0;;;;;;;
2022-06-10 11:00:00;0.0;;;;;;;
2022-06-10 12:00:00;0.0;;;;;;;
2022-06-10 13:00:00;0.0;;;;;;;
2022-06-10 14:00:00;0.0;;;;;;;
2022-06-10 15:00:00;0.0;;;;;;;
2022-06-10 16:00:00;0.0;;;;;;;
2022-06-10 17:00:00;0.0;;;;;;;
2022-06-10 18:00:00;0.0;;;;;;;
2022-06-10 19:00:00;0.0;;;;;;;
2022-06-10 20:00:00;0.0;;;;;;;
2022-06-10 21:00:00;0.0;;;;;;;
2022-06-10 22:00:00;0.0;;;;;;;
2022-06-10 23:00:00;0.0;;;;;;;
2022-06-11 00:00:00;0.0;;;;;;;
2022-06-11 01:00:00;0.0;;;;;;;
2022-06-11 02:00:00;0.0;;;;;;;
2022-06-11 03:00:00;0.0;;;;;;;
2022-06-11 04:00:00;0.0;;;;;;;
2022-06-11 05:00:00;0.0;;;;;;;
2022-06-11 06:00:00;0.0;;;;;;;
2022-06-11 07:00:00;0.0;;;;;;;
2022-06-11 08:00:00;0.0;;;;;;;
2022-06-11 09:00:00;0.0;;;;;;;
2022-06-11 10:00:00;0.0;;;;;;;
2022-06-11 11:00:00;0.0;;;;;;;
2022-06-11 12:00:00;0.0;;;;;;;
2022-06-11 13:00:00;0.0;;;;;;;
2022-06-11 14:00:00;0.0;;;;;;;
2022-06-11 15:00:00;0.0;;;;;;;
2022-06-11 16:00:00;35.19222067357748;;;;;;;
2022-06-11 17:00:00;35.407239567798385;;;;;;;
2022-06-11 18:00:00;35.81834674995521;;;;;;;
2022-06-11 19:00:00;36.06414651187568;;;;;;;
2022-06-11 20:00:00;36.2521110356972;;;;;;;
2022-06-11 21:00:00;35.538039623035004;;;;;;;
2022-06-11 22:00:00;35.77698262992312;;;;;;;
2022-06-11 23:00:00;35.198257599203785;;;;;;;
2022-06-12 00:00:00;34.768592460492016;;;;;;;
2022-06-12 01:00:00;34.92383833801788;;;;;;;
2022-06-12 02:00:00;34.92734124548006;;;;;;;
2022-06-12 03:00:00;34.542468604316554;;;;;;;
2022-06-12 04:00:00;35.08780421922619;;;;;;;
2022-06-12 05:00:00;35.28575575581223;;;;;;;
2022-06-12 06:00:00;35.43071650078957;;;;;;;
2022-06-12 07:00:00;35.886019940926644;;;;;;;
2022-06-12 08:00:00;35.98559194878769;;;;;;;
2022-06-12 09:00:00;36.341770560739754;;;;;;;
2022-06-12 10:00:00;36.508568579896206;;;;;;;
2022-06-12 11:00:00;2.1932672509991513;;;;;;;
2022-06-12 12:00:00;4.187912195898237;;;;;;;
2022-06-12 13:00:00;3.8025923750587087;;;;;;;
2022-06-12 14:00:00;1.9647584365515707;;;;;;;
2022-06-12 15:00:00;1.9143761930530176;;;;;;;
2022-06-12 16:00:00;1.7515282610347644;;;;;;;
2022-06-12 17:00:00;0.5469752737217198;;;;;;;
2022-06-12 18:00:00;35.79024896031179;;;;;;;
2022-06-12 19:00:00;35.60317879584231;;;;;;;
2022-06-12 20:00:00;35.89414370504105;;;;;;;
2022-06-12 21:00:00;35.54646150693344;;;;;;;
2022-06-12 22:00:00;35.57209980835873;;;;;;;
2022-06-12 23:00:00;34.06547694989238;;;;;;;
2022-06-13 00:00:00;33.68321285683902;;;;;;;
2022-06-13 01:00:00;31.698629454650433;;;;;;;
2022-06-13 02:00:00;31.1117806598167;;;;;;;
2022-06-13 03:00:00;30.932014430055585;;;;;;;
2022-06-13 04:00:00;31.647874561421858;;;;;;;
2022-06-13 05:00:00;32.455182936534776;;;;;;;
2022-06-13 06:00:00;33.03957224315039;;;;;;;
2022-06-13 07:00:00;33.767878875499306;;;;;;;
2022-06-13 08:00:00;33.507173124378085;;;;;;;
2022-06-13 09:00:00;0.0;;;;;;;
2022-06-13 10:00:00;0.0;;;;;;;
2022-06-13 11:00:00;0.0;;;;;;;
2022-06-13 12:00:00;0.0;;;;;;;
2022-06-13 13:00:00;0.0;;;;;;;
2022-06-13 14:00:00;0.0;;;;;;;
2022-06-13 15:00:00;0.0;;;;;;;
2022-06-13 16:00:00;0.0;;;;;;;
2022-06-13 17:00:00;0.0;;;;;;;
2022-06-13 18:00:00;0.0;;;;;;;
2022-06-13 19:00:00;0.0;;;;;;;
2022-06-13 20:00:00;0.0;;;;;;;
2022-06-13 21:00:00;0.0;;;;;;;
2022-06-13 22:00:00;0.0;;;;;;;
2022-06-13 23:00:00;32.4575678948069;;;;;;;
2022-06-14 00:00:00;33.026529502599736;;;;;;;
2022-06-14 01:00:00;32.759190586284184;;;;;;;
2022-06-14 02:00:00;32.58695188106945;;;;;;;
2022-06-14 03:00:00;32.17517392939859;;;;;;;
2022-06-14 04:00:00;32.4498167804225;;;;;;;
2022-06-14 05:00:00;32.99000982905788;;;;;;;
2022-06-14 06:00:00;33.917013297452854;;;;;;;
2022-06-14 07:00:00;34.581894945752566;;;;;;;
2022-06-14 08:00:00;32.931951001120936;;;;;;;
2022-06-14 09:00:00;0.13512279210484782;;;;;;;
2022-06-14 10:00:00;0.041960359600126486;;;;;;;
2022-06-14 11:00:00;34.413829917514036;;;;;;;
2022-06-14 12:00:00;32.570629822894624;;;;;;;
2022-06-14 13:00:00;24.01734962966316;;;;;;;
2022-06-14 14:00:00;0.0;;;;;;;
2022-06-14 15:00:00;0.0;;;;;;;
2022-06-14 16:00:00;33.10344440687563;;;;;;;
2022-06-14 17:00:00;33.39955188234864;;;;;;;
2022-06-14 18:00:00;33.78315751443007;;;;;;;
2022-06-14 19:00:00;34.10795901911453;;;;;;;
2022-06-14 20:00:00;34.23220043910283;;;;;;;
2022-06-14 21:00:00;33.85358831340365;;;;;;;
2022-06-14 22:00:00;33.055298061757185;;;;;;;
2022-06-14 23:00:00;30.819325151697868;;;;;;;
2022-06-15 00:00:00;29.05080406297425;;;;;;;
2022-06-15 01:00:00;27.579135749183664;;;;;;;
2022-06-15 02:00:00;27.362179076366672;;;;;;;
2022-06-15 03:00:00;27.453403730275294;;;;;;;
2022-06-15 04:00:00;27.562515571224825;;;;;;;
2022-06-15 05:00:00;27.376116176269374;;;;;;;
2022-06-15 06:00:00;28.488997329997776;;;;;;;
2022-06-15 07:00:00;29.156338466515596;;;;;;;
2022-06-15 08:00:00;29.641901064730206;;;;;;;
2022-06-15 09:00:00;0.0;;;;;;;
2022-06-15 10:00:00;0.0;;;;;;;
2022-06-15 11:00:00;0.0;;;;;;;
2022-06-15 12:00:00;0.0;;;;;;;
2022-06-15 13:00:00;0.0;;;;;;;
2022-06-15 14:00:00;0.0;;;;;;;
2022-06-15 15:00:00;0.0;;;;;;;
2022-06-15 16:00:00;0.0;;;;;;;
2022-06-15 17:00:00;0.0;;;;;;;
2022-06-15 18:00:00;0.0;;;;;;;
2022-06-15 19:00:00;29.61462310449282;;;;;;;
2022-06-15 20:00:00;29.53368358313272;;;;;;;
2022-06-15 21:00:00;27.997472336102867;;;;;;;
2022-06-15 22:00:00;0.0;;;;;;;
2022-06-15 23:00:00;28.580520103690414;;;;;;;
2022-06-16 00:00:00;27.86510715200016;;;;;;;
2022-06-16 01:00:00;26.538474113132924;;;;;;;
2022-06-16 02:00:00;3.1782550173850685;;;;;;;
2022-06-16 03:00:00;0.0;;;;;;;
2022-06-16 04:00:00;0.0;;;;;;;
2022-06-16 05:00:00;0.0;;;;;;;
2022-06-16 06:00:00;0.0;;;;;;;
2022-06-16 07:00:00;0.0;;;;;;;
2022-06-16 08:00:00;0.0;;;;;;;
2022-06-16 09:00:00;0.0;;;;;;;
2022-06-16 10:00:00;0.0;;;;;;;
2022-06-16 11:00:00;0.0;;;;;;;
2022-06-16 12:00:00;0.0;;;;;;;
2022-06-16 13:00:00;0.0;;;;;;;
2022-06-16 14:00:00;0.0;;;;;;;
2022-06-16 15:00:00;0.0;;;;;;;
2022-06-16 16:00:00;0.0;;;;;;;
2022-06-16 17:00:00;0.0;;;;;;;
2022-06-16 18:00:00;0.0;;;;;;;
2022-06-16 19:00:00;0.0;;;;;;;
2022-06-16 20:00:00;0.0;;;;;;;
2022-06-16 21:00:00;0.0;;;;;;;
2022-06-16 22:00:00;0.0;;;;;;;
2022-06-16 23:00:00;0.0;;;;;;;
2022-06-17 00:00:00;0.0;;;;;;;
2022-06-17 01:00:00;0.0;;;;;;;
2022-06-17 02:00:00;0.0;;;;;;;
2022-06-17 03:00:00;0.0;;;;;;;
2022-06-17 04:00:00;0.0;;;;;;;
2022-06-17 05:00:00;0.0;;;;;;;
2022-06-17 06:00:00;0.0;;;;;;;
2022-06-17 07:00:00;0.0;;;;;;;
2022-06-17 08:00:00;0.0;;;;;;;
2022-06-17 09:00:00;0.0;;;;;;;
2022-06-17 10:00:00;0.0;;;;;;;
2022-06-17 11:00:00;0.0;;;;;;;
2022-06-17 12:00:00;0.0;;;;;;;
2022-06-17 13:00:00;0.0;;;;;;;
2022-06-17 14:00:00;0.0;;;;;;;
2022-06-17 15:00:00;0.0;;;;;;;
2022-06-17 16:00:00;0.0;;;;;;;
2022-06-17 17:00:00;0.0;;;;;;;
2022-06-17 18:00:00;0.0;;;;;;;
2022-06-17 19:00:00;0.0;;;;;;;
2022-06-17 20:00:00;0.0;;;;;;;
2022-06-17 21:00:00;0.0;;;;;;;
2022-06-17 22:00:00;0.0;;;;;;;
2022-06-17 23:00:00;0.0;;;;;;;
2022-06-18 00:00:00;0.0;;;;;;;
2022-06-18 01:00:00;0.0;;;;;;;
2022-06-18 02:00:00;0.0;;;;;;;
2022-06-18 03:00:00;0.0;;;;;;;
2022-06-18 04:00:00;0.0;;;;;;;
2022-06-18 05:00:00;0.0;;;;;;;
2022-06-18 06:00:00;0.0;;;;;;;
2022-06-18 07:00:00;0.0;;;;;;;
2022-06-18 08:00:00;0.0;;;;;;;
2022-06-18 09:00:00;0.0;;;;;;;
2022-06-18 10:00:00;0.0;;;;;;;
2022-06-18 11:00:00;0.0;;;;;;;
2022-06-18 12:00:00;0.0;;;;;;;
2022-06-18 13:00:00;0.0;;;;;;;
2022-06-18 14:00:00;0.0;;;;;;;
2022-06-18 15:00:00;0.0;;;;;;;
2022-06-18 16:00:00;0.0;;;;;;;
2022-06-18 17:00:00;0.0;;;;;;;
2022-06-18 18:00:00;31.858049009152516;;;;;;;
2022-06-18 19:00:00;33.374211700707356;;;;;;;
2022-06-18 20:00:00;33.50590611529603;;;;;;;
2022-06-18 21:00:00;33.298414745621514;;;;;;;
2022-06-18 22:00:00;32.754718789523956;;;;;;;
2022-06-18 23:00:00;31.43926524255729;;;;;;;
2022-06-19 00:00:00;31.273808762428907;;;;;;;
2022-06-19 01:00:00;31.29288842860589;;;;;;;
2022-06-19 02:00:00;31.391566077114874;;;;;;;
2022-06-19 03:00:00;31.43367549660701;;;;;;;
2022-06-19 04:00:00;30.835498149980694;;;;;;;
2022-06-19 05:00:00;30.047045851206732;;;;;;;
2022-06-19 06:00:00;30.65729704908566;;;;;;;
2022-06-19 07:00:00;31.16842341877956;;;;;;;
2022-06-19 08:00:00;31.85961413801859;;;;;;;
2022-06-19 09:00:00;31.833006947295246;;;;;;;
2022-06-19 10:00:00;31.55269982037504;;;;;;;
2022-06-19 11:00:00;31.808039415383973;;;;;;;
2022-06-19 12:00:00;0.0;;;;;;;
2022-06-19 13:00:00;0.0;;;;;;;
2022-06-19 14:00:00;0.0;;;;;;;
2022-06-19 15:00:00;0.0;;;;;;;
2022-06-19 16:00:00;0.0;;;;;;;
2022-06-19 17:00:00;32.87173080474989;;;;;;;
2022-06-19 18:00:00;33.23372275249023;;;;;;;
2022-06-19 19:00:00;33.371454092705214;;;;;;;
2022-06-19 20:00:00;33.63640805074864;;;;;;;
2022-06-19 21:00:00;33.05224233397104;;;;;;;
2022-06-19 22:00:00;32.810094539404766;;;;;;;
2022-06-19 23:00:00;32.70791398343358;;;;;;;
2022-06-20 00:00:00;32.245679258318155;;;;;;;
2022-06-20 01:00:00;32.205880267152146;;;;;;;
2022-06-20 02:00:00;32.16004435035982;;;;;;;
2022-06-20 03:00:00;31.81653582922841;;;;;;;
2022-06-20 04:00:00;31.577145642664288;;;;;;;
2022-06-20 05:00:00;31.7453597307948;;;;;;;
2022-06-20 06:00:00;32.401968555088075;;;;;;;
2022-06-20 07:00:00;33.33873544640955;;;;;;;
2022-06-20 08:00:00;33.997282049298924;;;;;;;
2022-06-20 09:00:00;34.352193652168914;;;;;;;
2022-06-20 10:00:00;33.60816120121321;;;;;;;
2022-06-20 11:00:00;33.57380289610547;;;;;;;
2022-06-20 12:00:00;33.46491464499395;;;;;;;
2022-06-20 13:00:00;32.91443646381005;;;;;;;
2022-06-20 14:00:00;33.03428061698413;;;;;;;
2022-06-20 15:00:00;33.19131521321408;;;;;;;
2022-06-20 16:00:00;33.43420830724039;;;;;;;
2022-06-20 17:00:00;33.84620984874927;;;;;;;
2022-06-20 18:00:00;32.44422703447222;;;;;;;
2022-06-20 19:00:00;32.73437211426493;;;;;;;
2022-06-20 20:00:00;32.85309831824894;;;;;;;
2022-06-20 21:00:00;33.00834419577482;;;;;;;
2022-06-20 22:00:00;32.22227685527298;;;;;;;
2022-06-20 23:00:00;33.56590272182906;;;;;;;
2022-06-21 00:00:00;33.70922380799434;;;;;;;
2022-06-21 01:00:00;33.65019609075934;;;;;;;
2022-06-21 02:00:00;33.53728322256361;;;;;;;
2022-06-21 03:00:00;33.74238963396601;;;;;;;
2022-06-21 04:00:00;33.95465092018477;;;;;;;
2022-06-21 05:00:00;33.73985561580189;;;;;;;
2022-06-21 06:00:00;33.970525798683575;;;;;;;
2022-06-21 07:00:00;34.33885279183423;;;;;;;
2022-06-21 08:00:00;34.41256290843198;;;;;;;
2022-06-21 09:00:00;34.59493768630322;;;;;;;
2022-06-21 10:00:00;0.0;;;;;;;
2022-06-21 11:00:00;0.0;;;;;;;
2022-06-21 12:00:00;0.0;;;;;;;
2022-06-21 13:00:00;0.0;;;;;;;
2022-06-21 14:00:00;0.0;;;;;;;
2022-06-21 15:00:00;0.0;;;;;;;
2022-06-21 16:00:00;0.0;;;;;;;
2022-06-21 17:00:00;34.16430365829339;;;;;;;
2022-06-21 18:00:00;34.05422292804581;;;;;;;
2022-06-21 19:00:00;33.466405243914025;;;;;;;
2022-06-21 20:00:00;34.21520761141397;;;;;;;
2022-06-21 21:00:00;33.9711965681976;;;;;;;
2022-06-21 22:00:00;33.92558424124329;;;;;;;
2022-06-21 23:00:00;34.10743730949251;;;;;;;
2022-06-22 00:00:00;33.36221237940074;;;;;;;
2022-06-22 01:00:00;32.67042542059368;;;;;;;
2022-06-22 02:00:00;32.23934421290784;;;;;;;
2022-06-22 03:00:00;32.29650868149273;;;;;;;
2022-06-22 04:00:00;31.837180624271475;;;;;;;
2022-06-22 05:00:00;27.69093066818933;;;;;;;
2022-06-22 06:00:00;0.0;;;;;;;
2022-06-22 07:00:00;0.0;;;;;;;
2022-06-22 08:00:00;0.0;;;;;;;
2022-06-22 09:00:00;0.0;;;;;;;
2022-06-22 10:00:00;0.0;;;;;;;
2022-06-22 11:00:00;0.0;;;;;;;
2022-06-22 12:00:00;0.0;;;;;;;
2022-06-22 13:00:00;0.0;;;;;;;
2022-06-22 14:00:00;0.0;;;;;;;
2022-06-22 15:00:00;0.0;;;;;;;
2022-06-22 16:00:00;0.0;;;;;;;
2022-06-22 17:00:00;0.0;;;;;;;
2022-06-22 18:00:00;0.0;;;;;;;
2022-06-22 19:00:00;0.0;;;;;;;
2022-06-22 20:00:00;0.0;;;;;;;
2022-06-22 21:00:00;0.0;;;;;;;
2022-06-22 22:00:00;0.0;;;;;;;
2022-06-22 23:00:00;0.0;;;;;;;
2022-06-23 00:00:00;0.0;;;;;;;
2022-06-23 01:00:00;0.0;;;;;;;
2022-06-23 02:00:00;0.0;;;;;;;
2022-06-23 03:00:00;0.0;;;;;;;
2022-06-23 04:00:00;0.0;;;;;;;
2022-06-23 05:00:00;0.0;;;;;;;
2022-06-23 06:00:00;0.0;;;;;;;
2022-06-23 07:00:00;0.0;;;;;;;
2022-06-23 08:00:00;0.0;;;;;;;
2022-06-23 09:00:00;0.0;;;;;;;
2022-06-23 10:00:00;0.0;;;;;;;
2022-06-23 11:00:00;0.0;;;;;;;
2022-06-23 12:00:00;0.0;;;;;;;
2022-06-23 13:00:00;0.0;;;;;;;
2022-06-23 14:00:00;0.0;;;;;;;
2022-06-23 15:00:00;0.0;;;;;;;
2022-06-23 16:00:00;0.0;;;;;;;
2022-06-23 17:00:00;0.0;;;;;;;
2022-06-23 18:00:00;0.0;;;;;;;
2022-06-23 19:00:00;0.0;;;;;;;
2022-06-23 20:00:00;0.0;;;;;;;
2022-06-23 21:00:00;0.0;;;;;;;
2022-06-23 22:00:00;0.0;;;;;;;
2022-06-23 23:00:00;0.0;;;;;;;
2022-06-24 00:00:00;0.0;;;;;;;
2022-06-24 01:00:00;0.0;;;;;;;
2022-06-24 02:00:00;0.0;;;;;;;
2022-06-24 03:00:00;0.0;;;;;;;
2022-06-24 04:00:00;0.0;;;;;;;
2022-06-24 05:00:00;0.0;;;;;;;
2022-06-24 06:00:00;0.0;;;;;;;
2022-06-24 07:00:00;0.0;;;;;;;
2022-06-24 08:00:00;0.0;;;;;;;
2022-06-24 09:00:00;0.0;;;;;;;
2022-06-24 10:00:00;0.0;;;;;;;
2022-06-24 11:00:00;0.0;;;;;;;
2022-06-24 12:00:00;0.0;;;;;;;
2022-06-24 13:00:00;0.0;;;;;;;
2022-06-24 14:00:00;0.0;;;;;;;
2022-06-24 15:00:00;0.0;;;;;;;
2022-06-24 16:00:00;0.0;;;;;;;
2022-06-24 17:00:00;0.0;;;;;;;
2022-06-24 18:00:00;0.0;;;;;;;
2022-06-24 19:00:00;0.0;;;;;;;
2022-06-24 20:00:00;0.0;;;;;;;
2022-06-24 21:00:00;0.0;;;;;;;
2022-06-24 22:00:00;0.0;;;;;;;
2022-06-24 23:00:00;0.0;;;;;;;
2022-06-25 00:00:00;0.0;;;;;;;
2022-06-25 01:00:00;0.0;;;;;;;
2022-06-25 02:00:00;0.0;;;;;;;
2022-06-25 03:00:00;0.0;;;;;;;
2022-06-25 04:00:00;0.0;;;;;;;
2022-06-25 05:00:00;0.0;;;;;;;
2022-06-25 06:00:00;0.0;;;;;;;
2022-06-25 07:00:00;0.0;;;;;;;
2022-06-25 08:00:00;0.0;;;;;;;
2022-06-25 09:00:00;0.0;;;;;;;
2022-06-25 10:00:00;0.0;;;;;;;
2022-06-25 11:00:00;0.0;;;;;;;
2022-06-25 12:00:00;0.0;;;;;;;
2022-06-25 13:00:00;0.0;;;;;;;
2022-06-25 14:00:00;0.0;;;;;;;
2022-06-25 15:00:00;0.0;;;;;;;
2022-06-25 16:00:00;0.0;;;;;;;
2022-06-25 17:00:00;0.0;;;;;;;
2022-06-25 18:00:00;0.0;;;;;;;
2022-06-25 19:00:00;0.0;;;;;;;
2022-06-25 20:00:00;0.0;;;;;;;
2022-06-25 21:00:00;0.0;;;;;;;
2022-06-25 22:00:00;0.0;;;;;;;
2022-06-25 23:00:00;0.0;;;;;;;
2022-06-26 00:00:00;0.0;;;;;;;
2022-06-26 01:00:00;0.0;;;;;;;
2022-06-26 02:00:00;0.0;;;;;;;
2022-06-26 03:00:00;0.0;;;;;;;
2022-06-26 04:00:00;0.0;;;;;;;
2022-06-26 05:00:00;0.0;;;;;;;
2022-06-26 06:00:00;0.0;;;;;;;
2022-06-26 07:00:00;0.0;;;;;;;
2022-06-26 08:00:00;0.0;;;;;;;
2022-06-26 09:00:00;0.0;;;;;;;
2022-06-26 10:00:00;0.0;;;;;;;
2022-06-26 11:00:00;0.0;;;;;;;
2022-06-26 12:00:00;0.0;;;;;;;
2022-06-26 13:00:00;0.0;;;;;;;
2022-06-26 14:00:00;0.0;;;;;;;
2022-06-26 15:00:00;0.0;;;;;;;
2022-06-26 16:00:00;0.0;;;;;;;
2022-06-26 17:00:00;0.0;;;;;;;
2022-06-26 18:00:00;0.0;;;;;;;
2022-06-26 19:00:00;32.97420948050509;;;;;;;
2022-06-26 20:00:00;33.15770220756638;;;;;;;
2022-06-26 21:00:00;33.50694953454009;;;;;;;
2022-06-26 22:00:00;34.770604769034115;;;;;;;
2022-06-26 23:00:00;33.72681287525122;;;;;;;
2022-06-27 00:00:00;34.51809731197332;;;;;;;
2022-06-27 01:00:00;32.76008494563623;;;;;;;
2022-06-27 02:00:00;32.44422703447222;;;;;;;
2022-06-27 03:00:00;32.093712698416454;;;;;;;
2022-06-27 04:00:00;33.25749780526544;;;;;;;
2022-06-27 05:00:00;33.65600942654763;;;;;;;
2022-06-27 06:00:00;34.10706465976249;;;;;;;
2022-06-27 07:00:00;33.723086377951034;;;;;;;
2022-06-27 08:00:00;10.570656771661703;;;;;;;
2022-06-27 09:00:00;0.0;;;;;;;
2022-06-27 10:00:00;0.0;;;;;;;
2022-06-27 11:00:00;0.0;;;;;;;
2022-06-27 12:00:00;0.0;;;;;;;
2022-06-27 13:00:00;0.0;;;;;;;
2022-06-27 14:00:00;0.0;;;;;;;
2022-06-27 15:00:00;0.0;;;;;;;
2022-06-27 16:00:00;0.0;;;;;;;
2022-06-27 17:00:00;35.03973240405376;;;;;;;
2022-06-27 18:00:00;35.537368853520995;;;;;;;
2022-06-27 19:00:00;35.59825981940607;;;;;;;
2022-06-27 20:00:00;34.45742993592624;;;;;;;
2022-06-27 21:00:00;33.925062531621265;;;;;;;
2022-06-27 22:00:00;34.17205477267778;;;;;;;
2022-06-27 23:00:00;35.15137826316741;;;;;;;
2022-06-28 00:00:00;34.91959013109567;;;;;;;
2022-06-28 01:00:00;34.427468897632735;;;;;;;
2022-06-28 02:00:00;34.59903683333342;;;;;;;
2022-06-28 03:00:00;34.62787992243689;;;;;;;
2022-06-28 04:00:00;35.217113675542755;;;;;;;
2022-06-28 05:00:00;35.78152895662935;;;;;;;
2022-06-28 06:00:00;36.672534461104505;;;;;;;
2022-06-28 07:00:00;37.04585496063743;;;;;;;
2022-06-28 08:00:00;37.54602542826877;;;;;;;
2022-06-28 09:00:00;37.481706084867504;;;;;;;
2022-06-28 10:00:00;36.630201451774354;;;;;;;
2022-06-28 11:00:00;36.34586970776995;;;;;;;
2022-06-28 12:00:00;36.59017887077033;;;;;;;
2022-06-28 13:00:00;36.140539706529545;;;;;;;
2022-06-28 14:00:00;35.82348931622948;;;;;;;
2022-06-28 15:00:00;35.81089375535484;;;;;;;
2022-06-28 16:00:00;35.176122205240674;;;;;;;
2022-06-28 17:00:00;35.39002315027151;;;;;;;
2022-06-28 18:00:00;36.547398681764165;;;;;;;
2022-06-28 19:00:00;36.79535981211873;;;;;;;
2022-06-28 20:00:00;36.71740148859878;;;;;;;
2022-06-28 21:00:00;36.43485846329846;;;;;;;
2022-06-28 22:00:00;36.79722306076882;;;;;;;
2022-06-28 23:00:00;35.57351587733282;;;;;;;
2022-06-29 00:00:00;33.449114296441145;;;;;;;
2022-06-29 01:00:00;33.65735096557569;;;;;;;
2022-06-29 02:00:00;35.186332807843186;;;;;;;
2022-06-29 03:00:00;35.004479739593975;;;;;;;
2022-06-29 04:00:00;34.15297510650082;;;;;;;
2022-06-29 05:00:00;34.16862639516161;;;;;;;
2022-06-29 06:00:00;36.12250345959663;;;;;;;
2022-06-29 07:00:00;36.43008854675421;;;;;;;
2022-06-29 08:00:00;36.24987513731708;;;;;;;
2022-06-29 09:00:00;0.7715340010311;;;;;;;
2022-06-29 10:00:00;0.15800348552800736;;;;;;;
2022-06-29 11:00:00;0.0;;;;;;;
2022-06-29 12:00:00;0.0;;;;;;;
2022-06-29 13:00:00;0.0;;;;;;;
2022-06-29 14:00:00;0.0;;;;;;;
2022-06-29 15:00:00;0.0;;;;;;;
2022-06-29 16:00:00;0.0;;;;;;;
2022-06-29 17:00:00;0.0;;;;;;;
2022-06-29 18:00:00;0.0;;;;;;;
2022-06-29 19:00:00;0.0;;;;;;;
2022-06-29 20:00:00;0.0;;;;;;;
2022-06-29 21:00:00;0.0;;;;;;;
2022-06-29 22:00:00;0.0;;;;;;;
2022-06-29 23:00:00;0.0;;;;;;;
2022-06-30 00:00:00;0.0;;;;;;;
2022-06-30 01:00:00;0.0;;;;;;;
2022-06-30 02:00:00;0.0;;;;;;;
2022-06-30 03:00:00;0.0;;;;;;;
2022-06-30 04:00:00;0.0;;;;;;;
2022-06-30 05:00:00;0.0;;;;;;;
2022-06-30 06:00:00;0.0;;;;;;;
2022-06-30 07:00:00;0.0;;;;;;;
2022-06-30 08:00:00;0.0;;;;;;;
2022-06-30 09:00:00;0.0;;;;;;;
2022-06-30 10:00:00;0.0;;;;;;;
2022-06-30 11:00:00;0.0;;;;;;;
2022-06-30 12:00:00;0.0;;;;;;;
2022-06-30 13:00:00;0.0;;;;;;;
2022-06-30 14:00:00;0.0;;;;;;;
2022-06-30 15:00:00;0.0;;;;;;;
2022-06-30 16:00:00;0.0;;;;;;;
2022-06-30 17:00:00;0.0;;;;;;;
2022-06-30 18:00:00;0.0;;;;;;;
2022-06-30 19:00:00;0.0;;;;;;;
2022-06-30 20:00:00;0.0;;;;;;;
2022-06-30 21:00:00;0.0;;;;;;;
2022-06-30 22:00:00;0.0;;;;;;;
2022-06-30 23:00:00;0.0;;;;;;;
2022-07-01 00:00:00;0.0;;;;;;;
2022-07-01 01:00:00;0.0;;;;;;;
2022-07-01 02:00:00;0.0;;;;;;;
2022-07-01 03:00:00;0.0;;;;;;;
2022-07-01 04:00:00;0.0;;;;;;;
2022-07-01 05:00:00;0.0;;;;;;;
2022-07-01 06:00:00;0.0;;;;;;;
2022-07-01 07:00:00;0.0;;;;;;;
2022-07-01 08:00:00;0.0;;;;;;;
2022-07-01 09:00:00;0.0;;;;;;;
2022-07-01 10:00:00;0.0;;;;;;;
2022-07-01 11:00:00;0.0;;;;;;;
2022-07-01 12:00:00;0.0;;;;;;;
2022-07-01 13:00:00;0.0;;;;;;;
2022-07-01 14:00:00;0.0;;;;;;;
2022-07-01 15:00:00;0.0;;;;;;;
2022-07-01 16:00:00;0.0;;;;;;;
2022-07-01 17:00:00;0.0;;;;;;;
2022-07-01 18:00:00;0.0;;;;;;;
2022-07-01 19:00:00;0.0;;;;;;;
2022-07-01 20:00:00;0.0;;;;;;;
2022-07-01 21:00:00;0.0;;;;;;;
2022-07-01 22:00:00;0.0;;;;;;;
2022-07-01 23:00:00;0.0;;;;;;;
2022-07-02 00:00:00;0.0;;;;;;;
2022-07-02 01:00:00;0.0;;;;;;;
2022-07-02 02:00:00;0.0;;;;;;;
2022-07-02 03:00:00;0.0;;;;;;;
2022-07-02 04:00:00;0.0;;;;;;;
2022-07-02 05:00:00;0.0;;;;;;;
2022-07-02 06:00:00;0.0;;;;;;;
2022-07-02 07:00:00;0.0;;;;;;;
2022-07-02 08:00:00;0.0;;;;;;;
2022-07-02 09:00:00;0.0;;;;;;;
2022-07-02 10:00:00;0.0;;;;;;;
2022-07-02 11:00:00;0.0;;;;;;;
2022-07-02 12:00:00;0.0;;;;;;;
2022-07-02 13:00:00;0.0;;;;;;;
2022-07-02 14:00:00;0.0;;;;;;;
2022-07-02 15:00:00;0.0;;;;;;;
2022-07-02 16:00:00;0.0;;;;;;;
2022-07-02 17:00:00;0.0;;;;;;;
2022-07-02 18:00:00;0.0;;;;;;;
2022-07-02 19:00:00;0.0;;;;;;;
2022-07-02 20:00:00;0.0;;;;;;;
2022-07-02 21:00:00;0.0;;;;;;;
2022-07-02 22:00:00;0.0;;;;;;;
2022-07-02 23:00:00;0.0;;;;;;;
2022-07-03 00:00:00;0.0;;;;;;;
2022-07-03 01:00:00;0.0;;;;;;;
2022-07-03 02:00:00;33.17603657428331;;;;;;;
2022-07-03 03:00:00;33.05485088208118;;;;;;;
2022-07-03 04:00:00;33.17312990638916;;;;;;;
2022-07-03 05:00:00;33.23834360914246;;;;;;;
2022-07-03 06:00:00;33.73925937623385;;;;;;;
2022-07-03 07:00:00;29.24942636907431;;;;;;;
2022-07-03 08:00:00;0.0;;;;;;;
2022-07-03 09:00:00;0.0;;;;;;;
2022-07-03 10:00:00;0.0;;;;;;;
2022-07-03 11:00:00;0.0;;;;;;;
2022-07-03 12:00:00;0.0;;;;;;;
2022-07-03 13:00:00;0.0;;;;;;;
2022-07-03 14:00:00;0.0;;;;;;;
2022-07-03 15:00:00;0.0;;;;;;;
2022-07-03 16:00:00;0.0;;;;;;;
2022-07-03 17:00:00;32.98039546602339;;;;;;;
2022-07-03 18:00:00;33.5507731427903;;;;;;;
2022-07-03 19:00:00;34.00324444497923;;;;;;;
2022-07-03 20:00:00;34.236970355647074;;;;;;;
2022-07-03 21:00:00;34.32327603311944;;;;;;;
2022-07-03 22:00:00;34.35994476655332;;;;;;;
2022-07-03 23:00:00;33.942204419202135;;;;;;;
2022-07-04 00:00:00;33.036441985418236;;;;;;;
2022-07-04 01:00:00;32.470312515573546;;;;;;;
2022-07-04 02:00:00;32.64992968544264;;;;;;;
2022-07-04 03:00:00;32.59753513340199;;;;;;;
2022-07-04 04:00:00;32.210128474074345;;;;;;;
2022-07-04 05:00:00;32.83960839802226;;;;;;;
2022-07-04 06:00:00;33.94309877855418;;;;;;;
2022-07-04 07:00:00;34.238088304837135;;;;;;;
2022-07-04 08:00:00;34.21259906330384;;;;;;;
2022-07-04 09:00:00;0.0;;;;;;;
2022-07-04 10:00:00;0.0;;;;;;;
2022-07-04 11:00:00;0.0;;;;;;;
2022-07-04 12:00:00;0.0;;;;;;;
2022-07-04 13:00:00;0.0;;;;;;;
2022-07-04 14:00:00;0.0;;;;;;;
2022-07-04 15:00:00;0.0;;;;;;;
2022-07-04 16:00:00;0.0;;;;;;;
2022-07-04 17:00:00;34.25150369511781;;;;;;;
2022-07-04 18:00:00;34.50654517034274;;;;;;;
2022-07-04 19:00:00;34.279825074599245;;;;;;;
2022-07-04 20:00:00;34.08209712785123;;;;;;;
2022-07-04 21:00:00;34.279303364977224;;;;;;;
2022-07-04 22:00:00;33.994598971242795;;;;;;;
2022-07-04 23:00:00;33.720477829840895;;;;;;;
2022-07-05 00:00:00;33.67136259542441;;;;;;;
2022-07-05 01:00:00;33.79582760525072;;;;;;;
2022-07-05 02:00:00;33.48682644911906;;;;;;;
2022-07-05 03:00:00;32.94469562188758;;;;;;;
2022-07-05 04:00:00;33.40767564646304;;;;;;;
2022-07-05 05:00:00;33.77495922036966;;;;;;;
2022-07-05 06:00:00;32.86785524755769;;;;;;;
2022-07-05 07:00:00;33.21046940933705;;;;;;;
2022-07-05 08:00:00;33.55300904117041;;;;;;;
2022-07-05 09:00:00;33.67538721250861;;;;;;;
2022-07-05 10:00:00;5.1115618167230465;;;;;;;
2022-07-05 11:00:00;33.10023961919747;;;;;;;
2022-07-05 12:00:00;30.520609128114735;;;;;;;
2022-07-05 13:00:00;0.0;;;;;;;
2022-07-05 14:00:00;0.0;;;;;;;
2022-07-05 15:00:00;0.0;;;;;;;
2022-07-05 16:00:00;0.0;;;;;;;
2022-07-05 17:00:00;34.65374181370018;;;;;;;
2022-07-05 18:00:00;34.96564963772601;;;;;;;
2022-07-05 19:00:00;35.31996500102797;;;;;;;
2022-07-05 20:00:00;35.09100900690436;;;;;;;
2022-07-05 21:00:00;33.39045922893617;;;;;;;
2022-07-05 22:00:00;34.11257987576677;;;;;;;
2022-07-05 23:00:00;32.98799752051577;;;;;;;
2022-07-06 00:00:00;32.18322316356699;;;;;;;
2022-07-06 01:00:00;32.1162207421096;;;;;;;
2022-07-06 02:00:00;31.749607937717023;;;;;;;
2022-07-06 03:00:00;31.440830371423374;;;;;;;
2022-07-06 04:00:00;31.64437165395968;;;;;;;
2022-07-06 05:00:00;31.175429233703927;;;;;;;
2022-07-06 06:00:00;31.137791610972013;;;;;;;
2022-07-06 07:00:00;31.817802838310474;;;;;;;
2022-07-06 08:00:00;31.920877753633697;;;;;;;
2022-07-06 09:00:00;0.0;;;;;;;
2022-07-06 10:00:00;0.0;;;;;;;
2022-07-06 11:00:00;0.0;;;;;;;
2022-07-06 12:00:00;0.0;;;;;;;
2022-07-06 13:00:00;0.0;;;;;;;
2022-07-06 14:00:00;0.0;;;;;;;
2022-07-06 15:00:00;0.0;;;;;;;
2022-07-06 16:00:00;32.21437668099657;;;;;;;
2022-07-06 17:00:00;33.44881617665713;;;;;;;
2022-07-06 18:00:00;33.662269942011946;;;;;;;
2022-07-06 19:00:00;33.6967773070117;;;;;;;
2022-07-06 20:00:00;33.02556061330169;;;;;;;
2022-07-06 21:00:00;32.78810820533365;;;;;;;
2022-07-06 22:00:00;33.26800652765197;;;;;;;
2022-07-06 23:00:00;33.23834360914246;;;;;;;
2022-07-07 00:00:00;29.85311893170491;;;;;;;
2022-07-07 01:00:00;28.666974841054795;;;;;;;
2022-07-07 02:00:00;27.847443554797266;;;;;;;
2022-07-07 03:00:00;26.76198942119825;;;;;;;
2022-07-07 04:00:00;26.656678607494914;;;;;;;
2022-07-07 05:00:00;26.74186633577723;;;;;;;
2022-07-07 06:00:00;26.863052027979375;;;;;;;
2022-07-07 07:00:00;26.859772710355212;;;;;;;
2022-07-07 08:00:00;1.173101350099451;;;;;;;
2022-07-07 09:00:00;0.0;;;;;;;
2022-07-07 10:00:00;0.0;;;;;;;
2022-07-07 11:00:00;0.0;;;;;;;
2022-07-07 12:00:00;0.0;;;;;;;
2022-07-07 13:00:00;0.0;;;;;;;
2022-07-07 14:00:00;0.0;;;;;;;
2022-07-07 15:00:00;0.0;;;;;;;
2022-07-07 16:00:00;0.0;;;;;;;
2022-07-07 17:00:00;30.037804137902267;;;;;;;
2022-07-07 18:00:00;30.43035336350416;;;;;;;
2022-07-07 19:00:00;31.660470122296505;;;;;;;
2022-07-07 20:00:00;32.067627217315135;;;;;;;
2022-07-07 21:00:00;29.66269491966526;;;;;;;
2022-07-07 22:00:00;29.69727681461101;;;;;;;
2022-07-07 23:00:00;29.533758113078726;;;;;;;
2022-07-08 00:00:00;30.374754023785346;;;;;;;
2022-07-08 01:00:00;30.603635487962944;;;;;;;
2022-07-08 02:00:00;30.6520799528654;;;;;;;
2022-07-08 03:00:00;30.91204040452657;;;;;;;
2022-07-08 04:00:00;31.2125451468138;;;;;;;
2022-07-08 05:00:00;32.205209497638116;;;;;;;
2022-07-08 06:00:00;33.40618504754297;;;;;;;
2022-07-08 07:00:00;33.9100074825285;;;;;;;
2022-07-08 08:00:00;34.93322911121436;;;;;;;
2022-07-08 09:00:00;0.0;;;;;;;
2022-07-08 10:00:00;0.0;;;;;;;
2022-07-08 11:00:00;0.0;;;;;;;
2022-07-08 12:00:00;0.0;;;;;;;
2022-07-08 13:00:00;0.0;;;;;;;
2022-07-08 14:00:00;0.0;;;;;;;
2022-07-08 15:00:00;0.0;;;;;;;
2022-07-08 16:00:00;0.0;;;;;;;
2022-07-08 17:00:00;34.95230877739132;;;;;;;
2022-07-08 18:00:00;34.75860544772751;;;;;;;
2022-07-08 19:00:00;34.96743835643009;;;;;;;
2022-07-08 20:00:00;34.557598183355324;;;;;;;
2022-07-08 21:00:00;34.79080238440114;;;;;;;
2022-07-08 22:00:00;34.170340583919696;;;;;;;
2022-07-08 23:00:00;34.175632210085965;;;;;;;
2022-07-09 00:00:00;34.11086568700868;;;;;;;
2022-07-09 01:00:00;34.47718037161725;;;;;;;
2022-07-09 02:00:00;34.38029144181234;;;;;;;
2022-07-09 03:00:00;34.553573566271126;;;;;;;
2022-07-09 04:00:00;34.801758286463695;;;;;;;
2022-07-09 05:00:00;34.971388443568294;;;;;;;
2022-07-09 06:00:00;35.404929139472266;;;;;;;
2022-07-09 07:00:00;35.77988929781727;;;;;;;
2022-07-09 08:00:00;35.820731708227335;;;;;;;
2022-07-09 09:00:00;35.5320026974087;;;;;;;
2022-07-09 10:00:00;35.54847381547554;;;;;;;
2022-07-09 11:00:00;35.5633798046763;;;;;;;
2022-07-09 12:00:00;37.25640205809808;;;;;;;
2022-07-09 13:00:00;2.068206001604813;;;;;;;
2022-07-09 14:00:00;0.0;;;;;;;
2022-07-09 15:00:00;0.0;;;;;;;
2022-07-09 16:00:00;0.9261836389889374;;;;;;;
2022-07-09 17:00:00;1.6874325074715162;;;;;;;
2022-07-09 18:00:00;2.1478039839368477;;;;;;;
2022-07-09 19:00:00;1.475841990766793;;;;;;;
2022-07-09 20:00:00;1.4603397619980076;;;;;;;
2022-07-09 21:00:00;1.108260297076165;;;;;;;
2022-07-09 22:00:00;1.2111116225613774;;;;;;;
2022-07-09 23:00:00;1.3180620950767972;;;;;;;
2022-07-10 00:00:00;0.0;;;;;;;
2022-07-10 01:00:00;0.0;;;;;;;
2022-07-10 02:00:00;0.0;;;;;;;
2022-07-10 03:00:00;0.0;;;;;;;
2022-07-10 04:00:00;0.0;;;;;;;
2022-07-10 05:00:00;0.0;;;;;;;
2022-07-10 06:00:00;1.9298038918757996;;;;;;;
2022-07-10 07:00:00;3.0711554849776412;;;;;;;
2022-07-10 08:00:00;3.1620074891562457;;;;;;;
2022-07-10 09:00:00;3.126084055182425;;;;;;;
2022-07-10 10:00:00;2.8506213747524654;;;;;;;
2022-07-10 11:00:00;2.902196097387079;;;;;;;
2022-07-10 12:00:00;3.081067967796144;;;;;;;
2022-07-10 13:00:00;3.3515371418438504;;;;;;;
2022-07-10 14:00:00;3.1961422044259753;;;;;;;
2022-07-10 15:00:00;3.3106202014877772;;;;;;;
2022-07-10 16:00:00;3.5100623369938844;;;;;;;
2022-07-10 17:00:00;3.355040049306028;;;;;;;
2022-07-10 18:00:00;3.949789018416169;;;;;;;
2022-07-10 19:00:00;4.618620753854064;;;;;;;
2022-07-10 20:00:00;4.866507354262626;;;;;;;
2022-07-10 21:00:00;3.929591403049145;;;;;;;
2022-07-10 22:00:00;38.76921090208276;;;;;;;
2022-07-10 23:00:00;37.93902183354669;;;;;;;
2022-07-11 00:00:00;37.799501774627615;;;;;;;
2022-07-11 01:00:00;37.405983659727674;;;;;;;
2022-07-11 02:00:00;36.915203965292804;;;;;;;
2022-07-11 03:00:00;36.57616724092161;;;;;;;
2022-07-11 04:00:00;36.93801012876996;;;;;;;
2022-07-11 05:00:00;36.872572836178634;;;;;;;
2022-07-11 06:00:00;35.96062441687642;;;;;;;
2022-07-11 07:00:00;36.446187015091034;;;;;;;
2022-07-11 08:00:00;0.6607825012694875;;;;;;;
2022-07-11 09:00:00;0.5362429614971759;;;;;;;
2022-07-11 10:00:00;0.5867742648877368;;;;;;;
2022-07-11 11:00:00;0.1454824545993728;;;;;;;
2022-07-11 12:00:00;0.2294031737996258;;;;;;;
2022-07-11 13:00:00;0.21561513378892702;;;;;;;
2022-07-11 14:00:00;1.2763998552606857;;;;;;;
2022-07-11 15:00:00;1.1963546932526292;;;;;;;
2022-07-11 16:00:00;0.8913036242591698;;;;;;;
2022-07-11 17:00:00;1.129203211903226;;;;;;;
2022-07-11 18:00:00;1.6803521626011575;;;;;;;
2022-07-11 19:00:00;36.7454992782422;;;;;;;
2022-07-11 20:00:00;37.05256265577777;;;;;;;
2022-07-11 21:00:00;4.299110875335872;;;;;;;
2022-07-11 22:00:00;1.1916593066543915;;;;;;;
2022-07-11 23:00:00;0.8280277001019631;;;;;;;
2022-07-12 00:00:00;0.044121728034236016;;;;;;;
2022-07-12 01:00:00;0.6404358260104562;;;;;;;
2022-07-12 02:00:00;0.6171079529112741;;;;;;;
2022-07-12 03:00:00;0.7364303964633211;;;;;;;
2022-07-12 04:00:00;1.1573010015466503;;;;;;;
2022-07-12 05:00:00;1.546123729848355;;;;;;;
2022-07-12 06:00:00;3.298024640613138;;;;;;;
2022-07-12 07:00:00;4.080738133544805;;;;;;;
2022-07-12 08:00:00;4.323854817409126;;;;;;;
2022-07-12 09:00:00;3.8312864042701626;;;;;;;
2022-07-12 10:00:00;3.533092090309051;;;;;;;
2022-07-12 11:00:00;3.54293004318155;;;;;;;
2022-07-12 12:00:00;4.099072500261735;;;;;;;
2022-07-12 13:00:00;4.303880791880115;;;;;;;
2022-07-12 14:00:00;4.073508728782439;;;;;;;
2022-07-12 15:00:00;3.308756952837682;;;;;;;
2022-07-12 16:00:00;2.6333665821514547;;;;;;;
2022-07-12 17:00:00;2.660719072334841;;;;;;;
2022-07-12 18:00:00;3.1023090024072197;;;;;;;
2022-07-12 19:00:00;2.8040401585001047;;;;;;;
2022-07-12 20:00:00;2.950640562289534;;;;;;;
2022-07-12 21:00:00;2.5402041496467334;;;;;;;
2022-07-12 22:00:00;2.060827536950439;;;;;;;
2022-07-12 23:00:00;1.4935801179156922;;;;;;;
2022-07-13 00:00:00;0.0;;;;;;;
2022-07-13 01:00:00;0.0;;;;;;;
2022-07-13 02:00:00;0.0;;;;;;;
2022-07-13 03:00:00;0.0;;;;;;;
2022-07-13 04:00:00;0.0;;;;;;;
2022-07-13 05:00:00;0.0;;;;;;;
2022-07-13 06:00:00;0.0;;;;;;;
2022-07-13 07:00:00;0.0;;;;;;;
2022-07-13 08:00:00;0.0;;;;;;;
2022-07-13 09:00:00;0.0;;;;;;;
2022-07-13 10:00:00;0.0;;;;;;;
2022-07-13 11:00:00;0.0;;;;;;;
2022-07-13 12:00:00;0.0;;;;;;;
2022-07-13 13:00:00;0.0;;;;;;;
2022-07-13 14:00:00;0.0;;;;;;;
2022-07-13 15:00:00;0.0;;;;;;;
2022-07-13 16:00:00;0.0;;;;;;;
2022-07-13 17:00:00;0.0;;;;;;;
2022-07-13 18:00:00;0.0;;;;;;;
2022-07-13 19:00:00;0.0;;;;;;;
2022-07-13 20:00:00;35.023857525554945;;;;;;;
2022-07-13 21:00:00;26.790012680895675;;;;;;;
2022-07-13 22:00:00;34.28012319438325;;;;;;;
2022-07-13 23:00:00;32.81784565378915;;;;;;;
2022-07-14 00:00:00;0.0;;;;;;;
2022-07-14 01:00:00;0.0;;;;;;;
2022-07-14 02:00:00;0.0;;;;;;;
2022-07-14 03:00:00;0.0;;;;;;;
2022-07-14 04:00:00;0.0;;;;;;;
2022-07-14 05:00:00;0.0;;;;;;;
2022-07-14 06:00:00;0.0;;;;;;;
2022-07-14 07:00:00;31.610982238149994;;;;;;;
2022-07-14 08:00:00;2.8220018754870146;;;;;;;
2022-07-14 09:00:00;7.49942675673806;;;;;;;
2022-07-14 10:00:00;0.0;;;;;;;
2022-07-14 11:00:00;0.0;;;;;;;
2022-07-14 12:00:00;0.0;;;;;;;
2022-07-14 13:00:00;0.0;;;;;;;
2022-07-14 14:00:00;0.0;;;;;;;
2022-07-14 15:00:00;0.0;;;;;;;
2022-07-14 16:00:00;0.0;;;;;;;
2022-07-14 17:00:00;0.0;;;;;;;
2022-07-14 18:00:00;0.0;;;;;;;
2022-07-14 19:00:00;0.0;;;;;;;
2022-07-14 20:00:00;30.614293270241486;;;;;;;
2022-07-14 21:00:00;30.825660197108196;;;;;;;
2022-07-14 22:00:00;30.450476448925176;;;;;;;
2022-07-14 23:00:00;30.116880410612275;;;;;;;
2022-07-15 00:00:00;30.212278741497112;;;;;;;
2022-07-15 01:00:00;30.604380787422983;;;;;;;
2022-07-15 02:00:00;25.953563096895284;;;;;;;
2022-07-15 03:00:00;0.0;;;;;;;
2022-07-15 04:00:00;0.0;;;;;;;
2022-07-15 05:00:00;0.0;;;;;;;
2022-07-15 06:00:00;0.0;;;;;;;
2022-07-15 07:00:00;0.14667493373543325;;;;;;;
2022-07-15 08:00:00;1.0384257376706256;;;;;;;
2022-07-15 09:00:00;1.1854733211360782;;;;;;;
2022-07-15 10:00:00;1.3210432929169482;;;;;;;
2022-07-15 11:00:00;1.217893847647721;;;;;;;
2022-07-15 12:00:00;1.264326004008074;;;;;;;
2022-07-15 13:00:00;1.2301167587923405;;;;;;;
2022-07-15 14:00:00;0.7353869772192682;;;;;;;
2022-07-15 15:00:00;0.7133261132021502;;;;;;;
2022-07-15 16:00:00;1.3704566471174526;;;;;;;
2022-07-15 17:00:00;1.477258059740865;;;;;;;
2022-07-15 18:00:00;37.37602262143415;;;;;;;
2022-07-15 19:00:00;37.42767187401477;;;;;;;
2022-07-15 20:00:00;37.41895187033232;;;;;;;
2022-07-15 21:00:00;37.017831700940015;;;;;;;
2022-07-15 22:00:00;36.171096984391106;;;;;;;
2022-07-15 23:00:00;35.70386875289341;;;;;;;
2022-07-16 00:00:00;19.829959143386947;;;;;;;
2022-07-16 01:00:00;2.508007212973102;;;;;;;
2022-07-16 02:00:00;32.19820368271375;;;;;;;
2022-07-16 03:00:00;33.457014470717546;;;;;;;
2022-07-16 04:00:00;32.94141630426342;;;;;;;
2022-07-16 05:00:00;32.99388538625008;;;;;;;
2022-07-16 06:00:00;34.91981372093368;;;;;;;
2022-07-16 07:00:00;37.45904898128236;;;;;;;
2022-07-16 08:00:00;6.416432111357174;;;;;;;
2022-07-16 09:00:00;2.1216439728895216;;;;;;;
2022-07-16 10:00:00;1.586891610312421;;;;;;;
2022-07-16 11:00:00;1.408019739903356;;;;;;;
2022-07-16 12:00:00;1.9281642330637163;;;;;;;
2022-07-16 13:00:00;1.4262795766742817;;;;;;;
2022-07-16 14:00:00;1.5520115955826534;;;;;;;
2022-07-16 15:00:00;2.40754084576001;;;;;;;
2022-07-16 16:00:00;2.6980585752827335;;;;;;;
2022-07-16 17:00:00;2.5648735617739833;;;;;;;
2022-07-16 18:00:00;2.898096950356871;;;;;;;
2022-07-16 19:00:00;3.071230014923645;;;;;;;
2022-07-16 20:00:00;2.9721051867386215;;;;;;;
2022-07-16 21:00:00;3.0609448823751237;;;;;;;
2022-07-16 22:00:00;2.8009844307139495;;;;;;;
2022-07-16 23:00:00;2.451662573794246;;;;;;;
2022-07-17 00:00:00;0.04456890771025869;;;;;;;
2022-07-17 01:00:00;0.0;;;;;;;
2022-07-17 02:00:00;0.0;;;;;;;
2022-07-17 03:00:00;0.0;;;;;;;
2022-07-17 04:00:00;0.0;;;;;;;
2022-07-17 05:00:00;0.0;;;;;;;
2022-07-17 06:00:00;0.0;;;;;;;
2022-07-17 07:00:00;1.652105313065726;;;;;;;
2022-07-17 08:00:00;2.0313882082789476;;;;;;;
2022-07-17 09:00:00;1.991738277004938;;;;;;;
2022-07-17 10:00:00;1.5210816679910861;;;;;;;
2022-07-17 11:00:00;1.3945298196766724;;;;;;;
2022-07-17 12:00:00;0.9209665427686732;;;;;;;
2022-07-17 13:00:00;0.7888994784499802;;;;;;;
2022-07-17 14:00:00;0.8913036242591698;;;;;;;
2022-07-17 15:00:00;1.2468114666971863;;;;;;;
2022-07-17 16:00:00;0.5381807400932741;;;;;;;
2022-07-17 17:00:00;2.0250531628686264;;;;;;;
2022-07-17 18:00:00;2.570165187940252;;;;;;;
2022-07-17 19:00:00;0.9738828044313547;;;;;;;
2022-07-17 20:00:00;0.9346055228873643;;;;;;;
2022-07-17 21:00:00;1.6035863182172674;;;;;;;
2022-07-17 22:00:00;1.280051822614871;;;;;;;
2022-07-17 23:00:00;1.6708868594586777;;;;;;;
2022-07-18 00:00:00;1.7114311500847326;;;;;;;
2022-07-18 01:00:00;0.3340432179889288;;;;;;;
2022-07-18 02:00:00;0.42601317135758965;;;;;;;
2022-07-18 03:00:00;0.12908586647854187;;;;;;;
2022-07-18 04:00:00;0.0;;;;;;;
2022-07-18 05:00:00;0.0;;;;;;;
2022-07-18 06:00:00;0.3044548294254293;;;;;;;
2022-07-18 07:00:00;1.2659656628201572;;;;;;;
2022-07-18 08:00:00;1.7576397166070743;;;;;;;
2022-07-18 09:00:00;1.2974173000337508;;;;;;;
2022-07-18 10:00:00;0.21755291238502522;;;;;;;
2022-07-18 11:00:00;0.14361920594927838;;;;;;;
2022-07-18 12:00:00;0.38144426364733097;;;;;;;
2022-07-18 13:00:00;0.7114628645520558;;;;;;;
2022-07-18 14:00:00;0.537211850795225;;;;;;;
2022-07-18 15:00:00;0.33791877518112523;;;;;;;
2022-07-18 16:00:00;0.40849863404670206;;;;;;;
2022-07-18 17:00:00;0.7597582695625034;;;;;;;
2022-07-18 18:00:00;1.1432893716979402;;;;;;;
2022-07-18 19:00:00;1.4262795766742817;;;;;;;
2022-07-18 20:00:00;1.1364326166655927;;;;;;;
2022-07-18 21:00:00;1.128905092119211;;;;;;;
2022-07-18 22:00:00;0.7733227197351908;;;;;;;
2022-07-18 23:00:00;0.2515385677627476;;;;;;;
2022-07-19 00:00:00;0.5555462175121542;;;;;;;
2022-07-19 01:00:00;0.35975604936023187;;;;;;;
2022-07-19 02:00:00;0.6596645520794306;;;;;;;
2022-07-19 03:00:00;0.5951961487861636;;;;;;;
2022-07-19 04:00:00;0.6025746134405374;;;;;;;
2022-07-19 05:00:00;0.9441453559758478;;;;;;;
2022-07-19 06:00:00;1.982123913970451;;;;;;;
2022-07-19 07:00:00;2.1163523467232537;;;;;;;
2022-07-19 08:00:00;2.3893555389350887;;;;;;;
2022-07-19 09:00:00;2.084751649617652;;;;;;;
2022-07-19 10:00:00;1.874130022210978;;;;;;;
2022-07-19 11:00:00;1.97303126055799;;;;;;;
2022-07-19 12:00:00;2.4577740293665555;;;;;;;
2022-07-19 13:00:00;1.964013137091533;;;;;;;
2022-07-19 14:00:00;1.4446884733372143;;;;;;;
2022-07-19 15:00:00;1.295404991491649;;;;;;;
2022-07-19 16:00:00;1.4556443753997697;;;;;;;
2022-07-19 17:00:00;1.5184731198809538;;;;;;;
2022-07-19 18:00:00;2.202285374465608;;;;;;;
2022-07-19 19:00:00;1.6608998466941718;;;;;;;
2022-07-19 20:00:00;1.5113182450645912;;;;;;;
2022-07-19 21:00:00;1.398405376868869;;;;;;;
2022-07-19 22:00:00;1.0882862715471524;;;;;;;
2022-07-19 23:00:00;0.934381933049353;;;;;;;
2022-07-20 00:00:00;0.8689446404580367;;;;;;;
2022-07-20 01:00:00;0.0;;;;;;;
2022-07-20 02:00:00;0.0;;;;;;;
2022-07-20 03:00:00;0.0;;;;;;;
2022-07-20 04:00:00;0.0;;;;;;;
2022-07-20 05:00:00;0.0;;;;;;;
2022-07-20 06:00:00;0.0;;;;;;;
2022-07-20 07:00:00;0.0;;;;;;;
2022-07-20 08:00:00;0.0;;;;;;;
2022-07-20 09:00:00;0.0;;;;;;;
2022-07-20 10:00:00;0.0;;;;;;;
2022-07-20 11:00:00;0.0;;;;;;;
2022-07-20 12:00:00;0.0;;;;;;;
2022-07-20 13:00:00;0.0;;;;;;;
2022-07-20 14:00:00;0.0;;;;;;;
2022-07-20 15:00:00;0.0;;;;;;;
2022-07-20 16:00:00;0.0;;;;;;;
2022-07-20 17:00:00;0.0;;;;;;;
2022-07-20 18:00:00;0.0;;;;;;;
2022-07-20 19:00:00;0.0;;;;;;;
2022-07-20 20:00:00;0.0;;;;;;;
2022-07-20 21:00:00;0.0;;;;;;;
2022-07-20 22:00:00;0.0;;;;;;;
2022-07-20 23:00:00;0.0;;;;;;;
2022-07-21 00:00:00;0.0;;;;;;;
2022-07-21 01:00:00;0.0;;;;;;;
2022-07-21 02:00:00;0.0;;;;;;;
2022-07-21 03:00:00;0.0;;;;;;;
2022-07-21 04:00:00;0.0;;;;;;;
2022-07-21 05:00:00;0.0;;;;;;;
2022-07-21 06:00:00;0.0;;;;;;;
2022-07-21 07:00:00;0.0;;;;;;;
2022-07-21 08:00:00;0.0;;;;;;;
2022-07-21 09:00:00;0.0;;;;;;;
2022-07-21 10:00:00;0.0;;;;;;;
2022-07-21 11:00:00;0.0;;;;;;;
2022-07-21 12:00:00;0.0;;;;;;;
2022-07-21 13:00:00;0.0;;;;;;;
2022-07-21 14:00:00;0.0;;;;;;;
2022-07-21 15:00:00;0.0;;;;;;;
2022-07-21 16:00:00;0.0;;;;;;;
2022-07-21 17:00:00;0.0;;;;;;;
2022-07-21 18:00:00;33.01706419945725;;;;;;;
2022-07-21 19:00:00;33.46931191180818;;;;;;;
2022-07-21 20:00:00;34.17160759300176;;;;;;;
2022-07-21 21:00:00;33.58677110671013;;;;;;;
2022-07-21 22:00:00;33.61770103430169;;;;;;;
2022-07-21 23:00:00;33.31093577655014;;;;;;;
2022-07-22 00:00:00;33.31257543536223;;;;;;;
2022-07-22 01:00:00;34.45593933700617;;;;;;;
2022-07-22 02:00:00;34.57183340304204;;;;;;;
2022-07-22 03:00:00;33.157478617728366;;;;;;;
2022-07-22 04:00:00;32.93552843852912;;;;;;;
2022-07-22 05:00:00;33.30653850973592;;;;;;;
2022-07-22 06:00:00;34.29428388412398;;;;;;;
2022-07-22 07:00:00;34.248671557169665;;;;;;;
2022-07-22 08:00:00;33.900318589548036;;;;;;;
2022-07-22 09:00:00;0.0;;;;;;;
2022-07-22 10:00:00;0.0;;;;;;;
2022-07-22 11:00:00;0.0;;;;;;;
2022-07-22 12:00:00;0.0;;;;;;;
2022-07-22 13:00:00;0.0;;;;;;;
2022-07-22 14:00:00;0.0;;;;;;;
2022-07-22 15:00:00;0.0;;;;;;;
2022-07-22 16:00:00;0.0;;;;;;;
2022-07-22 17:00:00;33.93519860427779;;;;;;;
2022-07-22 18:00:00;34.419270603572315;;;;;;;
2022-07-22 19:00:00;35.63545026246195;;;;;;;
2022-07-22 20:00:00;36.22595102464987;;;;;;;
2022-07-22 21:00:00;36.26724061473597;;;;;;;
2022-07-22 22:00:00;36.108342769855916;;;;;;;
2022-07-22 23:00:00;35.991181694737975;;;;;;;
2022-07-23 00:00:00;36.186152033483864;;;;;;;
2022-07-23 01:00:00;35.65363556928687;;;;;;;
2022-07-23 02:00:00;35.80448417999851;;;;;;;
2022-07-23 03:00:00;33.86841977265839;;;;;;;
2022-07-23 04:00:00;33.74030279547791;;;;;;;
2022-07-23 05:00:00;34.12800757458955;;;;;;;
2022-07-23 06:00:00;34.684299091561755;;;;;;;
2022-07-23 07:00:00;34.91094465735923;;;;;;;
2022-07-23 08:00:00;0.7288283419709358;;;;;;;
2022-07-23 09:00:00;0.5624029725445018;;;;;;;
2022-07-23 10:00:00;0.635516849574207;;;;;;;
2022-07-23 11:00:00;0.0;;;;;;;
2022-07-23 12:00:00;0.0;;;;;;;
2022-07-23 13:00:00;0.0;;;;;;;
2022-07-23 14:00:00;0.0;;;;;;;
2022-07-23 15:00:00;0.0;;;;;;;
2022-07-23 16:00:00;0.0;;;;;;;
2022-07-23 17:00:00;0.0;;;;;;;
2022-07-23 18:00:00;0.0;;;;;;;
2022-07-23 19:00:00;0.0;;;;;;;
2022-07-23 20:00:00;0.0;;;;;;;
2022-07-23 21:00:00;0.0;;;;;;;
2022-07-23 22:00:00;0.0;;;;;;;
2022-07-23 23:00:00;0.0;;;;;;;
2022-07-24 00:00:00;0.0;;;;;;;
2022-07-24 01:00:00;0.0;;;;;;;
2022-07-24 02:00:00;0.0;;;;;;;
2022-07-24 03:00:00;0.0;;;;;;;
2022-07-24 04:00:00;0.0;;;;;;;
2022-07-24 05:00:00;0.0;;;;;;;
2022-07-24 06:00:00;0.0;;;;;;;
2022-07-24 07:00:00;0.0;;;;;;;
2022-07-24 08:00:00;0.0;;;;;;;
2022-07-24 09:00:00;0.0;;;;;;;
2022-07-24 10:00:00;0.0;;;;;;;
2022-07-24 11:00:00;0.0;;;;;;;
2022-07-24 12:00:00;0.0;;;;;;;
2022-07-24 13:00:00;0.0;;;;;;;
2022-07-24 14:00:00;0.0;;;;;;;
2022-07-24 15:00:00;0.0;;;;;;;
2022-07-24 16:00:00;0.0;;;;;;;
2022-07-24 17:00:00;0.0;;;;;;;
2022-07-24 18:00:00;31.386796160570633;;;;;;;
2022-07-24 19:00:00;31.553221529997057;;;;;;;
2022-07-24 20:00:00;31.80170436997367;;;;;;;
2022-07-24 21:00:00;32.12866724309223;;;;;;;
2022-07-24 22:00:00;32.520471169234085;;;;;;;
2022-07-24 23:00:00;32.54722741984945;;;;;;;
2022-07-25 00:00:00;33.00066761133642;;;;;;;
2022-07-25 01:00:00;32.960495970440384;;;;;;;
2022-07-25 02:00:00;33.16038528562252;;;;;;;
2022-07-25 03:00:00;33.19466906078426;;;;;;;
2022-07-25 04:00:00;33.14711895523385;;;;;;;
2022-07-25 05:00:00;34.25232352452385;;;;;;;
2022-07-25 06:00:00;34.4111468394579;;;;;;;
2022-07-25 07:00:00;34.33944903140226;;;;;;;
2022-07-25 08:00:00;33.96173126505513;;;;;;;
2022-07-25 09:00:00;33.70795679891227;;;;;;;
2022-07-25 10:00:00;0.0;;;;;;;
2022-07-25 11:00:00;0.0;;;;;;;
2022-07-25 12:00:00;0.0;;;;;;;
2022-07-25 13:00:00;0.0;;;;;;;
2022-07-25 14:00:00;0.0;;;;;;;
2022-07-25 15:00:00;0.0;;;;;;;
2022-07-25 16:00:00;0.0;;;;;;;
2022-07-25 17:00:00;32.85749558506317;;;;;;;
2022-07-25 18:00:00;33.40253308018878;;;;;;;
2022-07-25 19:00:00;32.98747581089375;;;;;;;
2022-07-25 20:00:00;32.742719468217345;;;;;;;
2022-07-25 21:00:00;33.8743821683387;;;;;;;
2022-07-25 22:00:00;32.74100527945926;;;;;;;
2022-07-25 23:00:00;32.376181193770776;;;;;;;
2022-07-26 00:00:00;34.39624085025715;;;;;;;
2022-07-26 01:00:00;34.25388865338993;;;;;;;
2022-07-26 02:00:00;34.80227999608572;;;;;;;
2022-07-26 03:00:00;35.14288184932299;;;;;;;
2022-07-26 04:00:00;34.875244813223425;;;;;;;
2022-07-26 05:00:00;35.19281691314552;;;;;;;
2022-07-26 06:00:00;35.07081139153733;;;;;;;
2022-07-26 07:00:00;34.01800137428798;;;;;;;
2022-07-26 08:00:00;32.34681639504529;;;;;;;
2022-07-26 09:00:00;32.57137512235467;;;;;;;
2022-07-26 10:00:00;0.0;;;;;;;
2022-07-26 11:00:00;0.0;;;;;;;
2022-07-26 12:00:00;0.0;;;;;;;
2022-07-26 13:00:00;0.0;;;;;;;
2022-07-26 14:00:00;0.0;;;;;;;
2022-07-26 15:00:00;0.0;;;;;;;
2022-07-26 16:00:00;0.0;;;;;;;
2022-07-26 17:00:00;32.39175795248556;;;;;;;
2022-07-26 18:00:00;32.13843066601872;;;;;;;
2022-07-26 19:00:00;31.6861084237218;;;;;;;
2022-07-26 20:00:00;32.63480010640388;;;;;;;
2022-07-26 21:00:00;33.130424247329;;;;;;;
2022-07-26 22:00:00;33.43912728367664;;;;;;;
2022-07-26 23:00:00;33.89331277462366;;;;;;;
2022-07-27 00:00:00;35.45717463162091;;;;;;;
2022-07-27 01:00:00;34.99367289742342;;;;;;;
2022-07-27 02:00:00;35.660119674589204;;;;;;;
2022-07-27 03:00:00;35.658778135561136;;;;;;;
2022-07-27 04:00:00;35.54340577914729;;;;;;;
2022-07-27 05:00:00;35.52611483167441;;;;;;;
2022-07-27 06:00:00;35.98566647873369;;;;;;;
2022-07-27 07:00:00;36.711290033026465;;;;;;;
2022-07-27 08:00:00;36.505810971894064;;;;;;;
2022-07-27 09:00:00;0.9745535739453888;;;;;;;
2022-07-27 10:00:00;0.6797131075544469;;;;;;;
2022-07-27 11:00:00;0.5032261954175027;;;;;;;
2022-07-27 12:00:00;0.35342100394991083;;;;;;;
2022-07-27 13:00:00;0.0;;;;;;;
2022-07-27 14:00:00;0.0;;;;;;;
2022-07-27 15:00:00;0.0;;;;;;;
2022-07-27 16:00:00;0.0;;;;;;;
2022-07-27 17:00:00;35.16963809993834;;;;;;;
2022-07-27 18:00:00;35.9818654514875;;;;;;;
2022-07-27 19:00:00;35.90800627499776;;;;;;;
2022-07-27 20:00:00;35.893398405581024;;;;;;;
2022-07-27 21:00:00;35.989691095817896;;;;;;;
2022-07-27 22:00:00;36.33677705435749;;;;;;;
2022-07-27 23:00:00;36.00295742620657;;;;;;;
2022-07-28 00:00:00;33.50478816610597;;;;;;;
2022-07-28 01:00:00;32.206625566612196;;;;;;;
2022-07-28 02:00:00;32.17368333047851;;;;;;;
2022-07-28 03:00:00;31.976104443622496;;;;;;;
2022-07-28 04:00:00;32.06077046228279;;;;;;;
2022-07-28 05:00:00;32.01262411716435;;;;;;;
2022-07-28 06:00:00;32.26982696082338;;;;;;;
2022-07-28 07:00:00;32.76246990390835;;;;;;;
2022-07-28 08:00:00;32.738247671457124;;;;;;;
2022-07-28 09:00:00;32.9746566601811;;;;;;;
2022-07-28 10:00:00;0.0;;;;;;;
2022-07-28 11:00:00;0.0;;;;;;;
2022-07-28 12:00:00;0.0;;;;;;;
2022-07-28 13:00:00;0.0;;;;;;;
2022-07-28 14:00:00;0.0;;;;;;;
2022-07-28 15:00:00;0.0;;;;;;;
2022-07-28 16:00:00;36.27014728263011;;;;;;;
2022-07-28 17:00:00;36.71017208383642;;;;;;;
2022-07-28 18:00:00;36.42427521096592;;;;;;;
2022-07-28 19:00:00;36.38432715990789;;;;;;;
2022-07-28 20:00:00;36.07584771339826;;;;;;;
2022-07-28 21:00:00;36.175196131421295;;;;;;;
2022-07-28 22:00:00;36.11028054845201;;;;;;;
2022-07-28 23:00:00;36.187717162349934;;;;;;;
2022-07-29 00:00:00;35.62360000104734;;;;;;;
2022-07-29 01:00:00;37.02848948321854;;;;;;;
2022-07-29 02:00:00;37.384071855602556;;;;;;;
2022-07-29 03:00:00;37.13782491400609;;;;;;;
2022-07-29 04:00:00;37.24991795279577;;;;;;;
2022-07-29 05:00:00;37.53067225939199;;;;;;;
2022-07-29 06:00:00;36.60851323748726;;;;;;;
2022-07-29 07:00:00;37.123366104481356;;;;;;;
2022-07-29 08:00:00;37.07007719308865;;;;;;;
2022-07-29 09:00:00;36.98951032145857;;;;;;;
2022-07-29 10:00:00;37.22919862780672;;;;;;;
2022-07-29 11:00:00;1.8795707082692534;;;;;;;
2022-07-29 12:00:00;1.416068974071764;;;;;;;
2022-07-29 13:00:00;1.294734221977615;;;;;;;
2022-07-29 14:00:00;0.9405679185676664;;;;;;;
2022-07-29 15:00:00;0.8006752099185769;;;;;;;
2022-07-29 16:00:00;36.44231145789884;;;;;;;
2022-07-29 17:00:00;36.70413515821011;;;;;;;
2022-07-29 18:00:00;36.69712934328575;;;;;;;
2022-07-29 19:00:00;36.31501431012438;;;;;;;
2022-07-29 20:00:00;36.426063929670015;;;;;;;
2022-07-29 21:00:00;36.22200093751167;;;;;;;
2022-07-29 22:00:00;36.00824905237284;;;;;;;
2022-07-29 23:00:00;36.435976412488515;;;;;;;
2022-07-30 00:00:00;36.16901014590299;;;;;;;
2022-07-30 01:00:00;35.97784083440331;;;;;;;
2022-07-30 02:00:00;35.89839191196327;;;;;;;
2022-07-30 03:00:00;36.02621076935975;;;;;;;
2022-07-30 04:00:00;0.6372310383322939;;;;;;;
2022-07-30 05:00:00;0.48392293940252445;;;;;;;
2022-07-30 06:00:00;12.000811905528183;;;;;;;
2022-07-30 07:00:00;0.7339709082451965;;;;;;;
2022-07-30 08:00:00;0.5680672484407887;;;;;;;
2022-07-30 09:00:00;0.2515385677627476;;;;;;;
2022-07-30 10:00:00;0.0;;;;;;;
2022-07-30 11:00:00;0.0;;;;;;;
2022-07-30 12:00:00;0.0;;;;;;;
2022-07-30 13:00:00;0.0;;;;;;;
2022-07-30 14:00:00;0.0;;;;;;;
2022-07-30 15:00:00;0.0;;;;;;;
2022-07-30 16:00:00;0.0;;;;;;;
2022-07-30 17:00:00;0.0;;;;;;;
2022-07-30 18:00:00;0.0;;;;;;;
2022-07-30 19:00:00;0.0;;;;;;;
2022-07-30 20:00:00;0.0;;;;;;;
2022-07-30 21:00:00;0.0;;;;;;;
2022-07-30 22:00:00;0.0;;;;;;;
2022-07-30 23:00:00;0.0;;;;;;;
2022-07-31 00:00:00;0.0;;;;;;;
2022-07-31 01:00:00;0.0;;;;;;;
2022-07-31 02:00:00;0.0;;;;;;;
2022-07-31 03:00:00;0.0;;;;;;;
2022-07-31 04:00:00;0.0;;;;;;;
2022-07-31 05:00:00;0.0;;;;;;;
2022-07-31 06:00:00;0.0;;;;;;;
2022-07-31 07:00:00;0.0;;;;;;;
2022-07-31 08:00:00;0.0;;;;;;;
2022-07-31 09:00:00;0.0;;;;;;;
2022-07-31 10:00:00;0.0;;;;;;;
2022-07-31 11:00:00;0.0;;;;;;;
2022-07-31 12:00:00;0.0;;;;;;;
2022-07-31 13:00:00;0.0;;;;;;;
2022-07-31 14:00:00;0.0;;;;;;;
2022-07-31 15:00:00;0.0;;;;;;;
2022-07-31 16:00:00;0.0;;;;;;;
2022-07-31 17:00:00;0.0;;;;;;;
2022-07-31 18:00:00;0.0;;;;;;;
2022-07-31 19:00:00;0.0;;;;;;;
2022-07-31 20:00:00;33.859476179137936;;;;;;;
2022-07-31 21:00:00;6.787367652617973;;;;;;;
2022-07-31 22:00:00;33.75737015311277;;;;;;;
2022-07-31 23:00:00;33.68619405467916;;;;;;;
2022-08-01 00:00:00;33.48384525127891;;;;;;;
2022-08-01 01:00:00;33.393216836938315;;;;;;;
2022-08-01 02:00:00;33.4541078028234;;;;;;;
2022-08-01 03:00:00;33.76206553971101;;;;;;;
2022-08-01 04:00:00;33.74738314034826;;;;;;;
2022-08-01 05:00:00;34.50266961315056;;;;;;;
2022-08-01 06:00:00;35.376458700098816;;;;;;;
2022-08-01 07:00:00;36.156340055082346;;;;;;;
2022-08-01 08:00:00;36.530256794183295;;;;;;;
2022-08-01 09:00:00;36.288928829023064;;;;;;;
2022-08-01 10:00:00;35.92775671068876;;;;;;;
2022-08-01 11:00:00;0.6220269293475233;;;;;;;
2022-08-01 12:00:00;0.687315162046832;;;;;;;
2022-08-01 13:00:00;0.6355913795202108;;;;;;;
2022-08-01 14:00:00;0.7880796490439385;;;;;;;
2022-08-01 15:00:00;0.4639489138735122;;;;;;;
2022-08-01 16:00:00;0.4064117955585963;;;;;;;
2022-08-01 17:00:00;36.003031956152576;;;;;;;
2022-08-01 18:00:00;35.92008012625037;;;;;;;
2022-08-01 19:00:00;35.6818078888763;;;;;;;
2022-08-01 20:00:00;35.5004765302491;;;;;;;
2022-08-01 21:00:00;35.62807179780757;;;;;;;
2022-08-01 22:00:00;35.559951427160115;;;;;;;
2022-08-01 23:00:00;35.91769516797825;;;;;;;
2022-08-02 00:00:00;35.17813451378279;;;;;;;
2022-08-02 01:00:00;34.3498832238428;;;;;;;
2022-08-02 02:00:00;34.28377516173745;;;;;;;
2022-08-02 03:00:00;34.463019681876524;;;;;;;
2022-08-02 04:00:00;34.29912833061424;;;;;;;
2022-08-02 05:00:00;34.537027918258275;;;;;;;
2022-08-02 06:00:00;34.454076088356075;;;;;;;
2022-08-02 07:00:00;34.656052242026306;;;;;;;
2022-08-02 08:00:00;34.9952380262895;;;;;;;
2022-08-02 09:00:00;0.0;;;;;;;
2022-08-02 10:00:00;0.0;;;;;;;
2022-08-02 11:00:00;0.0;;;;;;;
2022-08-02 12:00:00;0.0;;;;;;;
2022-08-02 13:00:00;0.0;;;;;;;
2022-08-02 14:00:00;0.0;;;;;;;
2022-08-02 15:00:00;0.0;;;;;;;
2022-08-02 16:00:00;0.0;;;;;;;
2022-08-02 17:00:00;0.0;;;;;;;
2022-08-02 18:00:00;34.928980904292146;;;;;;;
2022-08-02 19:00:00;34.545226212318696;;;;;;;
2022-08-02 20:00:00;34.50259508320453;;;;;;;
2022-08-02 21:00:00;34.33639330361611;;;;;;;
2022-08-02 22:00:00;33.60823573115921;;;;;;;
2022-08-02 23:00:00;33.33165510153919;;;;;;;
2022-08-03 00:00:00;32.700833638563225;;;;;;;
2022-08-03 01:00:00;32.1753229892906;;;;;;;
2022-08-03 02:00:00;32.99172401781596;;;;;;;
2022-08-03 03:00:00;33.13102048689702;;;;;;;
2022-08-03 04:00:00;32.35404579980765;;;;;;;
2022-08-03 05:00:00;32.63241514813176;;;;;;;
2022-08-03 06:00:00;33.99817640865097;;;;;;;
2022-08-03 07:00:00;34.42925761633681;;;;;;;
2022-08-03 08:00:00;0.2585443826871026;;;;;;;
2022-08-03 09:00:00;0.0;;;;;;;
2022-08-03 10:00:00;0.0;;;;;;;
2022-08-03 11:00:00;0.0;;;;;;;
2022-08-03 12:00:00;0.0;;;;;;;
2022-08-03 13:00:00;0.0;;;;;;;
2022-08-03 14:00:00;0.0;;;;;;;
2022-08-03 15:00:00;0.0;;;;;;;
2022-08-03 16:00:00;0.0;;;;;;;
2022-08-03 17:00:00;0.0;;;;;;;
2022-08-03 18:00:00;36.21596401188537;;;;;;;
2022-08-03 19:00:00;35.950115694489895;;;;;;;
2022-08-03 20:00:00;35.731817482644836;;;;;;;
2022-08-03 21:00:00;35.225162909711166;;;;;;;
2022-08-03 22:00:00;35.165166303178104;;;;;;;
2022-08-03 23:00:00;34.93091868288824;;;;;;;
2022-08-04 00:00:00;34.35420596071101;;;;;;;
2022-08-04 01:00:00;32.78482888770948;;;;;;;
2022-08-04 02:00:00;31.68372346544967;;;;;;;
2022-08-04 03:00:00;31.56551897108769;;;;;;;
2022-08-04 04:00:00;31.650855759262004;;;;;;;
2022-08-04 05:00:00;31.61075864831198;;;;;;;
2022-08-04 06:00:00;31.88391090041583;;;;;;;
2022-08-04 07:00:00;0.0;;;;;;;
2022-08-04 08:00:00;0.0;;;;;;;
2022-08-04 09:00:00;0.0;;;;;;;
2022-08-04 10:00:00;0.0;;;;;;;
2022-08-04 11:00:00;0.0;;;;;;;
2022-08-04 12:00:00;0.0;;;;;;;
2022-08-04 13:00:00;0.0;;;;;;;
2022-08-04 14:00:00;0.0;;;;;;;
2022-08-04 15:00:00;0.0;;;;;;;
2022-08-04 16:00:00;0.0;;;;;;;
2022-08-04 17:00:00;33.09017807648696;;;;;;;
2022-08-04 18:00:00;33.72271372822101;;;;;;;
2022-08-04 19:00:00;34.00943043049754;;;;;;;
2022-08-04 20:00:00;34.39206717328094;;;;;;;
2022-08-04 21:00:00;34.51273115586105;;;;;;;
2022-08-04 22:00:00;34.316866457763126;;;;;;;
2022-08-04 23:00:00;34.45593933700617;;;;;;;
2022-08-05 00:00:00;34.37090066861586;;;;;;;
2022-08-05 01:00:00;33.95651416883486;;;;;;;
2022-08-05 02:00:00;33.96828990030346;;;;;;;
2022-08-05 03:00:00;34.03521779181485;;;;;;;
2022-08-05 04:00:00;33.7757790497757;;;;;;;
2022-08-05 05:00:00;34.13069065264569;;;;;;;
2022-08-05 06:00:00;33.28485029544883;;;;;;;
2022-08-05 07:00:00;34.3264062908516;;;;;;;
2022-08-05 08:00:00;0.0;;;;;;;
2022-08-05 09:00:00;0.0;;;;;;;
2022-08-05 10:00:00;0.0;;;;;;;
2022-08-05 11:00:00;0.0;;;;;;;
2022-08-05 12:00:00;0.0;;;;;;;
2022-08-05 13:00:00;0.0;;;;;;;
2022-08-05 14:00:00;0.0;;;;;;;
2022-08-05 15:00:00;0.0;;;;;;;
2022-08-05 16:00:00;0.0;;;;;;;
2022-08-05 17:00:00;35.90413071780557;;;;;;;
2022-08-05 18:00:00;36.00854717215685;;;;;;;
2022-08-05 19:00:00;36.81168187029356;;;;;;;
2022-08-05 20:00:00;36.112516446832124;;;;;;;
2022-08-05 21:00:00;36.24599958012489;;;;;;;
2022-08-05 22:00:00;35.83183667018189;;;;;;;
2022-08-05 23:00:00;35.75782843380015;;;;;;;
2022-08-06 00:00:00;35.65512616820695;;;;;;;
2022-08-06 01:00:00;35.941023041077436;;;;;;;
2022-08-06 02:00:00;36.34191962063174;;;;;;;
2022-08-06 03:00:00;36.36718527232703;;;;;;;
2022-08-06 04:00:00;34.723427313213726;;;;;;;
2022-08-06 05:00:00;35.07304728991745;;;;;;;
2022-08-06 06:00:00;36.42859794783414;;;;;;;
2022-08-06 07:00:00;37.129850209783676;;;;;;;
2022-08-06 08:00:00;37.46076317004045;;;;;;;
2022-08-06 09:00:00;36.55783287420469;;;;;;;
2022-08-06 10:00:00;1.093205247983402;;;;;;;
2022-08-06 11:00:00;1.2573947190297228;;;;;;;
2022-08-06 12:00:00;1.8207665808722737;;;;;;;
2022-08-06 13:00:00;1.8677204468546529;;;;;;;
2022-08-06 14:00:00;2.0413752210434533;;;;;;;
2022-08-06 15:00:00;1.9204876486253273;;;;;;;
2022-08-06 16:00:00;37.225174010722505;;;;;;;
2022-08-06 17:00:00;37.37244518402598;;;;;;;
2022-08-06 18:00:00;37.558099279521386;;;;;;;
2022-08-06 19:00:00;37.63464153406726;;;;;;;
2022-08-06 20:00:00;37.70127130579464;;;;;;;
2022-08-06 21:00:00;37.52046165678947;;;;;;;
2022-08-06 22:00:00;36.71337687151459;;;;;;;
2022-08-06 23:00:00;36.445665305469014;;;;;;;
2022-08-07 00:00:00;36.51661781406462;;;;;;;
2022-08-07 01:00:00;35.528350730054534;;;;;;;
2022-08-07 02:00:00;35.812980593842944;;;;;;;
2022-08-07 03:00:00;35.81454572270902;;;;;;;
2022-08-07 04:00:00;35.619277264179125;;;;;;;
2022-08-07 05:00:00;35.64715146398454;;;;;;;
2022-08-07 06:00:00;34.458324295278295;;;;;;;
2022-08-07 07:00:00;35.332858681686616;;;;;;;
2022-08-07 08:00:00;0.8765466949504219;;;;;;;
2022-08-07 09:00:00;0.32636663355053974;;;;;;;
2022-08-07 10:00:00;0.8146123098212833;;;;;;;
2022-08-07 11:00:00;0.2184472717370706;;;;;;;
2022-08-07 12:00:00;0.0;;;;;;;
2022-08-07 13:00:00;0.0;;;;;;;
2022-08-07 14:00:00;0.6063011107407263;;;;;;;
2022-08-07 15:00:00;0.08846704590648337;;;;;;;
2022-08-07 16:00:00;0.4011946993383319;;;;;;;
2022-08-07 17:00:00;2.0456979579116727;;;;;;;
2022-08-07 18:00:00;1.9565601424911552;;;;;;;
2022-08-07 19:00:00;2.1984843472194155;;;;;;;
2022-08-07 20:00:00;1.1554377528965558;;;;;;;
2022-08-07 21:00:00;0.037488562839899854;;;;;;;
2022-08-07 22:00:00;0.0;;;;;;;
2022-08-07 23:00:00;0.0;;;;;;;
2022-08-08 00:00:00;0.0;;;;;;;
2022-08-08 01:00:00;0.0;;;;;;;
2022-08-08 02:00:00;0.0;;;;;;;
2022-08-08 03:00:00;0.09077747423260046;;;;;;;
2022-08-08 04:00:00;0.0;;;;;;;
2022-08-08 05:00:00;0.0;;;;;;;
2022-08-08 06:00:00;0.0;;;;;;;
2022-08-08 07:00:00;0.0;;;;;;;
2022-08-08 08:00:00;0.0;;;;;;;
2022-08-08 09:00:00;0.0;;;;;;;
2022-08-08 10:00:00;0.0;;;;;;;
2022-08-08 11:00:00;0.0;;;;;;;
2022-08-08 12:00:00;0.0;;;;;;;
2022-08-08 13:00:00;0.0;;;;;;;
2022-08-08 14:00:00;0.0;;;;;;;
2022-08-08 15:00:00;0.0;;;;;;;
2022-08-08 16:00:00;0.0;;;;;;;
2022-08-08 17:00:00;0.0;;;;;;;
2022-08-08 18:00:00;35.925744402146655;;;;;;;
2022-08-08 19:00:00;35.616743246015;;;;;;;
2022-08-08 20:00:00;35.698726186619155;;;;;;;
2022-08-08 21:00:00;36.05393590927316;;;;;;;
2022-08-08 22:00:00;35.73785440827114;;;;;;;
2022-08-08 23:00:00;35.564050574190325;;;;;;;
2022-08-09 00:00:00;35.114485939895545;;;;;;;
2022-08-09 01:00:00;35.14750270597523;;;;;;;
2022-08-09 02:00:00;35.36803681620041;;;;;;;
2022-08-09 03:00:00;35.19706512006773;;;;;;;
2022-08-09 04:00:00;35.32950483411644;;;;;;;
2022-08-09 05:00:00;35.677485152008074;;;;;;;
2022-08-09 06:00:00;36.063401212415634;;;;;;;
2022-08-09 07:00:00;36.554255436796524;;;;;;;
2022-08-09 08:00:00;37.290387713475816;;;;;;;
2022-08-09 09:00:00;37.015819392397916;;;;;;;
2022-08-09 10:00:00;36.5539573170125;;;;;;;
2022-08-09 11:00:00;36.65390197460357;;;;;;;
2022-08-09 12:00:00;37.23016751710476;;;;;;;
2022-08-09 13:00:00;36.837692821448876;;;;;;;
2022-08-09 14:00:00;36.45177676104133;;;;;;;
2022-08-09 15:00:00;35.45859070059499;;;;;;;
2022-08-09 16:00:00;36.36942117070714;;;;;;;
2022-08-09 17:00:00;37.23381948445896;;;;;;;
2022-08-09 18:00:00;36.900223446146036;;;;;;;
2022-08-09 19:00:00;36.38447621979991;;;;;;;
2022-08-09 20:00:00;36.04335265694062;;;;;;;
2022-08-09 21:00:00;35.42907684197748;;;;;;;
2022-08-09 22:00:00;34.41770547470623;;;;;;;
2022-08-09 23:00:00;32.42507283834925;;;;;;;
2022-08-10 00:00:00;29.623790287851286;;;;;;;
2022-08-10 01:00:00;26.00767183769403;;;;;;;
2022-08-10 02:00:00;23.998717143162217;;;;;;;
2022-08-10 03:00:00;23.735328313984866;;;;;;;
2022-08-10 04:00:00;23.1005567638707;;;;;;;
2022-08-10 05:00:00;22.893885223602226;;;;;;;
2022-08-10 06:00:00;23.419321342928853;;;;;;;
2022-08-10 07:00:00;23.539389085940936;;;;;;;
2022-08-10 08:00:00;24.418171679271474;;;;;;;
2022-08-10 09:00:00;24.73872497703372;;;;;;;
2022-08-10 10:00:00;25.078432470918933;;;;;;;
2022-08-10 11:00:00;0.0;;;;;;;
2022-08-10 12:00:00;0.0;;;;;;;
2022-08-10 13:00:00;0.0;;;;;;;
2022-08-10 14:00:00;0.0;;;;;;;
2022-08-10 15:00:00;0.0;;;;;;;
2022-08-10 16:00:00;24.260615373419487;;;;;;;
2022-08-10 17:00:00;25.078954180540965;;;;;;;
2022-08-10 18:00:00;25.172340202883692;;;;;;;
2022-08-10 19:00:00;25.77118831902404;;;;;;;
2022-08-10 20:00:00;25.91920479178754;;;;;;;
2022-08-10 21:00:00;25.45026237153178;;;;;;;
2022-08-10 22:00:00;25.314319750020886;;;;;;;
2022-08-10 23:00:00;25.452572799857894;;;;;;;
2022-08-11 00:00:00;23.964358838054476;;;;;;;
2022-08-11 01:00:00;22.42389938410241;;;;;;;
2022-08-11 02:00:00;22.526974299425632;;;;;;;
2022-08-11 03:00:00;22.601280655591395;;;;;;;
2022-08-11 04:00:00;22.48076573290329;;;;;;;
2022-08-11 05:00:00;22.393491166132865;;;;;;;
2022-08-11 06:00:00;22.534501823972015;;;;;;;
2022-08-11 07:00:00;22.85035973513602;;;;;;;
2022-08-11 08:00:00;23.290906245964344;;;;;;;
2022-08-11 09:00:00;0.0;;;;;;;
2022-08-11 10:00:00;0.0;;;;;;;
2022-08-11 11:00:00;0.0;;;;;;;
2022-08-11 12:00:00;0.0;;;;;;;
2022-08-11 13:00:00;0.0;;;;;;;
2022-08-11 14:00:00;0.0;;;;;;;
2022-08-11 15:00:00;0.0;;;;;;;
2022-08-11 16:00:00;0.0;;;;;;;
2022-08-11 17:00:00;27.27333938073017;;;;;;;
2022-08-11 18:00:00;29.55052735092957;;;;;;;
2022-08-11 19:00:00;29.493213822452667;;;;;;;
2022-08-11 20:00:00;29.354364533047633;;;;;;;
2022-08-11 21:00:00;30.752322730240476;;;;;;;
2022-08-11 22:00:00;30.872912182874586;;;;;;;
2022-08-11 23:00:00;30.55973734976672;;;;;;;
2022-08-12 00:00:00;30.73793845066175;;;;;;;
2022-08-12 01:00:00;31.059311577830034;;;;;;;
2022-08-12 02:00:00;30.657669698815685;;;;;;;
2022-08-12 03:00:00;30.132755289111078;;;;;;;
2022-08-12 04:00:00;30.68904680608327;;;;;;;
2022-08-12 05:00:00;32.88887269233076;;;;;;;
2022-08-12 06:00:00;34.501402604068474;;;;;;;
2022-08-12 07:00:00;35.54295859947126;;;;;;;
2022-08-12 08:00:00;35.654008219016895;;;;;;;
2022-08-12 09:00:00;0.45016087386281345;;;;;;;
2022-08-12 10:00:00;0.0;;;;;;;
2022-08-12 11:00:00;0.0;;;;;;;
2022-08-12 12:00:00;0.0;;;;;;;
2022-08-12 13:00:00;0.19646093766595632;;;;;;;
2022-08-12 14:00:00;0.7570006615603636;;;;;;;
2022-08-12 15:00:00;0.7519326252321067;;;;;;;
2022-08-12 16:00:00;1.1537235641384689;;;;;;;
2022-08-12 17:00:00;2.163604332489648;;;;;;;
2022-08-12 18:00:00;37.59558784236128;;;;;;;
2022-08-12 19:00:00;36.52884072520922;;;;;;;
2022-08-12 20:00:00;36.99457835778682;;;;;;;
2022-08-12 21:00:00;1.5371056063818977;;;;;;;
2022-08-12 22:00:00;36.2501732571011;;;;;;;
2022-08-12 23:00:00;36.29213361670122;;;;;;;
2022-08-13 00:00:00;36.158352363624445;;;;;;;
2022-08-13 01:00:00;36.314492600502355;;;;;;;
2022-08-13 02:00:00;36.149781419834014;;;;;;;
2022-08-13 03:00:00;0.1823002479252387;;;;;;;
2022-08-13 04:00:00;0.0;;;;;;;
2022-08-13 05:00:00;0.0;;;;;;;
2022-08-13 06:00:00;36.144638853559755;;;;;;;
2022-08-13 07:00:00;36.549187400468256;;;;;;;
2022-08-13 08:00:00;1.3125468790725177;;;;;;;
2022-08-13 09:00:00;1.0213583800357608;;;;;;;
2022-08-13 10:00:00;0.4532911315949721;;;;;;;
2022-08-13 11:00:00;0.5310258652769116;;;;;;;
2022-08-13 12:00:00;0.8616407057496666;;;;;;;
2022-08-13 13:00:00;0.0;;;;;;;
2022-08-13 14:00:00;0.0;;;;;;;
2022-08-13 15:00:00;0.0;;;;;;;
2022-08-13 16:00:00;0.19020042220163902;;;;;;;
2022-08-13 17:00:00;0.43585112423008826;;;;;;;
2022-08-13 18:00:00;0.16486024056035486;;;;;;;
2022-08-13 19:00:00;1.268276091146274;;;;;;;
2022-08-13 20:00:00;1.240700011124877;;;;;;;
2022-08-13 21:00:00;1.1306938108233018;;;;;;;
2022-08-13 22:00:00;0.5066545729336764;;;;;;;
2022-08-13 23:00:00;0.2853751632484624;;;;;;;
2022-08-14 00:00:00;0.0380102724619263;;;;;;;
2022-08-14 01:00:00;0.0;;;;;;;
2022-08-14 02:00:00;0.0;;;;;;;
2022-08-14 03:00:00;0.0;;;;;;;
2022-08-14 04:00:00;0.0;;;;;;;
2022-08-14 05:00:00;0.0;;;;;;;
2022-08-14 06:00:00;0.0;;;;;;;
2022-08-14 07:00:00;1.514373972850746;;;;;;;
2022-08-14 08:00:00;2.679426088781789;;;;;;;
2022-08-14 09:00:00;2.6886678020862576;;;;;;;
2022-08-14 10:00:00;1.9799625455363412;;;;;;;
2022-08-14 11:00:00;1.1906904173563422;;;;;;;
2022-08-14 12:00:00;0.4332425761199561;;;;;;;
2022-08-14 13:00:00;0.037637622731907426;;;;;;;
2022-08-14 14:00:00;0.18073511905915934;;;;;;;
2022-08-14 15:00:00;1.3258877394071937;;;;;;;
2022-08-14 16:00:00;2.598113917691668;;;;;;;
2022-08-14 17:00:00;2.7866001511352203;;;;;;;
2022-08-14 18:00:00;38.69967446246123;;;;;;;
2022-08-14 19:00:00;39.02127117946753;;;;;;;
2022-08-14 20:00:00;38.73746114508515;;;;;;;
2022-08-14 21:00:00;38.74349807071145;;;;;;;
2022-08-14 22:00:00;37.4577819722003;;;;;;;
2022-08-14 23:00:00;36.88919301413749;;;;;;;
2022-08-15 00:00:00;35.38264468561714;;;;;;;
2022-08-15 01:00:00;33.08749499843082;;;;;;;
2022-08-15 02:00:00;30.959515980130984;;;;;;;
2022-08-15 03:00:00;28.99483207352541;;;;;;;
2022-08-15 04:00:00;28.33486940166196;;;;;;;
2022-08-15 05:00:00;28.567999072761783;;;;;;;
2022-08-15 06:00:00;32.32475553102816;;;;;;;
2022-08-15 07:00:00;34.043714205659285;;;;;;;
2022-08-15 08:00:00;10.705406914036532;;;;;;;
2022-08-15 09:00:00;0.49689115000718176;;;;;;;
2022-08-15 10:00:00;0.0;;;;;;;
2022-08-15 11:00:00;0.0;;;;;;;
2022-08-15 12:00:00;0.0;;;;;;;
2022-08-15 13:00:00;0.0;;;;;;;
2022-08-15 14:00:00;0.0;;;;;;;
2022-08-15 15:00:00;0.0;;;;;;;
2022-08-15 16:00:00;0.0;;;;;;;
2022-08-15 17:00:00;34.24822437749365;;;;;;;
2022-08-15 18:00:00;34.524283297491635;;;;;;;
2022-08-15 19:00:00;34.384986828410575;;;;;;;
2022-08-15 20:00:00;33.94429125769024;;;;;;;
2022-08-15 21:00:00;33.407526586571045;;;;;;;
2022-08-15 22:00:00;33.54071160007979;;;;;;;
2022-08-15 23:00:00;33.04866489656285;;;;;;;
2022-08-16 00:00:00;32.864724989825525;;;;;;;
2022-08-16 01:00:00;33.21166188847312;;;;;;;
2022-08-16 02:00:00;32.75106682216977;;;;;;;
2022-08-16 03:00:00;32.62809241126353;;;;;;;
2022-08-16 04:00:00;33.04121190196249;;;;;;;
2022-08-16 05:00:00;33.9749975954438;;;;;;;
2022-08-16 06:00:00;16.29470568464379;;;;;;;
2022-08-16 07:00:00;0.23968830634814703;;;;;;;
2022-08-16 08:00:00;0.3548370729239826;;;;;;;
2022-08-16 09:00:00;0.15450057806582984;;;;;;;
2022-08-16 10:00:00;0.2218011193072405;;;;;;;
2022-08-16 11:00:00;0.09308790255871756;;;;;;;
2022-08-16 12:00:00;0.0;;;;;;;
2022-08-16 13:00:00;0.0;;;;;;;
2022-08-16 14:00:00;0.0;;;;;;;
2022-08-16 15:00:00;0.0;;;;;;;
2022-08-16 16:00:00;0.0;;;;;;;
2022-08-16 17:00:00;0.0;;;;;;;
2022-08-16 18:00:00;0.0;;;;;;;
2022-08-16 19:00:00;0.0;;;;;;;
2022-08-16 20:00:00;0.0;;;;;;;
2022-08-16 21:00:00;0.0;;;;;;;
2022-08-16 22:00:00;0.0;;;;;;;
2022-08-16 23:00:00;17.777851610118955;;;;;;;
2022-08-17 00:00:00;30.1963293330523;;;;;;;
2022-08-17 01:00:00;25.479701700203268;;;;;;;
2022-08-17 02:00:00;24.031063139727856;;;;;;;
2022-08-17 03:00:00;22.95336012051324;;;;;;;
2022-08-17 04:00:00;22.623937759176542;;;;;;;
2022-08-17 05:00:00;22.660382902772394;;;;;;;
2022-08-17 06:00:00;23.747625755075493;;;;;;;
2022-08-17 07:00:00;0.0;;;;;;;
2022-08-17 08:00:00;0.0;;;;;;;
2022-08-17 09:00:00;0.0;;;;;;;
2022-08-17 10:00:00;0.0;;;;;;;
2022-08-17 11:00:00;0.0;;;;;;;
2022-08-17 12:00:00;0.0;;;;;;;
2022-08-17 13:00:00;0.0;;;;;;;
2022-08-17 14:00:00;0.0;;;;;;;
2022-08-17 15:00:00;0.0;;;;;;;
2022-08-17 16:00:00;0.0;;;;;;;
2022-08-17 17:00:00;29.6832651847623;;;;;;;
2022-08-17 18:00:00;29.390884206589483;;;;;;;
2022-08-17 19:00:00;29.740206063509184;;;;;;;
2022-08-17 20:00:00;29.401765578706033;;;;;;;
2022-08-17 21:00:00;28.607127294413765;;;;;;;
2022-08-17 22:00:00;28.21286388005378;;;;;;;
2022-08-17 23:00:00;28.056052873661834;;;;;;;
2022-08-18 00:00:00;28.475358349879087;;;;;;;
2022-08-18 01:00:00;28.566881123571722;;;;;;;
2022-08-18 02:00:00;27.998813875130935;;;;;;;
2022-08-18 03:00:00;28.551304364856936;;;;;;;
2022-08-18 04:00:00;28.195796522418917;;;;;;;
2022-08-18 05:00:00;28.736138630946304;;;;;;;
2022-08-18 06:00:00;29.138823929204708;;;;;;;
2022-08-18 07:00:00;29.58958104263555;;;;;;;
2022-08-18 08:00:00;0.0;;;;;;;
2022-08-18 09:00:00;0.0;;;;;;;
2022-08-18 10:00:00;0.0;;;;;;;
2022-08-18 11:00:00;0.0;;;;;;;
2022-08-18 12:00:00;0.0;;;;;;;
2022-08-18 13:00:00;0.0;;;;;;;
2022-08-18 14:00:00;0.0;;;;;;;
2022-08-18 15:00:00;0.0;;;;;;;
2022-08-18 16:00:00;0.0;;;;;;;
2022-08-18 17:00:00;0.0;;;;;;;
2022-08-18 18:00:00;0.0;;;;;;;
2022-08-18 19:00:00;30.82879045484035;;;;;;;
2022-08-18 20:00:00;31.044331058683266;;;;;;;
2022-08-18 21:00:00;31.004383007625254;;;;;;;
2022-08-18 22:00:00;31.006469846113358;;;;;;;
2022-08-18 23:00:00;30.945280760444277;;;;;;;
2022-08-19 00:00:00;30.631211567984348;;;;;;;
2022-08-19 01:00:00;29.9555976074601;;;;;;;
2022-08-19 02:00:00;29.870037229447767;;;;;;;
2022-08-19 03:00:00;30.094968606487168;;;;;;;
2022-08-19 04:00:00;30.810083438393413;;;;;;;
2022-08-19 05:00:00;15.375676920471212;;;;;;;
2022-08-19 06:00:00;1.1369543262876192;;;;;;;
2022-08-19 07:00:00;1.9673669846617028;;;;;;;
2022-08-19 08:00:00;2.3786977566565484;;;;;;;
2022-08-19 09:00:00;2.549073213221183;;;;;;;
2022-08-19 10:00:00;3.280435573356247;;;;;;;
2022-08-19 11:00:00;3.2817025824383115;;;;;;;
2022-08-19 12:00:00;3.0293441852695233;;;;;;;
2022-08-19 13:00:00;2.9431875676891557;;;;;;;
2022-08-19 14:00:00;0.4134921404289551;;;;;;;
2022-08-19 15:00:00;1.1372524460716342;;;;;;;
2022-08-19 16:00:00;1.196801872928652;;;;;;;
2022-08-19 17:00:00;36.62774196355624;;;;;;;
2022-08-19 18:00:00;36.77747262507783;;;;;;;
2022-08-19 19:00:00;36.99316228881275;;;;;;;
2022-08-19 20:00:00;38.888160695904794;;;;;;;
2022-08-19 21:00:00;38.7384300343832;;;;;;;
2022-08-19 22:00:00;37.73794003922849;;;;;;;
2022-08-19 23:00:00;37.64306341796569;;;;;;;
2022-08-20 00:00:00;37.344496454274555;;;;;;;
2022-08-20 01:00:00;37.359775093205336;;;;;;;
2022-08-20 02:00:00;37.87172129230528;;;;;;;
2022-08-20 03:00:00;37.88096300560975;;;;;;;
2022-08-20 04:00:00;38.03054460723933;;;;;;;
2022-08-20 05:00:00;38.557620385378044;;;;;;;
2022-08-20 06:00:00;39.160865768332606;;;;;;;
2022-08-20 07:00:00;40.07109999887673;;;;;;;
2022-08-20 08:00:00;40.67509068129136;;;;;;;
2022-08-20 09:00:00;40.320700788043375;;;;;;;
2022-08-20 10:00:00;4.485808390075333;;;;;;;
2022-08-20 11:00:00;4.47746103612291;;;;;;;
2022-08-20 12:00:00;4.827826312286666;;;;;;;
2022-08-20 13:00:00;4.639489138735121;;;;;;;
2022-08-20 14:00:00;4.763581498831411;;;;;;;
2022-08-20 15:00:00;4.889015397955768;;;;;;;
2022-08-20 16:00:00;4.563766713595284;;;;;;;
2022-08-20 17:00:00;40.203092533249425;;;;;;;
2022-08-20 18:00:00;40.02779810024854;;;;;;;
2022-08-20 19:00:00;39.67735829413879;;;;;;;
2022-08-20 20:00:00;39.74771456316636;;;;;;;
2022-08-20 21:00:00;39.46636401700209;;;;;;;
2022-08-20 22:00:00;39.17271602974721;;;;;;;
2022-08-20 23:00:00;38.60129493373625;;;;;;;
2022-08-21 00:00:00;36.71904114741086;;;;;;;
2022-08-21 01:00:00;36.738791583101865;;;;;;;
2022-08-21 02:00:00;37.069182833736605;;;;;;;
2022-08-21 03:00:00;37.24760752446965;;;;;;;
2022-08-21 04:00:00;37.217050246608096;;;;;;;
2022-08-21 05:00:00;37.19886493978317;;;;;;;
2022-08-21 06:00:00;38.28439360332819;;;;;;;
2022-08-21 07:00:00;38.43837247177199;;;;;;;
2022-08-21 08:00:00;38.889502234932856;;;;;;;
2022-08-21 09:00:00;38.81042596222285;;;;;;;
2022-08-21 10:00:00;21.7034929260299;;;;;;;
2022-08-21 11:00:00;2.9396846602269786;;;;;;;
2022-08-21 12:00:00;4.090576086417305;;;;;;;
2022-08-21 13:00:00;3.022189310453159;;;;;;;
2022-08-21 14:00:00;2.536477652346545;;;;;;;
2022-08-21 15:00:00;2.3866724608789527;;;;;;;
2022-08-21 16:00:00;37.79778758586953;;;;;;;
2022-08-21 17:00:00;38.059313166396784;;;;;;;
2022-08-21 18:00:00;39.61557296890166;;;;;;;
2022-08-21 19:00:00;39.892451718305686;;;;;;;
2022-08-21 20:00:00;39.80450638202123;;;;;;;
2022-08-21 21:00:00;39.482835135068925;;;;;;;
2022-08-21 22:00:00;38.9617217526105;;;;;;;
2022-08-21 23:00:00;38.75661534120812;;;;;;;
2022-08-22 00:00:00;38.6732163316299;;;;;;;
2022-08-22 01:00:00;38.83054904764386;;;;;;;
2022-08-22 02:00:00;38.777409196143175;;;;;;;
2022-08-22 03:00:00;38.68894215023669;;;;;;;
2022-08-22 04:00:00;38.65495649485897;;;;;;;
2022-08-22 05:00:00;38.806401345138646;;;;;;;
2022-08-22 06:00:00;39.56056986875087;;;;;;;
2022-08-22 07:00:00;39.47761803884866;;;;;;;
2022-08-22 08:00:00;39.71969130346893;;;;;;;
2022-08-22 09:00:00;39.63055348804841;;;;;;;
2022-08-22 10:00:00;39.537689175327706;;;;;;;
2022-08-22 11:00:00;39.46740743624614;;;;;;;
2022-08-22 12:00:00;39.24568084688492;;;;;;;
2022-08-22 13:00:00;38.31152250367358;;;;;;;
2022-08-22 14:00:00;38.21239767548853;;;;;;;
2022-08-22 15:00:00;38.14800380214128;;;;;;;
2022-08-22 16:00:00;38.47951300196609;;;;;;;
2022-08-22 17:00:00;38.69714044429712;;;;;;;
2022-08-22 18:00:00;38.990937491444;;;;;;;
2022-08-22 19:00:00;39.38795851380612;;;;;;;
2022-08-22 20:00:00;39.37238175509132;;;;;;;
2022-08-22 21:00:00;39.148344737403974;;;;;;;
2022-08-22 22:00:00;38.64623649117652;;;;;;;
2022-08-22 23:00:00;38.649515808800686;;;;;;;
2022-08-23 00:00:00;38.372338939612646;;;;;;;
2022-08-23 01:00:00;2.680245918187831;;;;;;;
2022-08-23 02:00:00;2.8231943546230744;;;;;;;
2022-08-23 03:00:00;2.9223937127541024;;;;;;;
2022-08-23 04:00:00;2.9931226315116866;;;;;;;
2022-08-23 05:00:00;3.3373764521031326;;;;;;;
2022-08-23 06:00:00;3.1175876413379946;;;;;;;
2022-08-23 07:00:00;3.5681956948768305;;;;;;;
2022-08-23 08:00:00;4.05338564336142;;;;;;;
2022-08-23 09:00:00;4.340027815691945;;;;;;;
2022-08-23 10:00:00;3.7360371332773377;;;;;;;
2022-08-23 11:00:00;3.136369187730946;;;;;;;
2022-08-23 12:00:00;2.9623417638121268;;;;;;;
2022-08-23 13:00:00;2.887141048294316;;;;;;;
2022-08-23 14:00:00;3.0899370313705936;;;;;;;
2022-08-23 15:00:00;3.1931610065858242;;;;;;;
2022-08-23 16:00:00;3.4341908519620397;;;;;;;
2022-08-23 17:00:00;3.3043596860234596;;;;;;;
2022-08-23 18:00:00;3.4603508630093653;;;;;;;
2022-08-23 19:00:00;3.718373536074441;;;;;;;
2022-08-23 20:00:00;3.0277045264574394;;;;;;;
2022-08-23 21:00:00;2.8454788084782043;;;;;;;
2022-08-23 22:00:00;2.262207451052645;;;;;;;
2022-08-23 23:00:00;23.787722866025526;;;;;;;
2022-08-24 00:00:00;4.636358881002964;;;;;;;
2022-08-24 01:00:00;0.4494155744027757;;;;;;;
2022-08-24 02:00:00;0.21814915195305548;;;;;;;
2022-08-24 03:00:00;0.27277960237382404;;;;;;;
2022-08-24 04:00:00;0.390462387113788;;;;;;;
2022-08-24 05:00:00;35.585887848369445;;;;;;;
2022-08-24 06:00:00;35.996100671174226;;;;;;;
2022-08-24 07:00:00;36.295487464271396;;;;;;;
2022-08-24 08:00:00;1.0882862715471524;;;;;;;
2022-08-24 09:00:00;1.031270862854263;;;;;;;
2022-08-24 10:00:00;0.0;;;;;;;
2022-08-24 11:00:00;0.0;;;;;;;
2022-08-24 12:00:00;0.0;;;;;;;
2022-08-24 13:00:00;0.0;;;;;;;
2022-08-24 14:00:00;0.0;;;;;;;
2022-08-24 15:00:00;0.0;;;;;;;
2022-08-24 16:00:00;0.0;;;;;;;
2022-08-24 17:00:00;35.25803061589883;;;;;;;
2022-08-24 18:00:00;35.6424560773863;;;;;;;
2022-08-24 19:00:00;35.74128278578731;;;;;;;
2022-08-24 20:00:00;35.11903226660177;;;;;;;
2022-08-24 21:00:00;35.147800825759234;;;;;;;
2022-08-24 22:00:00;35.16747673150423;;;;;;;
2022-08-24 23:00:00;34.2414421524073;;;;;;;
2022-08-25 00:00:00;32.84780669208268;;;;;;;
2022-08-25 01:00:00;31.941522548676744;;;;;;;
2022-08-25 02:00:00;31.837776863839487;;;;;;;
2022-08-25 03:00:00;31.65309165764213;;;;;;;
2022-08-25 04:00:00;31.70280313162665;;;;;;;
2022-08-25 05:00:00;31.59115727251299;;;;;;;
2022-08-25 06:00:00;31.427936690764717;;;;;;;
2022-08-25 07:00:00;32.05734208476662;;;;;;;
2022-08-25 08:00:00;31.913126639249306;;;;;;;
2022-08-25 09:00:00;30.987241120044384;;;;;;;
2022-08-25 10:00:00;31.004457537571255;;;;;;;
2022-08-25 11:00:00;0.0;;;;;;;
2022-08-25 12:00:00;0.0;;;;;;;
2022-08-25 13:00:00;0.0;;;;;;;
2022-08-25 14:00:00;0.0;;;;;;;
2022-08-25 15:00:00;31.336115797288063;;;;;;;
2022-08-25 16:00:00;33.18691794639986;;;;;;;
2022-08-25 17:00:00;33.69185833057545;;;;;;;
2022-08-25 18:00:00;34.07203558514072;;;;;;;
2022-08-25 19:00:00;34.12010740031316;;;;;;;
2022-08-25 20:00:00;34.30128969904833;;;;;;;
2022-08-25 21:00:00;34.99956076315772;;;;;;;
2022-08-25 22:00:00;34.96311561956187;;;;;;;
2022-08-25 23:00:00;35.13826099267076;;;;;;;
2022-08-26 00:00:00;35.72682397626257;;;;;;;
2022-08-26 01:00:00;35.87424420945805;;;;;;;
2022-08-26 02:00:00;36.265675485869885;;;;;;;
2022-08-26 03:00:00;36.45371453963742;;;;;;;
2022-08-26 04:00:00;36.240707953958626;;;;;;;
2022-08-26 05:00:00;36.52556140758506;;;;;;;
2022-08-26 06:00:00;12.073627662773871;;;;;;;
2022-08-26 07:00:00;2.794351265519613;;;;;;;
2022-08-26 08:00:00;2.681736517107906;;;;;;;
2022-08-26 09:00:00;2.759024071113823;;;;;;;
2022-08-26 10:00:00;2.4098512740861278;;;;;;;
2022-08-26 11:00:00;2.195503149379265;;;;;;;
2022-08-26 12:00:00;1.8920172092518845;;;;;;;
2022-08-26 13:00:00;1.5697497227315522;;;;;;;
2022-08-26 14:00:00;2.8670924928192996;;;;;;;
2022-08-26 15:00:00;2.8719369393095455;;;;;;;
2022-08-26 16:00:00;2.2162970043143186;;;;;;;
2022-08-26 17:00:00;1.5597627099670464;;;;;;;
2022-08-26 18:00:00;2.4471162470880157;;;;;;;
2022-08-26 19:00:00;2.5622650136638514;;;;;;;
2022-08-26 20:00:00;2.3279428634279764;;;;;;;
2022-08-26 21:00:00;2.6868790833821667;;;;;;;
2022-08-26 22:00:00;1.7254427799334426;;;;;;;
2022-08-26 23:00:00;0.29394610703889673;;;;;;;
2022-08-27 00:00:00;0.5995188856543826;;;;;;;
2022-08-27 01:00:00;0.8311579578341217;;;;;;;
2022-08-27 02:00:00;1.5214543177211046;;;;;;;
2022-08-27 03:00:00;1.4881394318574164;;;;;;;
2022-08-27 04:00:00;0.9717214359972453;;;;;;;
2022-08-27 05:00:00;1.016290343707504;;;;;;;
2022-08-27 06:00:00;1.283331140239037;;;;;;;
2022-08-27 07:00:00;2.8028476793640436;;;;;;;
2022-08-27 08:00:00;2.8761851462317605;;;;;;;
2022-08-27 09:00:00;2.8240887139751205;;;;;;;
2022-08-27 10:00:00;2.5445268865149524;;;;;;;
2022-08-27 11:00:00;2.196621098569321;;;;;;;
2022-08-27 12:00:00;1.4580293336718906;;;;;;;
2022-08-27 13:00:00;1.2939143925715733;;;;;;;
2022-08-27 14:00:00;1.0598903621197135;;;;;;;
2022-08-27 15:00:00;0.9217863721747146;;;;;;;
2022-08-27 16:00:00;1.357562966458799;;;;;;;
2022-08-27 17:00:00;1.6693962605386024;;;;;;;
2022-08-27 18:00:00;1.6821408813052483;;;;;;;
2022-08-27 19:00:00;2.102042597090528;;;;;;;
2022-08-27 20:00:00;36.890758143003566;;;;;;;
2022-08-27 21:00:00;36.69057070803742;;;;;;;
2022-08-27 22:00:00;36.495153189615515;;;;;;;
2022-08-27 23:00:00;35.903161828507514;;;;;;;
2022-08-28 00:00:00;36.14747099150789;;;;;;;
2022-08-28 01:00:00;35.91046576321589;;;;;;;
2022-08-28 02:00:00;36.23541632779236;;;;;;;
2022-08-28 03:00:00;36.50350054356794;;;;;;;
2022-08-28 04:00:00;36.28095412480066;;;;;;;
2022-08-28 05:00:00;36.4830048084169;;;;;;;
2022-08-28 06:00:00;37.747181752532974;;;;;;;
2022-08-28 07:00:00;38.15262465879352;;;;;;;
2022-08-28 08:00:00;38.25130230730252;;;;;;;
2022-08-28 09:00:00;3.258449239285133;;;;;;;
2022-08-28 10:00:00;3.2403384624062146;;;;;;;
2022-08-28 11:00:00;3.0188354628829908;;;;;;;
2022-08-28 12:00:00;3.2676164226435973;;;;;;;
2022-08-28 13:00:00;3.2817771123843147;;;;;;;
2022-08-28 14:00:00;2.748813468511306;;;;;;;
2022-08-28 15:00:00;2.340762014140626;;;;;;;
2022-08-28 16:00:00;2.3253343153178445;;;;;;;
2022-08-28 17:00:00;2.6777864299697063;;;;;;;
2022-08-28 18:00:00;38.16238808172001;;;;;;;
2022-08-28 19:00:00;38.267847955315354;;;;;;;
2022-08-28 20:00:00;3.3510899621678276;;;;;;;
2022-08-28 21:00:00;3.411161098646873;;;;;;;
2022-08-28 22:00:00;2.900705498467003;;;;;;;
2022-08-28 23:00:00;2.361257749291665;;;;;;;
2022-08-29 00:00:00;2.7173618312977115;;;;;;;
2022-08-29 01:00:00;2.915015248099728;;;;;;;
2022-08-29 02:00:00;2.8748436072036925;;;;;;;
2022-08-29 03:00:00;2.766253475876189;;;;;;;
2022-08-29 04:00:00;3.071006425085633;;;;;;;
2022-08-29 05:00:00;2.7129645644834888;;;;;;;
2022-08-29 06:00:00;3.9434539730058487;;;;;;;
2022-08-29 07:00:00;4.6766050518450015;;;;;;;
2022-08-29 08:00:00;4.443177260961174;;;;;;;
2022-08-29 09:00:00;3.940621835057704;;;;;;;
2022-08-29 10:00:00;3.4758530917781507;;;;;;;
2022-08-29 11:00:00;4.322289688543047;;;;;;;
2022-08-29 12:00:00;4.179192192215795;;;;;;;
2022-08-29 13:00:00;4.206991862075204;;;;;;;
2022-08-29 14:00:00;4.330189862819447;;;;;;;
2022-08-29 15:00:00;4.9190509661952895;;;;;;;
2022-08-29 16:00:00;4.967793550881759;;;;;;;
2022-08-29 17:00:00;4.301048653931971;;;;;;;
2022-08-29 18:00:00;39.8966999252279;;;;;;;
2022-08-29 19:00:00;39.81099048732356;;;;;;;
2022-08-29 20:00:00;39.5888912482323;;;;;;;
2022-08-29 21:00:00;39.52397566526301;;;;;;;
2022-08-29 22:00:00;38.89866941829132;;;;;;;
2022-08-29 23:00:00;38.72352404518245;;;;;;;
2022-08-30 00:00:00;39.54670729879417;;;;;;;
2022-08-30 01:00:00;38.99011766203796;;;;;;;
2022-08-30 02:00:00;38.59190416053978;;;;;;;
2022-08-30 03:00:00;38.870869748431915;;;;;;;
2022-08-30 04:00:00;38.98572039522372;;;;;;;
2022-08-30 05:00:00;39.08208761540662;;;;;;;
2022-08-30 06:00:00;39.38311406731587;;;;;;;
2022-08-30 07:00:00;39.966161834903424;;;;;;;
2022-08-30 08:00:00;4.796300145127068;;;;;;;
2022-08-30 09:00:00;5.891294111814561;;;;;;;
2022-08-30 10:00:00;3.684984120264749;;;;;;;
2022-08-30 11:00:00;3.8595332538055946;;;;;;;
2022-08-30 12:00:00;3.7645075726507793;;;;;;;
2022-08-30 13:00:00;3.1196744798261005;;;;;;;
2022-08-30 14:00:00;3.256735050527046;;;;;;;
2022-08-30 15:00:00;3.480250358592373;;;;;;;
2022-08-30 16:00:00;3.2040423787023764;;;;;;;
2022-08-30 17:00:00;3.7319379862471282;;;;;;;
2022-08-30 18:00:00;3.87108539543618;;;;;;;
2022-08-30 19:00:00;3.8982142957815564;;;;;;;
2022-08-30 20:00:00;4.4413140123110795;;;;;;;
2022-08-30 21:00:00;39.996197403142936;;;;;;;
2022-08-30 22:00:00;39.43662656854658;;;;;;;
2022-08-30 23:00:00;3.2006140011862025;;;;;;;
2022-08-31 00:00:00;2.5211244834697664;;;;;;;
2022-08-31 01:00:00;2.4843066901439004;;;;;;;
2022-08-31 02:00:00;2.11806653548134;;;;;;;
2022-08-31 03:00:00;1.811599397513809;;;;;;;
2022-08-31 04:00:00;1.6185668373640263;;;;;;;
2022-08-31 05:00:00;1.7927433211748536;;;;;;;
2022-08-31 06:00:00;2.1761998933642865;;;;;;;
2022-08-31 07:00:00;2.5051750750249577;;;;;;;
2022-08-31 08:00:00;3.1407664545451697;;;;;;;
2022-08-31 09:00:00;3.047902141824463;;;;;;;
2022-08-31 10:00:00;0.8072338451669092;;;;;;;
2022-08-31 11:00:00;0.0;;;;;;;
2022-08-31 12:00:00;0.5419817673394667;;;;;;;
2022-08-31 13:00:00;0.0;;;;;;;
2022-08-31 14:00:00;0.0;;;;;;;
2022-08-31 15:00:00;0.0;;;;;;;
2022-08-31 16:00:00;0.0;;;;;;;
2022-08-31 17:00:00;0.0;;;;;;;
2022-08-31 18:00:00;1.412417006717579;;;;;;;
2022-08-31 19:00:00;2.8451806886941893;;;;;;;
2022-08-31 20:00:00;2.3614068091836726;;;;;;;
2022-08-31 21:00:00;2.114265508235148;;;;;;;
2022-08-31 22:00:00;2.213613926258182;;;;;;;
2022-08-31 23:00:00;1.5695261328935413;;;;;;;
2022-09-01 00:00:00;0.0;;;;;;;
2022-09-01 01:00:00;0.0;;;;;;;
2022-09-01 02:00:00;0.0;;;;;;;
2022-09-01 03:00:00;0.0;;;;;;;
2022-09-01 04:00:00;0.0;;;;;;;
2022-09-01 05:00:00;0.0;;;;;;;
2022-09-01 06:00:00;0.0;;;;;;;
2022-09-01 07:00:00;0.0;;;;;;;
2022-09-01 08:00:00;0.0;;;;;;;
2022-09-01 09:00:00;0.0;;;;;;;
2022-09-01 10:00:00;0.0;;;;;;;
2022-09-01 11:00:00;0.0;;;;;;;
2022-09-01 12:00:00;0.0;;;;;;;
2022-09-01 13:00:00;0.0;;;;;;;
2022-09-01 14:00:00;0.0;;;;;;;
2022-09-01 15:00:00;0.0;;;;;;;
2022-09-01 16:00:00;0.0;;;;;;;
2022-09-01 17:00:00;0.0;;;;;;;
2022-09-01 18:00:00;0.0;;;;;;;
2022-09-01 19:00:00;0.0;;;;;;;
2022-09-01 20:00:00;0.0;;;;;;;
2022-09-01 21:00:00;37.13812303379011;;;;;;;
2022-09-01 22:00:00;37.167935012191606;;;;;;;
2022-09-01 23:00:00;37.3570920151492;;;;;;;
2022-09-02 00:00:00;36.70860695497035;;;;;;;
2022-09-02 01:00:00;36.282444723720744;;;;;;;
2022-09-02 02:00:00;36.32194559510273;;;;;;;
2022-09-02 03:00:00;36.41041264100922;;;;;;;
2022-09-02 04:00:00;37.50652455688677;;;;;;;
2022-09-02 05:00:00;38.54256533628527;;;;;;;
2022-09-02 06:00:00;40.219861771100284;;;;;;;
2022-09-02 07:00:00;39.85302537686968;;;;;;;
2022-09-02 08:00:00;39.96482029587536;;;;;;;
2022-09-02 09:00:00;4.207066392021209;;;;;;;
2022-09-02 10:00:00;3.915877892984451;;;;;;;
2022-09-02 11:00:00;3.848502821797036;;;;;;;
2022-09-02 12:00:00;3.5310797817669495;;;;;;;
2022-09-02 13:00:00;3.5700589435269245;;;;;;;
2022-09-02 14:00:00;3.2139548615208775;;;;;;;
2022-09-02 15:00:00;3.602926649714591;;;;;;;
2022-09-02 16:00:00;3.808629300685016;;;;;;;
2022-09-02 17:00:00;3.9257158458569488;;;;;;;
2022-09-02 18:00:00;39.549912086472325;;;;;;;
2022-09-02 19:00:00;39.53008712083532;;;;;;;
2022-09-02 20:00:00;9.689414690113045;;;;;;;
2022-09-02 21:00:00;4.5117448112846485;;;;;;;
2022-09-02 22:00:00;3.938534996569599;;;;;;;
2022-09-02 23:00:00;3.2933292540149006;;;;;;;
2022-09-03 00:00:00;3.8962019872394533;;;;;;;
2022-09-03 01:00:00;3.886885743988981;;;;;;;
2022-09-03 02:00:00;3.6618798370035774;;;;;;;
2022-09-03 03:00:00;38.31114985394355;;;;;;;
2022-09-03 04:00:00;38.29922506258294;;;;;;;
2022-09-03 05:00:00;39.26677282160397;;;;;;;
2022-09-03 06:00:00;40.47691555486731;;;;;;;
2022-09-03 07:00:00;40.666072557824904;;;;;;;
2022-09-03 08:00:00;39.84303836410518;;;;;;;
2022-09-03 09:00:00;35.82356384617549;;;;;;;
2022-09-03 10:00:00;5.060583333656462;;;;;;;
2022-09-03 11:00:00;5.145174822370749;;;;;;;
2022-09-03 12:00:00;4.8557005120920795;;;;;;;
2022-09-03 13:00:00;5.058421965222354;;;;;;;
2022-09-03 14:00:00;5.0895009527059285;;;;;;;
2022-09-03 15:00:00;5.2614415381366415;;;;;;;
2022-09-03 16:00:00;40.68105307697165;;;;;;;
2022-09-03 17:00:00;41.35063011186959;;;;;;;
2022-09-03 18:00:00;40.828398780221114;;;;;;;
2022-09-03 19:00:00;39.82418228776623;;;;;;;
2022-09-03 20:00:00;39.3579974755126;;;;;;;
2022-09-03 21:00:00;39.400703134572765;;;;;;;
2022-09-03 22:00:00;38.81795348676923;;;;;;;
2022-09-03 23:00:00;39.07739222880838;;;;;;;
2022-09-04 00:00:00;39.38475372612796;;;;;;;
2022-09-04 01:00:00;39.61348613041355;;;;;;;
2022-09-04 02:00:00;39.53336643845949;;;;;;;
2022-09-04 03:00:00;39.516671730554634;;;;;;;
2022-09-04 04:00:00;39.635323404592654;;;;;;;
2022-09-04 05:00:00;39.54365157100801;;;;;;;
2022-09-04 06:00:00;40.508069072296884;;;;;;;
2022-09-04 07:00:00;40.37503311868014;;;;;;;
2022-09-04 08:00:00;40.42213604455453;;;;;;;
2022-09-04 09:00:00;39.9894151780566;;;;;;;
2022-09-04 10:00:00;39.44773153050115;;;;;;;
2022-09-04 11:00:00;38.91186121873399;;;;;;;
2022-09-04 12:00:00;38.13361952256255;;;;;;;
2022-09-04 13:00:00;39.380356459313724;;;;;;;
2022-09-04 14:00:00;39.88052692694508;;;;;;;
2022-09-04 15:00:00;40.20547749152155;;;;;;;
2022-09-04 16:00:00;39.812406556297624;;;;;;;
2022-09-04 17:00:00;39.85451597578977;;;;;;;
2022-09-04 18:00:00;38.59123339102574;;;;;;;
2022-09-04 19:00:00;39.676165815002726;;;;;;;
2022-09-04 20:00:00;39.46755649613816;;;;;;;
2022-09-04 21:00:00;39.00584348064475;;;;;;;
2022-09-04 22:00:00;38.72784678205067;;;;;;;
2022-09-04 23:00:00;38.225365886093215;;;;;;;
2022-09-05 00:00:00;37.43050401196292;;;;;;;
2022-09-05 01:00:00;38.022197253286905;;;;;;;
2022-09-05 02:00:00;37.85361051542636;;;;;;;
2022-09-05 03:00:00;37.26974291843277;;;;;;;
2022-09-05 04:00:00;37.30134361553837;;;;;;;
2022-09-05 05:00:00;37.6373991420694;;;;;;;
2022-09-05 06:00:00;39.74137951775602;;;;;;;
2022-09-05 07:00:00;40.16329354208341;;;;;;;
2022-09-05 08:00:00;40.53706122129236;;;;;;;
2022-09-05 09:00:00;4.571890477709697;;;;;;;
2022-09-05 10:00:00;4.325643536113218;;;;;;;
2022-09-05 11:00:00;4.269895136502392;;;;;;;
2022-09-05 12:00:00;3.721429263860596;;;;;;;
2022-09-05 13:00:00;3.9972645940205744;;;;;;;
2022-09-05 14:00:00;2.9827629690171618;;;;;;;
2022-09-05 15:00:00;4.726316525829522;;;;;;;
2022-09-05 16:00:00;4.363728338521147;;;;;;;
2022-09-05 17:00:00;39.95751636116698;;;;;;;
2022-09-05 18:00:00;40.012817581101785;;;;;;;
2022-09-05 19:00:00;40.06506307325044;;;;;;;
2022-09-05 20:00:00;40.41438493017014;;;;;;;
2022-09-05 21:00:00;39.8573481137379;;;;;;;
2022-09-05 22:00:00;39.391535951214294;;;;;;;
2022-09-05 23:00:00;39.30306890530782;;;;;;;
2022-09-06 00:00:00;38.42354101251725;;;;;;;
2022-09-06 01:00:00;38.309584725077464;;;;;;;
2022-09-06 02:00:00;38.2037522017521;;;;;;;
2022-09-06 03:00:00;38.18847356282132;;;;;;;
2022-09-06 04:00:00;37.914352421419444;;;;;;;
2022-09-06 05:00:00;38.29803258344688;;;;;;;
2022-09-06 06:00:00;39.878141968672956;;;;;;;
2022-09-06 07:00:00;40.62910570460702;;;;;;;
2022-09-06 08:00:00;40.68723906248996;;;;;;;
2022-09-06 09:00:00;5.37919885282261;;;;;;;
2022-09-06 10:00:00;4.984562788732611;;;;;;;
2022-09-06 11:00:00;3.9952522854784727;;;;;;;
2022-09-06 12:00:00;3.4476807721887224;;;;;;;
2022-09-06 13:00:00;3.2114208433567506;;;;;;;
2022-09-06 14:00:00;3.8458197437408996;;;;;;;
2022-09-06 15:00:00;4.63196161418874;;;;;;;
2022-09-06 16:00:00;5.300718819680632;;;;;;;
2022-09-06 17:00:00;5.597720654505683;;;;;;;
2022-09-06 18:00:00;40.75029139680916;;;;;;;
2022-09-06 19:00:00;40.39217500626101;;;;;;;
2022-09-06 20:00:00;40.62746604579493;;;;;;;
2022-09-06 21:00:00;40.20696809044163;;;;;;;
2022-09-06 22:00:00;39.84206947480713;;;;;;;
2022-09-06 23:00:00;39.50444881941003;;;;;;;
2022-09-07 00:00:00;38.1898896317954;;;;;;;
2022-09-07 01:00:00;37.68569454707985;;;;;;;
2022-09-07 02:00:00;37.93969260306072;;;;;;;
2022-09-07 03:00:00;38.0575244476927;;;;;;;
2022-09-07 04:00:00;38.05245641136444;;;;;;;
2022-09-07 05:00:00;38.192051000229505;;;;;;;
2022-09-07 06:00:00;38.64608743128452;;;;;;;
2022-09-07 07:00:00;38.88987488466287;;;;;;;
2022-09-07 08:00:00;38.9553121772542;;;;;;;
2022-09-07 09:00:00;3.337972691671163;;;;;;;
2022-09-07 10:00:00;3.8847989055008756;;;;;;;
2022-09-07 11:00:00;2.340538424302615;;;;;;;
2022-09-07 12:00:00;2.6879225026262197;;;;;;;
2022-09-07 13:00:00;2.8393673529058945;;;;;;;
2022-09-07 14:00:00;2.618907772626722;;;;;;;
2022-09-07 15:00:00;2.447563426764038;;;;;;;
2022-09-07 16:00:00;2.8051581076901613;;;;;;;
2022-09-07 17:00:00;3.1810871553332127;;;;;;;
2022-09-07 18:00:00;3.523552257220568;;;;;;;
2022-09-07 19:00:00;4.019027338253678;;;;;;;
2022-09-07 20:00:00;4.125754220931087;;;;;;;
2022-09-07 21:00:00;3.542855513235546;;;;;;;
2022-09-07 22:00:00;3.360108085634285;;;;;;;
2022-09-07 23:00:00;3.351164492113833;;;;;;;
2022-09-08 00:00:00;3.0016190453561173;;;;;;;
2022-09-08 01:00:00;3.021518540939126;;;;;;;
2022-09-08 02:00:00;3.009668279524525;;;;;;;
2022-09-08 03:00:00;2.881998482020055;;;;;;;
2022-09-08 04:00:00;2.8318398283595125;;;;;;;
2022-09-08 05:00:00;2.559656465553719;;;;;;;
2022-09-08 06:00:00;0.6513917280730115;;;;;;;
2022-09-08 07:00:00;0.6598136119714382;;;;;;;
2022-09-08 08:00:00;1.6524034328497408;;;;;;;
2022-09-08 09:00:00;1.6006796503231198;;;;;;;
2022-09-08 10:00:00;1.814878715137975;;;;;;;
2022-09-08 11:00:00;2.2850881444758047;;;;;;;
2022-09-08 12:00:00;2.198111697489397;;;;;;;
2022-09-08 13:00:00;2.2954478069703295;;;;;;;
2022-09-08 14:00:00;2.680394978079838;;;;;;;
2022-09-08 15:00:00;2.9250022608642343;;;;;;;
2022-09-08 16:00:00;2.8376531641478078;;;;;;;
2022-09-08 17:00:00;38.647205380474574;;;;;;;
2022-09-08 18:00:00;38.73388370767697;;;;;;;
2022-09-08 19:00:00;39.20744698458497;;;;;;;
2022-09-08 20:00:00;39.37364876417339;;;;;;;
2022-09-08 21:00:00;39.06882128501794;;;;;;;
2022-09-08 22:00:00;38.21187596586652;;;;;;;
2022-09-08 23:00:00;37.5540746624372;;;;;;;
2022-09-09 00:00:00;36.23295683957423;;;;;;;
2022-09-09 01:00:00;37.475072919673174;;;;;;;
2022-09-09 02:00:00;37.40590912978168;;;;;;;
2022-09-09 03:00:00;37.61921383524448;;;;;;;
2022-09-09 04:00:00;38.52877729627458;;;;;;;
2022-09-09 05:00:00;39.18389552164777;;;;;;;
2022-09-09 06:00:00;40.7846497019169;;;;;;;
2022-09-09 07:00:00;41.737515061575195;;;;;;;
2022-09-09 08:00:00;42.15935455595657;;;;;;;
2022-09-09 09:00:00;41.3826034587052;;;;;;;
2022-09-09 10:00:00;4.928963449013792;;;;;;;
2022-09-09 11:00:00;4.757246453421089;;;;;;;
2022-09-09 12:00:00;4.9013128390463905;;;;;;;
2022-09-09 13:00:00;5.23930614417352;;;;;;;
2022-09-09 14:00:00;5.125871566355771;;;;;;;
2022-09-09 15:00:00;5.073178894531101;;;;;;;
2022-09-09 16:00:00;40.644756993267805;;;;;;;
2022-09-09 17:00:00;39.7547203780907;;;;;;;
2022-09-09 18:00:00;39.87784384888894;;;;;;;
2022-09-09 19:00:00;39.961466448305174;;;;;;;
2022-09-09 20:00:00;40.05537418026994;;;;;;;
2022-09-09 21:00:00;39.9934397951408;;;;;;;
2022-09-09 22:00:00;39.33496772219743;;;;;;;
2022-09-09 23:00:00;38.62723135494557;;;;;;;
2022-09-10 00:00:00;38.636622128142044;;;;;;;
2022-09-10 01:00:00;37.96346765583593;;;;;;;
2022-09-10 02:00:00;38.29870335296092;;;;;;;
2022-09-10 03:00:00;38.42376460235526;;;;;;;
2022-09-10 04:00:00;38.84545503684463;;;;;;;
2022-09-10 05:00:00;39.43632844876257;;;;;;;
2022-09-10 06:00:00;41.08030999771388;;;;;;;
2022-09-10 07:00:00;41.46972896558362;;;;;;;
2022-09-10 08:00:00;41.68027606304429;;;;;;;
2022-09-10 09:00:00;6.224890150127467;;;;;;;
2022-09-10 10:00:00;4.063894365747951;;;;;;;
2022-09-10 11:00:00;4.970700218775908;;;;;;;
2022-09-10 12:00:00;4.465834364546321;;;;;;;
2022-09-10 13:00:00;4.336077728553746;;;;;;;
2022-09-10 14:00:00;4.404272629147202;;;;;;;
2022-09-10 15:00:00;4.357393293110826;;;;;;;
2022-09-10 16:00:00;4.638520249437073;;;;;;;
2022-09-10 17:00:00;5.428761266915121;;;;;;;
2022-09-10 18:00:00;5.715328909299644;;;;;;;
2022-09-10 19:00:00;27.11354717649807;;;;;;;
2022-09-10 20:00:00;5.675455388187623;;;;;;;
2022-09-10 21:00:00;5.663977776503041;;;;;;;
2022-09-10 22:00:00;4.4761194970948415;;;;;;;
2022-09-10 23:00:00;3.823311700047759;;;;;;;
2022-09-11 00:00:00;3.3648780021785267;;;;;;;
2022-09-11 01:00:00;2.780041515886888;;;;;;;
2022-09-11 02:00:00;2.376983567898461;;;;;;;
2022-09-11 03:00:00;1.5944936648048067;;;;;;;
2022-09-11 04:00:00;1.5819726338761717;;;;;;;
2022-09-11 05:00:00;2.3409110740326335;;;;;;;
2022-09-11 06:00:00;3.6089635753408964;;;;;;;
2022-09-11 07:00:00;3.9947305758564475;;;;;;;
2022-09-11 08:00:00;3.648464446722898;;;;;;;
2022-09-11 09:00:00;3.4539412876530395;;;;;;;
2022-09-11 10:00:00;2.4368311145394945;;;;;;;
2022-09-11 11:00:00;1.7349826130219261;;;;;;;
2022-09-11 12:00:00;2.565842451072033;;;;;;;
2022-09-11 13:00:00;3.1394994454631044;;;;;;;
2022-09-11 14:00:00;2.5646499719359723;;;;;;;
2022-09-11 15:00:00;2.898320540194882;;;;;;;
2022-09-11 16:00:00;3.3385689312391933;;;;;;;
2022-09-11 17:00:00;4.055547011795529;;;;;;;
2022-09-11 18:00:00;4.211538188781434;;;;;;;
2022-09-11 19:00:00;3.8095981899830638;;;;;;;
2022-09-11 20:00:00;3.7410306396595896;;;;;;;
2022-09-11 21:00:00;3.29370190374492;;;;;;;
2022-09-11 22:00:00;2.7469502198612115;;;;;;;
2022-09-11 23:00:00;1.6483788157655372;;;;;;;
2022-09-12 00:00:00;1.319180044266854;;;;;;;
2022-09-12 01:00:00;0.6468454013667811;;;;;;;
2022-09-12 02:00:00;0.5471243336137275;;;;;;;
2022-09-12 03:00:00;0.7181705596923957;;;;;;;
2022-09-12 04:00:00;1.6508383039836616;;;;;;;
2022-09-12 05:00:00;2.3629719380497516;;;;;;;
2022-09-12 06:00:00;3.9921220277463147;;;;;;;
2022-09-12 07:00:00;4.359256541760921;;;;;;;
2022-09-12 08:00:00;4.326314305627251;;;;;;;
2022-09-12 09:00:00;4.283012406999056;;;;;;;
2022-09-12 10:00:00;4.007326136731086;;;;;;;
2022-09-12 11:00:00;3.74401183749974;;;;;;;
2022-09-12 12:00:00;3.474958732426105;;;;;;;
2022-09-12 13:00:00;3.5618606494665093;;;;;;;
2022-09-12 14:00:00;3.5571652628682715;;;;;;;
2022-09-12 15:00:00;3.4099686195108116;;;;;;;
2022-09-12 16:00:00;3.6304281997899843;;;;;;;
2022-09-12 17:00:00;3.2252088833674484;;;;;;;
2022-09-12 18:00:00;3.456400775871165;;;;;;;
2022-09-12 19:00:00;3.4453703438626055;;;;;;;
2022-09-12 20:00:00;3.645855898612766;;;;;;;
2022-09-12 21:00:00;3.282522411844353;;;;;;;
2022-09-12 22:00:00;2.420658116256675;;;;;;;
2022-09-12 23:00:00;1.4335089814366477;;;;;;;
2022-09-13 00:00:00;1.4275465857563456;;;;;;;
2022-09-13 01:00:00;1.3544327087266403;;;;;;;
2022-09-13 02:00:00;1.1239861156829618;;;;;;;
2022-09-13 03:00:00;1.0314944526922745;;;;;;;
2022-09-13 04:00:00;1.2468114666971863;;;;;;;
2022-09-13 05:00:00;2.421030765986694;;;;;;;
2022-09-13 06:00:00;4.392273307840593;;;;;;;
2022-09-13 07:00:00;4.615788615905921;;;;;;;
2022-09-13 08:00:00;5.180949196452562;;;;;;;
2022-09-13 09:00:00;4.6844306961754;;;;;;;
2022-09-13 10:00:00;3.9366717479195037;;;;;;;
2022-09-13 11:00:00;3.8711599253821847;;;;;;;
2022-09-13 12:00:00;3.9914512582322805;;;;;;;
2022-09-13 13:00:00;3.5019385728794736;;;;;;;
2022-09-13 14:00:00;3.5603700505464335;;;;;;;
2022-09-13 15:00:00;3.6221553757835663;;;;;;;
2022-09-13 16:00:00;3.971849882433287;;;;;;;
2022-09-13 17:00:00;4.54669935596042;;;;;;;
2022-09-13 18:00:00;5.025926908764705;;;;;;;
2022-09-13 19:00:00;5.151360807889063;;;;;;;
2022-09-13 20:00:00;5.510744207519275;;;;;;;
2022-09-13 21:00:00;5.07809787096735;;;;;;;
2022-09-13 22:00:00;4.131493026773377;;;;;;;
2022-09-13 23:00:00;3.4022175051264183;;;;;;;
2022-09-14 00:00:00;0.14674946368143701;;;;;;;
2022-09-14 01:00:00;0.0;;;;;;;
2022-09-14 02:00:00;0.0;;;;;;;
2022-09-14 03:00:00;0.0;;;;;;;
2022-09-14 04:00:00;0.0;;;;;;;
2022-09-14 05:00:00;0.0;;;;;;;
2022-09-14 06:00:00;0.0;;;;;;;
2022-09-14 07:00:00;0.7713849411390925;;;;;;;
2022-09-14 08:00:00;1.5584957008849818;;;;;;;
2022-09-14 09:00:00;1.1669153645811374;;;;;;;
2022-09-14 10:00:00;0.3274100527945926;;;;;;;
2022-09-14 11:00:00;0.0;;;;;;;
2022-09-14 12:00:00;0.0;;;;;;;
2022-09-14 13:00:00;0.0;;;;;;;
2022-09-14 14:00:00;0.0;;;;;;;
2022-09-14 15:00:00;0.0;;;;;;;
2022-09-14 16:00:00;0.0;;;;;;;
2022-09-14 17:00:00;0.0;;;;;;;
2022-09-14 18:00:00;0.0;;;;;;;
2022-09-14 19:00:00;0.0;;;;;;;
2022-09-14 20:00:00;0.0;;;;;;;
2022-09-14 21:00:00;0.0;;;;;;;
2022-09-14 22:00:00;0.0;;;;;;;
2022-09-14 23:00:00;0.0;;;;;;;
2022-09-15 00:00:00;0.0;;;;;;;
2022-09-15 01:00:00;0.0;;;;;;;
2022-09-15 02:00:00;0.0;;;;;;;
2022-09-15 03:00:00;0.0;;;;;;;
2022-09-15 04:00:00;0.0;;;;;;;
2022-09-15 05:00:00;0.0;;;;;;;
2022-09-15 06:00:00;0.0;;;;;;;
2022-09-15 07:00:00;0.0;;;;;;;
2022-09-15 08:00:00;0.0;;;;;;;
2022-09-15 09:00:00;0.0;;;;;;;
2022-09-15 10:00:00;0.0;;;;;;;
2022-09-15 11:00:00;0.0;;;;;;;
2022-09-15 12:00:00;0.0;;;;;;;
2022-09-15 13:00:00;0.0;;;;;;;
2022-09-15 14:00:00;0.0;;;;;;;
2022-09-15 15:00:00;0.0;;;;;;;
2022-09-15 16:00:00;0.0;;;;;;;
2022-09-15 17:00:00;0.0;;;;;;;
2022-09-15 18:00:00;0.0;;;;;;;
2022-09-15 19:00:00;0.0;;;;;;;
2022-09-15 20:00:00;0.0;;;;;;;
2022-09-15 21:00:00;0.0;;;;;;;
2022-09-15 22:00:00;0.0;;;;;;;
2022-09-15 23:00:00;0.0;;;;;;;
2022-09-16 00:00:00;0.0;;;;;;;
2022-09-16 01:00:00;0.0;;;;;;;
2022-09-16 02:00:00;0.0;;;;;;;
2022-09-16 03:00:00;0.0;;;;;;;
2022-09-16 04:00:00;0.0;;;;;;;
2022-09-16 05:00:00;0.0;;;;;;;
2022-09-16 06:00:00;0.0;;;;;;;
2022-09-16 07:00:00;0.0;;;;;;;
2022-09-16 08:00:00;0.0;;;;;;;
2022-09-16 09:00:00;0.0;;;;;;;
2022-09-16 10:00:00;0.0;;;;;;;
2022-09-16 11:00:00;4.010903574139267;;;;;;;
2022-09-16 12:00:00;4.707013269814544;;;;;;;
2022-09-16 13:00:00;4.4697844516845215;;;;;;;
2022-09-16 14:00:00;4.433562897926685;;;;;;;
2022-09-16 15:00:00;3.49873378520131;;;;;;;
2022-09-16 16:00:00;2.048679155751824;;;;;;;
2022-09-16 17:00:00;3.7250067012687773;;;;;;;
2022-09-16 18:00:00;4.832074519208882;;;;;;;
2022-09-16 19:00:00;5.223133145890699;;;;;;;
2022-09-16 20:00:00;5.183334154724683;;;;;;;
2022-09-16 21:00:00;4.236431190746696;;;;;;;
2022-09-16 22:00:00;3.875259072412392;;;;;;;
2022-09-16 23:00:00;3.686474719184824;;;;;;;
2022-09-17 00:00:00;2.6440243644299946;;;;;;;
2022-09-17 01:00:00;1.400045035680952;;;;;;;
2022-09-17 02:00:00;0.8166246183633852;;;;;;;
2022-09-17 03:00:00;0.5605397238944072;;;;;;;
2022-09-17 04:00:00;1.082100286028839;;;;;;;
2022-09-17 05:00:00;1.7710551068877542;;;;;;;
2022-09-17 06:00:00;2.138562270632379;;;;;;;
2022-09-17 07:00:00;2.336811927002426;;;;;;;
2022-09-17 08:00:00;2.3701268128661144;;;;;;;
2022-09-17 09:00:00;1.9029731113144397;;;;;;;
2022-09-17 10:00:00;0.38852460851768983;;;;;;;
2022-09-17 11:00:00;0.08556037801233607;;;;;;;
2022-09-17 12:00:00;0.0;;;;;;;
2022-09-17 13:00:00;0.0;;;;;;;
2022-09-17 14:00:00;0.0;;;;;;;
2022-09-17 15:00:00;0.0;;;;;;;
2022-09-17 16:00:00;0.0;;;;;;;
2022-09-17 17:00:00;0.0;;;;;;;
2022-09-17 18:00:00;0.0;;;;;;;
2022-09-17 19:00:00;0.0;;;;;;;
2022-09-17 20:00:00;0.0;;;;;;;
2022-09-17 21:00:00;0.0;;;;;;;
2022-09-17 22:00:00;0.0;;;;;;;
2022-09-17 23:00:00;0.0;;;;;;;
2022-09-18 00:00:00;0.0;;;;;;;
2022-09-18 01:00:00;0.0;;;;;;;
2022-09-18 02:00:00;0.0;;;;;;;
2022-09-18 03:00:00;0.0;;;;;;;
2022-09-18 04:00:00;0.0;;;;;;;
2022-09-18 05:00:00;0.0;;;;;;;
2022-09-18 06:00:00;0.0;;;;;;;
2022-09-18 07:00:00;0.0;;;;;;;
2022-09-18 08:00:00;0.0;;;;;;;
2022-09-18 09:00:00;3.4963488269291894;;;;;;;
2022-09-18 10:00:00;2.610634948620303;;;;;;;
2022-09-18 11:00:00;1.9743727995860578;;;;;;;
2022-09-18 12:00:00;1.1350910776375245;;;;;;;
2022-09-18 13:00:00;0.8096188034390301;;;;;;;
2022-09-18 14:00:00;0.6663722472197707;;;;;;;
2022-09-18 15:00:00;1.9093081567247607;;;;;;;
2022-09-18 16:00:00;2.606312211752084;;;;;;;
2022-09-18 17:00:00;2.8468203475062723;;;;;;;
2022-09-18 18:00:00;4.382584414860102;;;;;;;
2022-09-18 19:00:00;4.829316911206742;;;;;;;
2022-09-18 20:00:00;5.1281074647358835;;;;;;;
2022-09-18 21:00:00;4.684952405797425;;;;;;;
2022-09-18 22:00:00;4.314762163996665;;;;;;;
2022-09-18 23:00:00;3.9212440490967224;;;;;;;
2022-09-19 00:00:00;4.105556605564063;;;;;;;
2022-09-19 01:00:00;4.258193934979798;;;;;;;
2022-09-19 02:00:00;4.404123569255194;;;;;;;
2022-09-19 03:00:00;4.9088403635927715;;;;;;;
2022-09-19 04:00:00;5.044932044995669;;;;;;;
2022-09-19 05:00:00;4.2090787005633095;;;;;;;
2022-09-19 06:00:00;4.549606023854566;;;;;;;
2022-09-19 07:00:00;4.435649736414791;;;;;;;
2022-09-19 08:00:00;4.462927696652174;;;;;;;
2022-09-19 09:00:00;2.9997557967060224;;;;;;;
2022-09-19 10:00:00;3.369573388776765;;;;;;;
2022-09-19 11:00:00;4.039523073404717;;;;;;;
2022-09-19 12:00:00;3.038213248843972;;;;;;;
2022-09-19 13:00:00;3.3809764705153427;;;;;;;
2022-09-19 14:00:00;2.8972025910048256;;;;;;;
2022-09-19 15:00:00;2.621963500412877;;;;;;;
2022-09-19 16:00:00;3.1845900627953903;;;;;;;
2022-09-19 17:00:00;3.309874902027739;;;;;;;
2022-09-19 18:00:00;3.061541121943154;;;;;;;
2022-09-19 19:00:00;5.6338676783175154;;;;;;;
2022-09-19 20:00:00;6.147379006283541;;;;;;;
2022-09-19 21:00:00;5.043515976021596;;;;;;;
2022-09-19 22:00:00;5.495167448804486;;;;;;;
2022-09-19 23:00:00;5.135858579120278;;;;;;;
2022-09-20 00:00:00;3.3756848443490743;;;;;;;
2022-09-20 01:00:00;3.5298127726848856;;;;;;;
2022-09-20 02:00:00;3.666575223601816;;;;;;;
2022-09-20 03:00:00;3.6662025738717983;;;;;;;
2022-09-20 04:00:00;3.9088720780600954;;;;;;;
2022-09-20 05:00:00;4.3740880010156715;;;;;;;
2022-09-20 06:00:00;5.682088553381959;;;;;;;
2022-09-20 07:00:00;5.273813509173269;;;;;;;
2022-09-20 08:00:00;5.4914409515042975;;;;;;;
2022-09-20 09:00:00;5.338729092142558;;;;;;;
2022-09-20 10:00:00;4.428569391544433;;;;;;;
2022-09-20 11:00:00;4.991270483872951;;;;;;;
2022-09-20 12:00:00;4.788250910958661;;;;;;;
2022-09-20 13:00:00;4.6846542860134095;;;;;;;
2022-09-20 14:00:00;3.162827318562287;;;;;;;
2022-09-20 15:00:00;4.3499402985104485;;;;;;;
2022-09-20 16:00:00;4.25387119811158;;;;;;;
2022-09-20 17:00:00;4.286291724623223;;;;;;;
2022-09-20 18:00:00;3.893518909183317;;;;;;;
2022-09-20 19:00:00;34.73833330241449;;;;;;;
2022-09-20 20:00:00;4.579119882472063;;;;;;;
2022-09-20 21:00:00;4.922479343711464;;;;;;;
2022-09-20 22:00:00;4.046305298491061;;;;;;;
2022-09-20 23:00:00;3.2679890723736165;;;;;;;
2022-09-21 00:00:00;2.610113238998277;;;;;;;
2022-09-21 01:00:00;37.762683981301755;;;;;;;
2022-09-21 02:00:00;35.847338898950696;;;;;;;
2022-09-21 03:00:00;35.842494452460436;;;;;;;
2022-09-21 04:00:00;0.45686856900315337;;;;;;;
2022-09-21 05:00:00;0.5287154369507944;;;;;;;
2022-09-21 06:00:00;37.91509772087947;;;;;;;
2022-09-21 07:00:00;38.560452523326184;;;;;;;
2022-09-21 08:00:00;1.8789744687012233;;;;;;;
2022-09-21 09:00:00;1.718958674631114;;;;;;;
2022-09-21 10:00:00;1.2602268569778665;;;;;;;
2022-09-21 11:00:00;2.1314073958160162;;;;;;;
2022-09-21 12:00:00;1.5798112654420624;;;;;;;
2022-09-21 13:00:00;0.7090779062799349;;;;;;;
2022-09-21 14:00:00;0.7122826939580974;;;;;;;
2022-09-21 15:00:00;0.4541854909470175;;;;;;;
2022-09-21 16:00:00;1.0127129062993225;;;;;;;
2022-09-21 17:00:00;1.738783640268119;;;;;;;
2022-09-21 18:00:00;2.7669242453902227;;;;;;;
2022-09-21 19:00:00;2.9536962900756882;;;;;;;
2022-09-21 20:00:00;2.589021264279208;;;;;;;
2022-09-21 21:00:00;31.842546780383724;;;;;;;
2022-09-21 22:00:00;1.3413154382299755;;;;;;;
2022-09-21 23:00:00;0.0;;;;;;;
2022-09-22 00:00:00;0.0;;;;;;;
2022-09-22 01:00:00;0.0;;;;;;;
2022-09-22 02:00:00;0.0;;;;;;;
2022-09-22 03:00:00;0.0;;;;;;;
2022-09-22 04:00:00;0.0;;;;;;;
2022-09-22 05:00:00;31.43054523887485;;;;;;;
2022-09-22 06:00:00;32.38937299421344;;;;;;;
2022-09-22 07:00:00;32.77633247386506;;;;;;;
2022-09-22 08:00:00;0.0;;;;;;;
2022-09-22 09:00:00;0.0;;;;;;;
2022-09-22 10:00:00;0.0;;;;;;;
2022-09-22 11:00:00;0.0;;;;;;;
2022-09-22 12:00:00;0.0;;;;;;;
2022-09-22 13:00:00;0.0;;;;;;;
2022-09-22 14:00:00;0.0;;;;;;;
2022-09-22 15:00:00;0.0;;;;;;;
2022-09-22 16:00:00;33.579914351677786;;;;;;;
2022-09-22 17:00:00;35.22590820917119;;;;;;;
2022-09-22 18:00:00;35.8574004416612;;;;;;;
2022-09-22 19:00:00;2.136773551928288;;;;;;;
2022-09-22 20:00:00;1.4012375148170126;;;;;;;
2022-09-22 21:00:00;32.54596041076738;;;;;;;
2022-09-22 22:00:00;1.4803883174730237;;;;;;;
2022-09-22 23:00:00;1.7047979848903965;;;;;;;
2022-09-23 00:00:00;1.802879393831367;;;;;;;
2022-09-23 01:00:00;1.4847110543412427;;;;;;;
2022-09-23 02:00:00;2.0466668472097216;;;;;;;
2022-09-23 03:00:00;2.3824242539567377;;;;;;;
2022-09-23 04:00:00;2.6840469454340234;;;;;;;
2022-09-23 05:00:00;4.521433704265139;;;;;;;
2022-09-23 06:00:00;39.64598118687119;;;;;;;
2022-09-23 07:00:00;5.624924084797063;;;;;;;
2022-09-23 08:00:00;6.090289067644645;;;;;;;
2022-09-23 09:00:00;5.7004974500448915;;;;;;;
2022-09-23 10:00:00;4.695163008399944;;;;;;;
2022-09-23 11:00:00;3.5903310888399513;;;;;;;
2022-09-23 12:00:00;2.3345760286223123;;;;;;;
2022-09-23 13:00:00;2.6235286292789564;;;;;;;
2022-09-23 14:00:00;3.0561004358848782;;;;;;;
2022-09-23 15:00:00;3.2565114606890355;;;;;;;
2022-09-23 16:00:00;3.7165848173703506;;;;;;;
2022-09-23 17:00:00;39.97406200917982;;;;;;;
2022-09-23 18:00:00;40.220532540614315;;;;;;;
2022-09-23 19:00:00;40.65399870657228;;;;;;;
2022-09-23 20:00:00;40.76393037692785;;;;;;;
2022-09-23 21:00:00;40.53676310150834;;;;;;;
2022-09-23 22:00:00;40.319433778961326;;;;;;;
2022-09-23 23:00:00;39.862416150066174;;;;;;;
2022-09-24 00:00:00;40.0683423908746;;;;;;;
2022-09-24 01:00:00;40.011103392343706;;;;;;;
2022-09-24 02:00:00;38.90507899364765;;;;;;;
2022-09-24 03:00:00;38.27843120764789;;;;;;;
2022-09-24 04:00:00;38.26128932006702;;;;;;;
2022-09-24 05:00:00;38.57886141998912;;;;;;;
2022-09-24 06:00:00;38.92073028230844;;;;;;;
2022-09-24 07:00:00;39.817325532733875;;;;;;;
2022-09-24 08:00:00;40.20115475465333;;;;;;;
2022-09-24 09:00:00;39.92979122125359;;;;;;;
2022-09-24 10:00:00;4.315731053294715;;;;;;;
2022-09-24 11:00:00;4.073732318620451;;;;;;;
2022-09-24 12:00:00;3.632962217954113;;;;;;;
2022-09-24 13:00:00;4.268926247204342;;;;;;;
2022-09-24 14:00:00;4.42417212473021;;;;;;;
2022-09-24 15:00:00;4.261845902333984;;;;;;;
2022-09-24 16:00:00;4.545655936716367;;;;;;;
2022-09-24 17:00:00;5.308395404119021;;;;;;;
2022-09-24 18:00:00;5.475715132897501;;;;;;;
2022-09-24 19:00:00;5.201593991495609;;;;;;;
2022-09-24 20:00:00;4.799206813021216;;;;;;;
2022-09-24 21:00:00;4.206097502723159;;;;;;;
2022-09-24 22:00:00;3.8534963281792884;;;;;;;
2022-09-24 23:00:00;3.5138633642400765;;;;;;;
2022-09-25 00:00:00;3.0860614741783965;;;;;;;
2022-09-25 01:00:00;2.0059734966916594;;;;;;;
2022-09-25 02:00:00;1.7825327185723359;;;;;;;
2022-09-25 03:00:00;2.432359317779268;;;;;;;
2022-09-25 04:00:00;2.4744687372714025;;;;;;;
2022-09-25 05:00:00;3.042759575550202;;;;;;;
2022-09-25 06:00:00;3.6913191656750697;;;;;;;
2022-09-25 07:00:00;3.6777547155023824;;;;;;;
2022-09-25 08:00:00;3.4886722424908;;;;;;;
2022-09-25 09:00:00;3.169758603540638;;;;;;;
2022-09-25 10:00:00;3.9140891742803596;;;;;;;
2022-09-25 11:00:00;4.239337858640843;;;;;;;
2022-09-25 12:00:00;4.1773289435657;;;;;;;
2022-09-25 13:00:00;4.216904344893706;;;;;;;
2022-09-25 14:00:00;3.7185971259124524;;;;;;;
2022-09-25 15:00:00;4.30321002236608;;;;;;;
2022-09-25 16:00:00;4.25051735054141;;;;;;;
2022-09-25 17:00:00;4.767457056023607;;;;;;;
2022-09-25 18:00:00;4.821118617146326;;;;;;;
2022-09-25 19:00:00;4.235834951178666;;;;;;;
2022-09-25 20:00:00;4.651413930095726;;;;;;;
2022-09-25 21:00:00;4.178745012539772;;;;;;;
2022-09-25 22:00:00;3.5936104064641183;;;;;;;
2022-09-25 23:00:00;2.9152388379377396;;;;;;;
2022-09-26 00:00:00;2.5358068828325107;;;;;;;
2022-09-26 01:00:00;0.0;;;;;;;
2022-09-26 02:00:00;0.0;;;;;;;
2022-09-26 03:00:00;0.7126553436881163;;;;;;;
2022-09-26 04:00:00;0.4997232879553251;;;;;;;
2022-09-26 05:00:00;1.1451526203480344;;;;;;;
2022-09-26 06:00:00;2.2155517048542808;;;;;;;
2022-09-26 07:00:00;2.6429064152399384;;;;;;;
2022-09-26 08:00:00;2.8676142024413256;;;;;;;
2022-09-26 09:00:00;2.792264427031508;;;;;;;
2022-09-26 10:00:00;2.9092764422574375;;;;;;;
2022-09-26 11:00:00;3.2676909525896014;;;;;;;
2022-09-26 12:00:00;2.869179331307405;;;;;;;
2022-09-26 13:00:00;3.574381680395144;;;;;;;
2022-09-26 14:00:00;3.4891939521128266;;;;;;;
2022-09-26 15:00:00;3.6419803414205694;;;;;;;
2022-09-26 16:00:00;3.864824879971864;;;;;;;
2022-09-26 17:00:00;4.0332625579403985;;;;;;;
2022-09-26 18:00:00;1.9084883273187194;;;;;;;
2022-09-26 19:00:00;2.008954694531811;;;;;;;
2022-09-26 20:00:00;2.055163261054152;;;;;;;
2022-09-26 21:00:00;2.4143976007923578;;;;;;;
2022-09-26 22:00:00;2.086167718591724;;;;;;;
2022-09-26 23:00:00;2.1577909967013533;;;;;;;
2022-09-27 00:00:00;2.0281088906547815;;;;;;;
2022-09-27 01:00:00;1.9426975725344524;;;;;;;
2022-09-27 02:00:00;1.0739019919684238;;;;;;;
2022-09-27 03:00:00;0.0;;;;;;;
2022-09-27 04:00:00;0.0;;;;;;;
2022-09-27 05:00:00;0.0;;;;;;;
2022-09-27 06:00:00;2.840783421879966;;;;;;;
2022-09-27 07:00:00;3.9087975481140917;;;;;;;
2022-09-27 08:00:00;3.981762365251789;;;;;;;
2022-09-27 09:00:00;3.852005729259214;;;;;;;
2022-09-27 10:00:00;3.492920449413016;;;;;;;
2022-09-27 11:00:00;3.3115890907858256;;;;;;;
2022-09-27 12:00:00;1.0989440538256925;;;;;;;
2022-09-27 13:00:00;2.3808591250906583;;;;;;;
2022-09-27 14:00:00;1.914525252945025;;;;;;;
2022-09-27 15:00:00;2.100402938278445;;;;;;;
2022-09-27 16:00:00;2.9901414336715346;;;;;;;
2022-09-27 17:00:00;4.135144994127563;;;;;;;
2022-09-27 18:00:00;4.38549108275425;;;;;;;
2022-09-27 19:00:00;3.971030053027246;;;;;;;
2022-09-27 20:00:00;3.494634638171102;;;;;;;
2022-09-27 21:00:00;2.8240887139751205;;;;;;;
2022-09-27 22:00:00;2.124401580891661;;;;;;;
2022-09-27 23:00:00;20.877924714146058;;;;;;;
2022-09-28 00:00:00;31.725832884941813;;;;;;;
2022-09-28 01:00:00;25.849519292274014;;;;;;;
2022-09-28 02:00:00;24.541444209961725;;;;;;;
2022-09-28 03:00:00;25.701353759618506;;;;;;;
2022-09-28 04:00:00;26.267557759409197;;;;;;;
2022-09-28 05:00:00;26.336199839678674;;;;;;;
2022-09-28 06:00:00;25.453914338885962;;;;;;;
2022-09-28 07:00:00;26.42094038828497;;;;;;;
2022-09-28 08:00:00;27.38811549757598;;;;;;;
2022-09-28 09:00:00;27.440659109508648;;;;;;;
2022-09-28 10:00:00;27.085971096476673;;;;;;;
2022-09-28 11:00:00;0.0;;;;;;;
2022-09-28 12:00:00;0.0;;;;;;;
2022-09-28 13:00:00;0.0;;;;;;;
2022-09-28 14:00:00;0.0;;;;;;;
2022-09-28 15:00:00;0.0;;;;;;;
2022-09-28 16:00:00;0.0;;;;;;;
2022-09-28 17:00:00;0.0;;;;;;;
2022-09-28 18:00:00;0.0;;;;;;;
2022-09-28 19:00:00;0.0;;;;;;;
2022-09-28 20:00:00;0.0;;;;;;;
2022-09-28 21:00:00;0.0;;;;;;;
2022-09-28 22:00:00;0.0;;;;;;;
2022-09-28 23:00:00;0.0;;;;;;;
2022-09-29 00:00:00;0.0;;;;;;;
2022-09-29 01:00:00;0.0;;;;;;;
2022-09-29 02:00:00;0.0;;;;;;;
2022-09-29 03:00:00;0.0;;;;;;;
2022-09-29 04:00:00;0.0;;;;;;;
2022-09-29 05:00:00;0.0;;;;;;;
2022-09-29 06:00:00;0.0;;;;;;;
2022-09-29 07:00:00;0.0;;;;;;;
2022-09-29 08:00:00;0.0;;;;;;;
2022-09-29 09:00:00;0.0;;;;;;;
2022-09-29 10:00:00;0.0;;;;;;;
2022-09-29 11:00:00;0.0;;;;;;;
2022-09-29 12:00:00;0.0;;;;;;;
2022-09-29 13:00:00;0.0;;;;;;;
2022-09-29 14:00:00;0.0;;;;;;;
2022-09-29 15:00:00;0.0;;;;;;;
2022-09-29 16:00:00;0.0;;;;;;;
2022-09-29 17:00:00;0.0;;;;;;;
2022-09-29 18:00:00;0.0;;;;;;;
2022-09-29 19:00:00;0.0;;;;;;;
2022-09-29 20:00:00;0.0;;;;;;;
2022-09-29 21:00:00;0.0;;;;;;;
2022-09-29 22:00:00;0.0;;;;;;;
2022-09-29 23:00:00;0.0;;;;;;;
2022-09-30 00:00:00;0.0;;;;;;;
2022-09-30 01:00:00;0.0;;;;;;;
2022-09-30 02:00:00;0.0;;;;;;;
2022-09-30 03:00:00;0.0;;;;;;;
2022-09-30 04:00:00;0.0;;;;;;;
2022-09-30 05:00:00;0.0;;;;;;;
2022-09-30 06:00:00;0.0;;;;;;;
2022-09-30 07:00:00;0.0;;;;;;;
2022-09-30 08:00:00;0.0;;;;;;;
2022-09-30 09:00:00;0.0;;;;;;;
2022-09-30 10:00:00;0.0;;;;;;;
2022-09-30 11:00:00;0.0;;;;;;;
2022-09-30 12:00:00;0.0;;;;;;;
2022-09-30 13:00:00;0.0;;;;;;;
2022-09-30 14:00:00;0.0;;;;;;;
2022-09-30 15:00:00;0.0;;;;;;;
2022-09-30 16:00:00;0.0;;;;;;;
2022-09-30 17:00:00;0.0;;;;;;;
2022-09-30 18:00:00;0.0;;;;;;;
2022-09-30 19:00:00;2.9443055168792123;;;;;;;
2022-09-30 20:00:00;3.82845426632202;;;;;;;
2022-09-30 21:00:00;3.263144625883371;;;;;;;
2022-09-30 22:00:00;2.7564900529496947;;;;;;;
2022-09-30 23:00:00;2.154735268915198;;;;;;;
2022-10-01 00:00:00;2.5541412495494398;;;;;;;
2022-10-01 01:00:00;2.6704824952613353;;;;;;;
2022-10-01 02:00:00;2.395988704129425;;;;;;;
2022-10-01 03:00:00;2.9069660139313203;;;;;;;
2022-10-01 04:00:00;1.5967295631849197;;;;;;;
2022-10-01 05:00:00;2.102489776766551;;;;;;;
2022-10-01 06:00:00;2.8193187974308787;;;;;;;
2022-10-01 07:00:00;3.9814642454677753;;;;;;;
2022-10-01 08:00:00;3.874588302898357;;;;;;;
2022-10-01 09:00:00;3.7975988686764564;;;;;;;
2022-10-01 10:00:00;3.6374340147143394;;;;;;;
2022-10-01 11:00:00;3.5871263011617898;;;;;;;
2022-10-01 12:00:00;3.2227493951493233;;;;;;;
2022-10-01 13:00:00;3.333724484748948;;;;;;;
2022-10-01 14:00:00;3.119227300150077;;;;;;;
2022-10-01 15:00:00;3.183323053713326;;;;;;;
2022-10-01 16:00:00;3.6581533397033907;;;;;;;
2022-10-01 17:00:00;3.7030948971436675;;;;;;;
2022-10-01 18:00:00;3.6375830746063467;;;;;;;
2022-10-01 19:00:00;4.0246916141499645;;;;;;;
2022-10-01 20:00:00;4.246418203511203;;;;;;;
2022-10-01 21:00:00;4.19804826855475;;;;;;;
2022-10-01 22:00:00;3.89456232842737;;;;;;;
2022-10-01 23:00:00;3.5089443878038273;;;;;;;
2022-10-02 00:00:00;1.6431617195452728;;;;;;;
2022-10-02 01:00:00;0.9263326988809449;;;;;;;
2022-10-02 02:00:00;0.982826397951808;;;;;;;
2022-10-02 03:00:00;0.6868679823708093;;;;;;;
2022-10-02 04:00:00;0.9338602234273264;;;;;;;
2022-10-02 05:00:00;2.125743119919729;;;;;;;
2022-10-02 06:00:00;4.231959393986469;;;;;;;
2022-10-02 07:00:00;5.071911885449037;;;;;;;
2022-10-02 08:00:00;4.9835938994345605;;;;;;;
2022-10-02 09:00:00;4.595963650268915;;;;;;;
2022-10-02 10:00:00;3.5386073063133305;;;;;;;
2022-10-02 11:00:00;3.3755357844570666;;;;;;;
2022-10-02 12:00:00;3.331935766044857;;;;;;;
2022-10-02 13:00:00;2.6323231629074018;;;;;;;
2022-10-02 14:00:00;2.54251457797285;;;;;;;
2022-10-02 15:00:00;3.3538475701699673;;;;;;;
2022-10-02 16:00:00;4.184409288436059;;;;;;;
2022-10-02 17:00:00;4.543121918552238;;;;;;;
2022-10-02 18:00:00;4.482007362829141;;;;;;;
2022-10-02 19:00:00;5.162912949519648;;;;;;;
2022-10-02 20:00:00;4.997829119121281;;;;;;;
2022-10-02 21:00:00;4.288825742787351;;;;;;;
2022-10-02 22:00:00;3.405124173020567;;;;;;;
2022-10-02 23:00:00;0.9232024411487864;;;;;;;
2022-10-03 00:00:00;1.8219590600083337;;;;;;;
2022-10-03 01:00:00;2.4890766066881422;;;;;;;
2022-10-03 02:00:00;2.360139800101608;;;;;;;
2022-10-03 03:00:00;1.295703111275664;;;;;;;
2022-10-03 04:00:00;1.7659870705594973;;;;;;;
2022-10-03 05:00:00;1.698835589210094;;;;;;;
2022-10-03 06:00:00;3.8896433519911224;;;;;;;
2022-10-03 07:00:00;5.274111628957283;;;;;;;
2022-10-03 08:00:00;5.458871365100647;;;;;;;
2022-10-03 09:00:00;4.71342284517087;;;;;;;
2022-10-03 10:00:00;3.6253601634617274;;;;;;;
2022-10-03 11:00:00;3.4232349498994834;;;;;;;
2022-10-03 12:00:00;4.06068957806979;;;;;;;
2022-10-03 13:00:00;3.7791899720135236;;;;;;;
2022-10-03 14:00:00;3.285652669576512;;;;;;;
2022-10-03 15:00:00;3.7695010790330317;;;;;;;
2022-10-03 16:00:00;3.9049965208678983;;;;;;;
2022-10-03 17:00:00;4.343530723154124;;;;;;;
2022-10-03 18:00:00;5.2033081802536945;;;;;;;
2022-10-03 19:00:00;5.277167356743437;;;;;;;
2022-10-03 20:00:00;5.322034384237711;;;;;;;
2022-10-03 21:00:00;4.886183260007624;;;;;;;
2022-10-03 22:00:00;3.9746074904354267;;;;;;;
2022-10-03 23:00:00;3.358468426822202;;;;;;;
2022-10-04 00:00:00;2.9921537422136377;;;;;;;
2022-10-04 01:00:00;3.108942167601556;;;;;;;
2022-10-04 02:00:00;2.90517729522723;;;;;;;
2022-10-04 03:00:00;2.8159649498607084;;;;;;;
2022-10-04 04:00:00;0.3625881873083754;;;;;;;
2022-10-04 05:00:00;3.0142146062307553;;;;;;;
2022-10-04 06:00:00;3.5957717748982283;;;;;;;
2022-10-04 07:00:00;4.082005142626869;;;;;;;
2022-10-04 08:00:00;4.1129350702184375;;;;;;;
2022-10-04 09:00:00;4.4326685385746405;;;;;;;
2022-10-04 10:00:00;4.045858118815037;;;;;;;
2022-10-04 11:00:00;3.931529181645244;;;;;;;
2022-10-04 12:00:00;3.754595089832277;;;;;;;
2022-10-04 13:00:00;3.4197320424373068;;;;;;;
2022-10-04 14:00:00;3.2448102591664414;;;;;;;
2022-10-04 15:00:00;3.3073408838636107;;;;;;;
2022-10-04 16:00:00;3.621111956539512;;;;;;;
2022-10-04 17:00:00;3.772482276873183;;;;;;;
2022-10-04 18:00:00;3.589436729487906;;;;;;;
2022-10-04 19:00:00;4.0053883581349865;;;;;;;
2022-10-04 20:00:00;2.3663257856199214;;;;;;;
2022-10-04 21:00:00;2.311099095631123;;;;;;;
2022-10-04 22:00:00;3.156790392935981;;;;;;;
2022-10-04 23:00:00;1.5844321220942965;;;;;;;
2022-10-05 00:00:00;0.3672835739066133;;;;;;;
2022-10-05 01:00:00;0.0;;;;;;;
2022-10-05 02:00:00;0.0;;;;;;;
2022-10-05 03:00:00;0.0;;;;;;;
2022-10-05 04:00:00;0.0;;;;;;;
2022-10-05 05:00:00;0.0;;;;;;;
2022-10-05 06:00:00;33.21263077777117;;;;;;;
2022-10-05 07:00:00;34.91064653757522;;;;;;;
2022-10-05 08:00:00;36.662621978286;;;;;;;
2022-10-05 09:00:00;30.03817678763229;;;;;;;
2022-10-05 10:00:00;1.218937266891774;;;;;;;
2022-10-05 11:00:00;1.0566110444955472;;;;;;;
2022-10-05 12:00:00;1.5628184377532013;;;;;;;
2022-10-05 13:00:00;0.7912099067760973;;;;;;;
2022-10-05 14:00:00;0.5916187113779822;;;;;;;
2022-10-05 15:00:00;0.33523569712498924;;;;;;;
2022-10-05 16:00:00;0.2338749705598524;;;;;;;
2022-10-05 17:00:00;0.0;;;;;;;
2022-10-05 18:00:00;0.0;;;;;;;
2022-10-05 19:00:00;0.0;;;;;;;
2022-10-05 20:00:00;0.0;;;;;;;
2022-10-05 21:00:00;0.0;;;;;;;
2022-10-05 22:00:00;0.0;;;;;;;
2022-10-05 23:00:00;0.0;;;;;;;
2022-10-06 00:00:00;0.0;;;;;;;
2022-10-06 01:00:00;0.0;;;;;;;
2022-10-06 02:00:00;0.0;;;;;;;
2022-10-06 03:00:00;0.0;;;;;;;
2022-10-06 04:00:00;0.0;;;;;;;
2022-10-06 05:00:00;0.0;;;;;;;
2022-10-06 06:00:00;0.0;;;;;;;
2022-10-06 07:00:00;0.0;;;;;;;
2022-10-06 08:00:00;0.0;;;;;;;
2022-10-06 09:00:00;0.0;;;;;;;
2022-10-06 10:00:00;0.0;;;;;;;
2022-10-06 11:00:00;0.0;;;;;;;
2022-10-06 12:00:00;0.0;;;;;;;
2022-10-06 13:00:00;0.0;;;;;;;
2022-10-06 14:00:00;0.0;;;;;;;
2022-10-06 15:00:00;0.0;;;;;;;
2022-10-06 16:00:00;0.0;;;;;;;
2022-10-06 17:00:00;0.0;;;;;;;
2022-10-06 18:00:00;0.0;;;;;;;
2022-10-06 19:00:00;0.0;;;;;;;
2022-10-06 20:00:00;0.0;;;;;;;
2022-10-06 21:00:00;0.0;;;;;;;
2022-10-06 22:00:00;35.53326970649076;;;;;;;
2022-10-06 23:00:00;23.676747776425902;;;;;;;
2022-10-07 00:00:00;34.12659150561548;;;;;;;
2022-10-07 01:00:00;31.61247283707007;;;;;;;
2022-10-07 02:00:00;32.23517053593162;;;;;;;
2022-10-07 03:00:00;32.16600674604012;;;;;;;
2022-10-07 04:00:00;33.71608056302668;;;;;;;
2022-10-07 05:00:00;3.1709510826766985;;;;;;;
2022-10-07 06:00:00;4.691511041045759;;;;;;;
2022-10-07 07:00:00;4.315060283780681;;;;;;;
2022-10-07 08:00:00;6.468006833991788;;;;;;;
2022-10-07 09:00:00;6.972723628329367;;;;;;;
2022-10-07 10:00:00;6.604247575286694;;;;;;;
2022-10-07 11:00:00;6.517792837922311;;;;;;;
2022-10-07 12:00:00;4.825366824068543;;;;;;;
2022-10-07 13:00:00;4.552885341478733;;;;;;;
2022-10-07 14:00:00;4.096240362313591;;;;;;;
2022-10-07 15:00:00;4.724676867017439;;;;;;;
2022-10-07 16:00:00;4.735409179241983;;;;;;;
2022-10-07 17:00:00;4.557580728076971;;;;;;;
2022-10-07 18:00:00;5.1808001365605545;;;;;;;
2022-10-07 19:00:00;4.7529982464988745;;;;;;;
2022-10-07 20:00:00;5.292893175350234;;;;;;;
2022-10-07 21:00:00;4.754116195688931;;;;;;;
2022-10-07 22:00:00;4.455474702051797;;;;;;;
2022-10-07 23:00:00;3.5138633642400765;;;;;;;
2022-10-08 00:00:00;1.0569836942255662;;;;;;;
2022-10-08 01:00:00;0.0;;;;;;;
2022-10-08 02:00:00;0.0;;;;;;;
2022-10-08 03:00:00;0.0;;;;;;;
2022-10-08 04:00:00;0.0;;;;;;;
2022-10-08 05:00:00;0.0;;;;;;;
2022-10-08 06:00:00;0.0;;;;;;;
2022-10-08 07:00:00;39.44057665568479;;;;;;;
2022-10-08 08:00:00;39.320807032456706;;;;;;;
2022-10-08 09:00:00;3.65383060283517;;;;;;;
2022-10-08 10:00:00;3.2356430758079777;;;;;;;
2022-10-08 11:00:00;4.981879710676473;;;;;;;
2022-10-08 12:00:00;5.531239942670315;;;;;;;
2022-10-08 13:00:00;4.794436896476974;;;;;;;
2022-10-08 14:00:00;4.4767902666088775;;;;;;;
2022-10-08 15:00:00;4.598125018703026;;;;;;;
2022-10-08 16:00:00;40.17969013020424;;;;;;;
2022-10-08 17:00:00;39.01597955330127;;;;;;;
2022-10-08 18:00:00;39.22950784860209;;;;;;;
2022-10-08 19:00:00;39.65060204352342;;;;;;;
2022-10-08 20:00:00;39.42142245956181;;;;;;;
2022-10-08 21:00:00;38.60300912249434;;;;;;;
2022-10-08 22:00:00;37.26191727410237;;;;;;;
2022-10-08 23:00:00;35.98715707765377;;;;;;;
2022-10-09 00:00:00;32.14916297824327;;;;;;;
2022-10-09 01:00:00;29.769049152612645;;;;;;;
2022-10-09 02:00:00;29.20515558114807;;;;;;;
2022-10-09 03:00:00;28.88326074435776;;;;;;;
2022-10-09 04:00:00;29.716281950841974;;;;;;;
2022-10-09 05:00:00;33.53079911726129;;;;;;;
2022-10-09 06:00:00;37.647162564995895;;;;;;;
2022-10-09 07:00:00;39.82030673057403;;;;;;;
2022-10-09 08:00:00;39.458165722941665;;;;;;;
2022-10-09 09:00:00;38.69684232451309;;;;;;;
2022-10-09 10:00:00;38.41422476926677;;;;;;;
2022-10-09 11:00:00;38.7027301902474;;;;;;;
2022-10-09 12:00:00;38.45566341924487;;;;;;;
2022-10-09 13:00:00;39.72557916920323;;;;;;;
2022-10-09 14:00:00;39.61743621755174;;;;;;;
2022-10-09 15:00:00;39.91518335183684;;;;;;;
2022-10-09 16:00:00;40.966875419896134;;;;;;;
2022-10-09 17:00:00;40.350959946120916;;;;;;;
2022-10-09 18:00:00;40.795158424303445;;;;;;;
2022-10-09 19:00:00;41.38752243514145;;;;;;;
2022-10-09 20:00:00;40.209949288281784;;;;;;;
2022-10-09 21:00:00;40.0841427394274;;;;;;;
2022-10-09 22:00:00;39.776185002539805;;;;;;;
2022-10-09 23:00:00;38.21098160651449;;;;;;;
2022-10-10 00:00:00;35.9167262786802;;;;;;;
2022-10-10 01:00:00;33.760053231168904;;;;;;;
2022-10-10 02:00:00;31.990116073471203;;;;;;;
2022-10-10 03:00:00;31.151728710874725;;;;;;;
2022-10-10 04:00:00;31.519086814727327;;;;;;;
2022-10-10 05:00:00;33.638345829344736;;;;;;;
2022-10-10 06:00:00;38.67098043324978;;;;;;;
2022-10-10 07:00:00;40.65563836538437;;;;;;;
2022-10-10 08:00:00;40.40096953988946;;;;;;;
2022-10-10 09:00:00;39.60297740802702;;;;;;;
2022-10-10 10:00:00;40.25757392377819;;;;;;;
2022-10-10 11:00:00;39.82343698830619;;;;;;;
2022-10-10 12:00:00;39.242625119098754;;;;;;;
2022-10-10 13:00:00;39.697630439451814;;;;;;;
2022-10-10 14:00:00;39.53455891759554;;;;;;;
2022-10-10 15:00:00;39.79295424039064;;;;;;;
2022-10-10 16:00:00;38.82466118190957;;;;;;;
2022-10-10 17:00:00;39.4782888083627;;;;;;;
2022-10-10 18:00:00;40.06126204600424;;;;;;;
2022-10-10 19:00:00;40.3940382549111;;;;;;;
2022-10-10 20:00:00;40.198471676597194;;;;;;;
2022-10-10 21:00:00;39.20774510436898;;;;;;;
2022-10-10 22:00:00;37.91912233796368;;;;;;;
2022-10-10 23:00:00;36.21432435307328;;;;;;;
2022-10-11 00:00:00;35.34858450029341;;;;;;;
2022-10-11 01:00:00;32.575548799330875;;;;;;;
2022-10-11 02:00:00;30.83020652381442;;;;;;;
2022-10-11 03:00:00;29.656732523984957;;;;;;;
2022-10-11 04:00:00;29.79729600214808;;;;;;;
2022-10-11 05:00:00;32.52322877723623;;;;;;;
2022-10-11 06:00:00;37.202815026921385;;;;;;;
2022-10-11 07:00:00;39.02007870033147;;;;;;;
2022-10-11 08:00:00;38.466097611685406;;;;;;;
2022-10-11 09:00:00;37.99245980483141;;;;;;;
2022-10-11 10:00:00;36.5364427797016;;;;;;;
2022-10-11 11:00:00;37.47402950042913;;;;;;;
2022-10-11 12:00:00;39.16988389179905;;;;;;;
2022-10-11 13:00:00;39.56899175264929;;;;;;;
2022-10-11 14:00:00;40.147493193530615;;;;;;;
2022-10-11 15:00:00;40.211812536931866;;;;;;;
2022-10-11 16:00:00;39.204093137014794;;;;;;;
2022-10-11 17:00:00;40.108215911986605;;;;;;;
2022-10-11 18:00:00;40.254667255884044;;;;;;;
2022-10-11 19:00:00;40.389715518042884;;;;;;;
2022-10-11 20:00:00;39.833274941178686;;;;;;;
2022-10-11 21:00:00;38.21075801667646;;;;;;;
2022-10-11 22:00:00;37.444515641811634;;;;;;;
2022-10-11 23:00:00;36.29034489799714;;;;;;;
2022-10-12 00:00:00;33.432270528644295;;;;;;;
2022-10-12 01:00:00;31.302502791640354;;;;;;;
2022-10-12 02:00:00;30.66378115438799;;;;;;;
2022-10-12 03:00:00;30.89653817575778;;;;;;;
2022-10-12 04:00:00;30.81321369612557;;;;;;;
2022-10-12 05:00:00;32.362095033976054;;;;;;;
2022-10-12 06:00:00;34.42955573612083;;;;;;;
2022-10-12 07:00:00;36.10580875169178;;;;;;;
2022-10-12 08:00:00;36.89373934084371;;;;;;;
2022-10-12 09:00:00;37.84913871866613;;;;;;;
2022-10-12 10:00:00;2.893476093704636;;;;;;;
2022-10-12 11:00:00;3.0821113870401966;;;;;;;
2022-10-12 12:00:00;3.0683978769755016;;;;;;;
2022-10-12 13:00:00;2.8067232365562402;;;;;;;
2022-10-12 14:00:00;2.6909782304123744;;;;;;;
2022-10-12 15:00:00;2.3931565661812813;;;;;;;
2022-10-12 16:00:00;2.6214417907908505;;;;;;;
2022-10-12 17:00:00;2.3682635642160195;;;;;;;
2022-10-12 18:00:00;2.2235264090766846;;;;;;;
2022-10-12 19:00:00;2.561147064473795;;;;;;;
2022-10-12 20:00:00;2.30334798124673;;;;;;;
2022-10-12 21:00:00;1.4660040378942945;;;;;;;
2022-10-12 22:00:00;0.46573763257760287;;;;;;;
2022-10-12 23:00:00;0.25012249878867576;;;;;;;
2022-10-13 00:00:00;0.0;;;;;;;
2022-10-13 01:00:00;0.0;;;;;;;
2022-10-13 02:00:00;0.0;;;;;;;
2022-10-13 03:00:00;0.0;;;;;;;
2022-10-13 04:00:00;0.0;;;;;;;
2022-10-13 05:00:00;0.0;;;;;;;
2022-10-13 06:00:00;0.0;;;;;;;
2022-10-13 07:00:00;0.0;;;;;;;
2022-10-13 08:00:00;0.0;;;;;;;
2022-10-13 09:00:00;0.0;;;;;;;
2022-10-13 10:00:00;0.0;;;;;;;
2022-10-13 11:00:00;0.0;;;;;;;
2022-10-13 12:00:00;0.0;;;;;;;
2022-10-13 13:00:00;0.0;;;;;;;
2022-10-13 14:00:00;0.0;;;;;;;
2022-10-13 15:00:00;0.0;;;;;;;
2022-10-13 16:00:00;0.0;;;;;;;
2022-10-13 17:00:00;0.0;;;;;;;
2022-10-13 18:00:00;0.0;;;;;;;
2022-10-13 19:00:00;0.0;;;;;;;
2022-10-13 20:00:00;0.0;;;;;;;
2022-10-13 21:00:00;0.0;;;;;;;
2022-10-13 22:00:00;0.0;;;;;;;
2022-10-13 23:00:00;0.0;;;;;;;
2022-10-14 00:00:00;0.0;;;;;;;
2022-10-14 01:00:00;0.0;;;;;;;
2022-10-14 02:00:00;0.0;;;;;;;
2022-10-14 03:00:00;0.0;;;;;;;
2022-10-14 04:00:00;0.0;;;;;;;
2022-10-14 05:00:00;0.0;;;;;;;
2022-10-14 06:00:00;0.0;;;;;;;
2022-10-14 07:00:00;0.0;;;;;;;
2022-10-14 08:00:00;0.0;;;;;;;
2022-10-14 09:00:00;0.0;;;;;;;
2022-10-14 10:00:00;0.0;;;;;;;
2022-10-14 11:00:00;37.640380339909555;;;;;;;
2022-10-14 12:00:00;37.82424571670087;;;;;;;
2022-10-14 13:00:00;37.74434961458483;;;;;;;
2022-10-14 14:00:00;37.8405677748757;;;;;;;
2022-10-14 15:00:00;37.214963408119985;;;;;;;
2022-10-14 16:00:00;37.58537723975876;;;;;;;
2022-10-14 17:00:00;37.78258347688476;;;;;;;
2022-10-14 18:00:00;37.20043006864926;;;;;;;
2022-10-14 19:00:00;37.77595031169041;;;;;;;
2022-10-14 20:00:00;37.946996537769095;;;;;;;
2022-10-14 21:00:00;37.11904336761312;;;;;;;
2022-10-14 22:00:00;1.6973449902900188;;;;;;;
2022-10-14 23:00:00;1.5388943250859886;;;;;;;
2022-10-15 00:00:00;0.5287899668967981;;;;;;;
2022-10-15 01:00:00;0.0;;;;;;;
2022-10-15 02:00:00;0.0;;;;;;;
2022-10-15 03:00:00;0.0;;;;;;;
2022-10-15 04:00:00;0.0;;;;;;;
2022-10-15 05:00:00;0.45947711711328565;;;;;;;
2022-10-15 06:00:00;2.7125919147534696;;;;;;;
2022-10-15 07:00:00;3.8186908433955242;;;;;;;
2022-10-15 08:00:00;4.389292110000443;;;;;;;
2022-10-15 09:00:00;4.551543802450665;;;;;;;
2022-10-15 10:00:00;4.264901630120138;;;;;;;
2022-10-15 11:00:00;4.405316048391255;;;;;;;
2022-10-15 12:00:00;4.472243939902647;;;;;;;
2022-10-15 13:00:00;3.996891944290557;;;;;;;
2022-10-15 14:00:00;3.7147215687202566;;;;;;;
2022-10-15 15:00:00;4.054130942821456;;;;;;;
2022-10-15 16:00:00;4.703435832406363;;;;;;;
2022-10-15 17:00:00;5.50194967389083;;;;;;;
2022-10-15 18:00:00;5.821385022463019;;;;;;;
2022-10-15 19:00:00;5.554344225931485;;;;;;;
2022-10-15 20:00:00;5.226337933568863;;;;;;;
2022-10-15 21:00:00;5.929975153790521;;;;;;;
2022-10-15 22:00:00;3.400205196584317;;;;;;;
2022-10-15 23:00:00;2.7377830365027465;;;;;;;
2022-10-16 00:00:00;2.3658040759978953;;;;;;;
2022-10-16 01:00:00;2.2648905291087806;;;;;;;
2022-10-16 02:00:00;2.341134663870645;;;;;;;
2022-10-16 03:00:00;1.3311793655734623;;;;;;;
2022-10-16 04:00:00;1.892166269143892;;;;;;;
2022-10-16 05:00:00;3.083676515906276;;;;;;;
2022-10-16 06:00:00;6.541344300859505;;;;;;;
2022-10-16 07:00:00;7.064097342129997;;;;;;;
2022-10-16 08:00:00;16.392861623530763;;;;;;;
2022-10-16 09:00:00;6.8238873261598245;;;;;;;
2022-10-16 10:00:00;6.186954407611545;;;;;;;
2022-10-16 11:00:00;6.290252912772781;;;;;;;
2022-10-16 12:00:00;5.975885600528849;;;;;;;
2022-10-16 13:00:00;6.383862524953523;;;;;;;
2022-10-16 14:00:00;7.153607807280534;;;;;;;
2022-10-16 15:00:00;7.089437523771281;;;;;;;
2022-10-16 16:00:00;6.834172458708345;;;;;;;
2022-10-16 17:00:00;7.511947787666695;;;;;;;
2022-10-16 18:00:00;7.3774212351298765;;;;;;;
2022-10-16 19:00:00;6.677510512208405;;;;;;;
2022-10-16 20:00:00;6.004877749524318;;;;;;;
2022-10-16 21:00:00;5.554344225931485;;;;;;;
2022-10-16 22:00:00;4.976364494672193;;;;;;;
2022-10-16 23:00:00;3.95001260825418;;;;;;;
2022-10-17 00:00:00;3.837397859842473;;;;;;;
2022-10-17 01:00:00;3.394317330850018;;;;;;;
2022-10-17 02:00:00;3.29608686201704;;;;;;;
2022-10-17 03:00:00;3.9387585864076105;;;;;;;
2022-10-17 04:00:00;4.288974802679358;;;;;;;
2022-10-17 05:00:00;4.854657092848027;;;;;;;
2022-10-17 06:00:00;5.968432605928471;;;;;;;
2022-10-17 07:00:00;6.934266176191418;;;;;;;
2022-10-17 08:00:00;6.6131166388611415;;;;;;;
2022-10-17 09:00:00;6.318201642524195;;;;;;;
2022-10-17 10:00:00;6.544176438807648;;;;;;;
2022-10-17 11:00:00;6.206406723518532;;;;;;;
2022-10-17 12:00:00;5.702286168748982;;;;;;;
2022-10-17 13:00:00;5.643705631190014;;;;;;;
2022-10-17 14:00:00;5.237666485361435;;;;;;;
2022-10-17 15:00:00;5.6967709527447035;;;;;;;
2022-10-17 16:00:00;6.024106475593293;;;;;;;
2022-10-17 17:00:00;6.224592030343453;;;;;;;
2022-10-17 18:00:00;6.568920380880902;;;;;;;
2022-10-17 19:00:00;6.772536193363221;;;;;;;
2022-10-17 20:00:00;6.438716565212304;;;;;;;
2022-10-17 21:00:00;5.296097963028397;;;;;;;
2022-10-17 22:00:00;4.587690826262497;;;;;;;
2022-10-17 23:00:00;3.3593627861742466;;;;;;;
2022-10-18 00:00:00;3.756309278590364;;;;;;;
2022-10-18 01:00:00;3.816082295285394;;;;;;;
2022-10-18 02:00:00;3.1105818264136396;;;;;;;
2022-10-18 03:00:00;2.893401563758633;;;;;;;
2022-10-18 04:00:00;2.77929621642685;;;;;;;
2022-10-18 05:00:00;3.7857486072618545;;;;;;;
2022-10-18 06:00:00;5.134889689822228;;;;;;;
2022-10-18 07:00:00;5.692075566146465;;;;;;;
2022-10-18 08:00:00;6.367242346994681;;;;;;;
2022-10-18 09:00:00;6.379614318031308;;;;;;;
2022-10-18 10:00:00;5.030920415146959;;;;;;;
2022-10-18 11:00:00;4.482678132343175;;;;;;;
2022-10-18 12:00:00;2.9198596945899733;;;;;;;
2022-10-18 13:00:00;2.5528742404673754;;;;;;;
2022-10-18 14:00:00;1.9689321135277822;;;;;;;
2022-10-18 15:00:00;2.500703278264732;;;;;;;
2022-10-18 16:00:00;3.799014937650529;;;;;;;
2022-10-18 17:00:00;5.26159059802865;;;;;;;
2022-10-18 18:00:00;4.711634126466778;;;;;;;
2022-10-18 19:00:00;3.755340389292316;;;;;;;
2022-10-18 20:00:00;3.815187935933347;;;;;;;
2022-10-18 21:00:00;1.9457533003206076;;;;;;;
2022-10-18 22:00:00;0.04889164457847774;;;;;;;
2022-10-18 23:00:00;0.0;;;;;;;
2022-10-19 00:00:00;0.0;;;;;;;
2022-10-19 01:00:00;0.0;;;;;;;
2022-10-19 02:00:00;0.0;;;;;;;
2022-10-19 03:00:00;0.0;;;;;;;
2022-10-19 04:00:00;0.0;;;;;;;
2022-10-19 05:00:00;0.0;;;;;;;
2022-10-19 06:00:00;0.0;;;;;;;
2022-10-19 07:00:00;0.0;;;;;;;
2022-10-19 08:00:00;0.0;;;;;;;
2022-10-19 09:00:00;0.0;;;;;;;
2022-10-19 10:00:00;0.0;;;;;;;
2022-10-19 11:00:00;0.0;;;;;;;
2022-10-19 12:00:00;0.0;;;;;;;
2022-10-19 13:00:00;0.0;;;;;;;
2022-10-19 14:00:00;0.0;;;;;;;
2022-10-19 15:00:00;37.668776249337;;;;;;;
2022-10-19 16:00:00;38.372562529450654;;;;;;;
2022-10-19 17:00:00;38.69319035715891;;;;;;;
2022-10-19 18:00:00;38.754528502720014;;;;;;;
2022-10-19 19:00:00;39.25343196126929;;;;;;;
2022-10-19 20:00:00;38.86222427469547;;;;;;;
2022-10-19 21:00:00;37.07924437644713;;;;;;;
2022-10-19 22:00:00;38.08867796512227;;;;;;;
2022-10-19 23:00:00;36.61835119035976;;;;;;;
2022-10-20 00:00:00;34.53769868777232;;;;;;;
2022-10-20 01:00:00;32.844900024188526;;;;;;;
2022-10-20 02:00:00;31.833006947295246;;;;;;;
2022-10-20 03:00:00;31.82115668588064;;;;;;;
2022-10-20 04:00:00;32.46174157178311;;;;;;;
2022-10-20 05:00:00;33.16485708238274;;;;;;;
2022-10-20 06:00:00;35.1728428876165;;;;;;;
2022-10-20 07:00:00;37.13387482686789;;;;;;;
2022-10-20 08:00:00;38.47250718704172;;;;;;;
2022-10-20 09:00:00;39.33578755160346;;;;;;;
2022-10-20 10:00:00;39.485965392801084;;;;;;;
2022-10-20 11:00:00;39.68697265717327;;;;;;;
2022-10-20 12:00:00;39.630478958102415;;;;;;;
2022-10-20 13:00:00;39.32550241905494;;;;;;;
2022-10-20 14:00:00;39.4012993741408;;;;;;;
2022-10-20 15:00:00;39.91615224113488;;;;;;;
2022-10-20 16:00:00;40.05045520383369;;;;;;;
2022-10-20 17:00:00;40.26815717611072;;;;;;;
2022-10-20 18:00:00;40.392696715883034;;;;;;;
2022-10-20 19:00:00;40.67777375934748;;;;;;;
2022-10-20 20:00:00;40.16552944046353;;;;;;;
2022-10-20 21:00:00;39.98814816897453;;;;;;;
2022-10-20 22:00:00;39.49088436923734;;;;;;;
2022-10-20 23:00:00;39.10213617088164;;;;;;;
2022-10-21 00:00:00;37.255433168800046;;;;;;;
2022-10-21 01:00:00;36.82032734402999;;;;;;;
2022-10-21 02:00:00;36.78723604800431;;;;;;;
2022-10-21 03:00:00;36.29705259313748;;;;;;;
2022-10-21 04:00:00;37.23627897267708;;;;;;;
2022-10-21 05:00:00;38.00199963791988;;;;;;;
2022-10-21 06:00:00;40.441811950299524;;;;;;;
2022-10-21 07:00:00;40.79940663122565;;;;;;;
2022-10-21 08:00:00;41.02828809540325;;;;;;;
2022-10-21 09:00:00;41.1771989275188;;;;;;;
2022-10-21 10:00:00;41.799896626380345;;;;;;;
2022-10-21 11:00:00;41.332519334990664;;;;;;;
2022-10-21 12:00:00;41.39586978909388;;;;;;;
2022-10-21 13:00:00;41.64934613545272;;;;;;;
2022-10-21 14:00:00;41.70442376554952;;;;;;;
2022-10-21 15:00:00;41.47516965164189;;;;;;;
2022-10-21 16:00:00;42.067906312209935;;;;;;;
2022-10-21 17:00:00;41.965054986724724;;;;;;;
2022-10-21 18:00:00;41.834180401542085;;;;;;;
2022-10-21 19:00:00;42.079756573624536;;;;;;;
2022-10-21 20:00:00;41.18800576968934;;;;;;;
2022-10-21 21:00:00;41.240474851676005;;;;;;;
2022-10-21 22:00:00;41.303303596157185;;;;;;;
2022-10-21 23:00:00;40.39932988107738;;;;;;;
2022-10-22 00:00:00;40.19839714665119;;;;;;;
2022-10-22 01:00:00;40.28604436315163;;;;;;;
2022-10-22 02:00:00;40.62314330892671;;;;;;;
2022-10-22 03:00:00;40.47244375810708;;;;;;;
2022-10-22 04:00:00;40.70922539656109;;;;;;;
2022-10-22 05:00:00;40.63223596233917;;;;;;;
2022-10-22 06:00:00;42.128201038526996;;;;;;;
2022-10-22 07:00:00;41.87725871033227;;;;;;;
2022-10-22 08:00:00;41.83186997321599;;;;;;;
2022-10-22 09:00:00;41.481877346782234;;;;;;;
2022-10-22 10:00:00;41.32268138211816;;;;;;;
2022-10-22 11:00:00;41.812864836985014;;;;;;;
2022-10-22 12:00:00;41.330357966556555;;;;;;;
2022-10-22 13:00:00;40.96814242897819;;;;;;;
2022-10-22 14:00:00;40.86342785484289;;;;;;;
2022-10-22 15:00:00;41.013829285878515;;;;;;;
2022-10-22 16:00:00;40.87907914350369;;;;;;;
2022-10-22 17:00:00;40.89249453378437;;;;;;;
2022-10-22 18:00:00;41.15431823409564;;;;;;;
2022-10-22 19:00:00;42.1539883998443;;;;;;;
2022-10-22 20:00:00;42.035113135968274;;;;;;;
2022-10-22 21:00:00;42.0594098983655;;;;;;;
2022-10-22 22:00:00;41.969675843376955;;;;;;;
2022-10-22 23:00:00;41.05333015726051;;;;;;;
2022-10-23 00:00:00;40.43987417170342;;;;;;;
2022-10-23 01:00:00;40.69044385016813;;;;;;;
2022-10-23 02:00:00;40.68485410421785;;;;;;;
2022-10-23 03:00:00;41.21729603846883;;;;;;;
2022-10-23 04:00:00;41.310458470973536;;;;;;;
2022-10-23 05:00:00;42.05575793101132;;;;;;;
2022-10-23 06:00:00;41.84454006403661;;;;;;;
2022-10-23 07:00:00;41.05183955834044;;;;;;;
2022-10-23 08:00:00;41.13658010694673;;;;;;;
2022-10-23 09:00:00;41.478150849482056;;;;;;;
2022-10-23 10:00:00;41.6647738342755;;;;;;;
2022-10-23 11:00:00;41.43820279842402;;;;;;;
2022-10-23 12:00:00;41.793263461186015;;;;;;;
2022-10-23 13:00:00;40.970601917196326;;;;;;;
2022-10-23 14:00:00;41.157224901989785;;;;;;;
2022-10-23 15:00:00;41.54604763029148;;;;;;;
2022-10-23 16:00:00;41.902375302135546;;;;;;;
2022-10-23 17:00:00;42.45769792980969;;;;;;;
2022-10-23 18:00:00;42.70357222167615;;;;;;;
2022-10-23 19:00:00;43.136814797796106;;;;;;;
2022-10-23 20:00:00;42.7146026536847;;;;;;;
2022-10-23 21:00:00;42.33487257879547;;;;;;;
2022-10-23 22:00:00;41.68258649137041;;;;;;;
2022-10-23 23:00:00;40.55815319601142;;;;;;;
2022-10-24 00:00:00;40.07527367585296;;;;;;;
2022-10-24 01:00:00;38.43792529209597;;;;;;;
2022-10-24 02:00:00;38.36011602846803;;;;;;;
2022-10-24 03:00:00;39.29569044065344;;;;;;;
2022-10-24 04:00:00;38.95680277617428;;;;;;;
2022-10-24 05:00:00;39.09319257736118;;;;;;;
2022-10-24 06:00:00;39.8020468938031;;;;;;;
2022-10-24 07:00:00;40.922902751753924;;;;;;;
2022-10-24 08:00:00;41.22012817641697;;;;;;;
2022-10-24 09:00:00;41.04684605195819;;;;;;;
2022-10-24 10:00:00;41.154392764041646;;;;;;;
2022-10-24 11:00:00;41.12323924661206;;;;;;;
2022-10-24 12:00:00;40.28246692574345;;;;;;;
2022-10-24 13:00:00;40.02720186068052;;;;;;;
2022-10-24 14:00:00;39.535751396731605;;;;;;;
2022-10-24 15:00:00;39.36537594016697;;;;;;;
2022-10-24 16:00:00;40.044641868045396;;;;;;;
2022-10-24 17:00:00;40.36363003694158;;;;;;;
2022-10-24 18:00:00;40.361021488831426;;;;;;;
2022-10-24 19:00:00;40.04367297874735;;;;;;;
2022-10-24 20:00:00;39.92994028114558;;;;;;;
2022-10-24 21:00:00;38.671353082979806;;;;;;;
2022-10-24 22:00:00;35.59676922048599;;;;;;;
2022-10-24 23:00:00;34.61394282253418;;;;;;;
2022-10-25 00:00:00;33.42586095328797;;;;;;;
2022-10-25 01:00:00;32.552593575961716;;;;;;;
2022-10-25 02:00:00;32.124195446332;;;;;;;
2022-10-25 03:00:00;31.439786952179315;;;;;;;
2022-10-25 04:00:00;32.41940856245296;;;;;;;
2022-10-25 05:00:00;35.53796509308901;;;;;;;
2022-10-25 06:00:00;36.97989595842408;;;;;;;
2022-10-25 07:00:00;38.49501523073486;;;;;;;
2022-10-25 08:00:00;37.95974115853573;;;;;;;
2022-10-25 09:00:00;39.28726855675501;;;;;;;
2022-10-25 10:00:00;38.97349748407911;;;;;;;
2022-10-25 11:00:00;38.733063878270926;;;;;;;
2022-10-25 12:00:00;38.37062475085456;;;;;;;
2022-10-25 13:00:00;37.95288440350341;;;;;;;
2022-10-25 14:00:00;37.891397198050285;;;;;;;
2022-10-25 15:00:00;38.53794447963304;;;;;;;
2022-10-25 16:00:00;38.956057476714236;;;;;;;
2022-10-25 17:00:00;38.92721438761077;;;;;;;
2022-10-25 18:00:00;38.94003353832341;;;;;;;
2022-10-25 19:00:00;38.07884001224978;;;;;;;
2022-10-25 20:00:00;35.86679121485768;;;;;;;
2022-10-25 21:00:00;33.73605458855568;;;;;;;
2022-10-25 22:00:00;32.64933344587462;;;;;;;
2022-10-25 23:00:00;31.317185191003098;;;;;;;
2022-10-26 00:00:00;29.754292223303903;;;;;;;
2022-10-26 01:00:00;28.518362128723265;;;;;;;
2022-10-26 02:00:00;27.417927475977496;;;;;;;
2022-10-26 03:00:00;27.90490614316617;;;;;;;
2022-10-26 04:00:00;27.351521294088133;;;;;;;
2022-10-26 05:00:00;27.656274243297574;;;;;;;
2022-10-26 06:00:00;28.374519332935975;;;;;;;
2022-10-26 07:00:00;29.775533257914972;;;;;;;
2022-10-26 08:00:00;30.82059216077993;;;;;;;
2022-10-26 09:00:00;30.735851612173647;;;;;;;
2022-10-26 10:00:00;30.402330103806737;;;;;;;
2022-10-26 11:00:00;30.168753253030907;;;;;;;
2022-10-26 12:00:00;9.355967711692145;;;;;;;
2022-10-26 13:00:00;15.661797383179715;;;;;;;
2022-10-26 14:00:00;29.507299982247382;;;;;;;
2022-10-26 15:00:00;29.782091893163308;;;;;;;
2022-10-26 16:00:00;30.274809366194276;;;;;;;
2022-10-26 17:00:00;30.3404702486236;;;;;;;
2022-10-26 18:00:00;0.0;;;;;;;
2022-10-26 19:00:00;0.0;;;;;;;
2022-10-26 20:00:00;0.0;;;;;;;
2022-10-26 21:00:00;0.0;;;;;;;
2022-10-26 22:00:00;0.0;;;;;;;
2022-10-26 23:00:00;0.0;;;;;;;
2022-10-27 00:00:00;0.0;;;;;;;
2022-10-27 01:00:00;0.0;;;;;;;
2022-10-27 02:00:00;0.0;;;;;;;
2022-10-27 03:00:00;0.0;;;;;;;
2022-10-27 04:00:00;0.0;;;;;;;
2022-10-27 05:00:00;0.0;;;;;;;
2022-10-27 06:00:00;0.0;;;;;;;
2022-10-27 07:00:00;0.0;;;;;;;
2022-10-27 08:00:00;0.0;;;;;;;
2022-10-27 09:00:00;30.276374495060356;;;;;;;
2022-10-27 10:00:00;32.31283073966756;;;;;;;
2022-10-27 11:00:00;33.47057892089023;;;;;;;
2022-10-27 12:00:00;34.67587720766332;;;;;;;
2022-10-27 13:00:00;34.91265884611732;;;;;;;
2022-10-27 14:00:00;25.117858812354932;;;;;;;
2022-10-27 15:00:00;0.0;;;;;;;
2022-10-27 16:00:00;0.20130538415620183;;;;;;;
2022-10-27 17:00:00;2.2457363329858104;;;;;;;
2022-10-27 18:00:00;3.2134331518988515;;;;;;;
2022-10-27 19:00:00;3.5574633826522866;;;;;;;
2022-10-27 20:00:00;38.509697630097605;;;;;;;
2022-10-27 21:00:00;37.751653549293195;;;;;;;
2022-10-27 22:00:00;1.9062524289386058;;;;;;;
2022-10-27 23:00:00;1.3173167956167595;;;;;;;
2022-10-28 00:00:00;0.981857508653759;;;;;;;
2022-10-28 01:00:00;0.3913567464658333;;;;;;;
2022-10-28 02:00:00;1.1233153461689278;;;;;;;
2022-10-28 03:00:00;1.5201873086390407;;;;;;;
2022-10-28 04:00:00;1.587636909772459;;;;;;;
2022-10-28 05:00:00;1.6408512912191557;;;;;;;
2022-10-28 06:00:00;2.681885576999914;;;;;;;
2022-10-28 07:00:00;4.0597206887717405;;;;;;;
2022-10-28 08:00:00;4.621974601424234;;;;;;;
2022-10-28 09:00:00;5.248622387423991;;;;;;;
2022-10-28 10:00:00;5.147410720750863;;;;;;;
2022-10-28 11:00:00;4.920914214845384;;;;;;;
2022-10-28 12:00:00;4.903101557750481;;;;;;;
2022-10-28 13:00:00;3.581312965373495;;;;;;;
2022-10-28 14:00:00;3.5725929616910532;;;;;;;
2022-10-28 15:00:00;3.841944186548703;;;;;;;
2022-10-28 16:00:00;4.017983919009624;;;;;;;
2022-10-28 17:00:00;3.8368761502204465;;;;;;;
2022-10-28 18:00:00;4.141032859861861;;;;;;;
2022-10-28 19:00:00;41.50714299847751;;;;;;;
2022-10-28 20:00:00;41.43514707063787;;;;;;;
2022-10-28 21:00:00;40.55755695644339;;;;;;;
2022-10-28 22:00:00;40.437638273323316;;;;;;;
2022-10-28 23:00:00;39.85488862551978;;;;;;;
2022-10-29 00:00:00;39.53903071435578;;;;;;;
2022-10-29 01:00:00;37.95944303875172;;;;;;;
2022-10-29 02:00:00;37.74174106647469;;;;;;;
2022-10-29 03:00:00;37.7852665549409;;;;;;;
2022-10-29 04:00:00;37.94051243246676;;;;;;;
2022-10-29 05:00:00;38.24332760308011;;;;;;;
2022-10-29 06:00:00;38.085994887066136;;;;;;;
2022-10-29 07:00:00;40.11112257988077;;;;;;;
2022-10-29 08:00:00;40.4254898921247;;;;;;;
2022-10-29 09:00:00;40.843528359259885;;;;;;;
2022-10-29 10:00:00;4.900343949748341;;;;;;;
2022-10-29 11:00:00;4.210569299483384;;;;;;;
2022-10-29 12:00:00;2.8620989864370463;;;;;;;
2022-10-29 13:00:00;3.2011357108082277;;;;;;;
2022-10-29 14:00:00;3.2341524768879006;;;;;;;
2022-10-29 15:00:00;2.8782719847198663;;;;;;;
2022-10-29 16:00:00;3.3475125247596464;;;;;;;
2022-10-29 17:00:00;3.6090381052868996;;;;;;;
2022-10-29 18:00:00;3.7673397105989235;;;;;;;
2022-10-29 19:00:00;4.272578214558528;;;;;;;
2022-10-29 20:00:00;4.404868868715232;;;;;;;
2022-10-29 21:00:00;4.0295360606402095;;;;;;;
2022-10-29 22:00:00;3.4476807721887224;;;;;;;
2022-10-29 23:00:00;3.398938187502252;;;;;;;
2022-10-30 00:00:00;3.4872561735167285;;;;;;;
2022-10-30 01:00:00;3.629459310491935;;;;;;;
2022-10-30 02:00:00;3.8536453880712966;;;;;;;
2022-10-30 03:00:00;4.47746103612291;;;;;;;
2022-10-30 04:00:00;4.388770400378416;;;;;;;
2022-10-30 05:00:00;4.687635483853561;;;;;;;
2022-10-30 06:00:00;4.7272108851815675;;;;;;;
2022-10-30 07:00:00;5.6007018523458365;;;;;;;
2022-10-30 08:00:00;6.110412153065666;;;;;;;
2022-10-30 09:00:00;6.361429011206386;;;;;;;
2022-10-30 10:00:00;5.805808263748229;;;;;;;
2022-10-30 11:00:00;5.538767467216696;;;;;;;
2022-10-30 12:00:00;5.4485117026061225;;;;;;;
2022-10-30 13:00:00;4.741818754598308;;;;;;;
2022-10-30 14:00:00;5.312420021203225;;;;;;;
2022-10-30 15:00:00;5.333661055814301;;;;;;;
2022-10-30 16:00:00;5.587733641741178;;;;;;;
2022-10-30 17:00:00;5.923192928704179;;;;;;;
2022-10-30 18:00:00;6.070762221791657;;;;;;;
2022-10-30 19:00:00;6.255074778258996;;;;;;;
2022-10-30 20:00:00;41.48098298743019;;;;;;;
2022-10-30 21:00:00;41.167957214214326;;;;;;;
2022-10-30 22:00:00;40.89458137227248;;;;;;;
2022-10-30 23:00:00;40.461711445882536;;;;;;;
2022-10-31 00:00:00;39.940299943640106;;;;;;;
2022-10-31 01:00:00;4.886183260007624;;;;;;;
2022-10-31 02:00:00;40.18967714296875;;;;;;;
2022-10-31 03:00:00;40.55688618692936;;;;;;;
2022-10-31 04:00:00;40.838758442715644;;;;;;;
2022-10-31 05:00:00;40.77652593780249;;;;;;;
2022-10-31 06:00:00;40.981334229420874;;;;;;;
2022-10-31 07:00:00;40.98886175396725;;;;;;;
2022-10-31 08:00:00;41.985476191929756;;;;;;;
2022-10-31 09:00:00;40.37249910051601;;;;;;;
2022-10-31 10:00:00;39.84013169621103;;;;;;;
2022-10-31 11:00:00;39.139028494153514;;;;;;;
2022-10-31 12:00:00;40.33247651951198;;;;;;;
2022-10-31 13:00:00;30.98798641950442;;;;;;;
2022-10-31 14:00:00;6.087531459642506;;;;;;;
2022-10-31 15:00:00;41.688101707374685;;;;;;;
2022-10-31 16:00:00;42.18357678840781;;;;;;;
2022-10-31 17:00:00;39.909370016048555;;;;;;;
2022-10-31 18:00:00;13.07538466701064;;;;;;;
2022-10-31 19:00:00;8.695781449990688;;;;;;;
2022-10-31 20:00:00;39.90862471658851;;;;;;;
2022-10-31 21:00:00;6.660964864195567;;;;;;;
2022-10-31 22:00:00;6.165638843054464;;;;;;;
2022-10-31 23:00:00;5.690510437280387;;;;;;;
2022-11-01 00:00:00;5.8704257269335045;;;;;;;
2022-11-01 01:00:00;4.970327569045888;;;;;;;
2022-11-01 02:00:00;4.393763906760669;;;;;;;
2022-11-01 03:00:00;4.106972674538135;;;;;;;
2022-11-01 04:00:00;5.308991643687052;;;;;;;
2022-11-01 05:00:00;5.752519352355528;;;;;;;
2022-11-01 06:00:00;5.950545418887564;;;;;;;
2022-11-01 07:00:00;5.450747600986236;;;;;;;
2022-11-01 08:00:00;5.687529239440235;;;;;;;
2022-11-01 09:00:00;5.966718417170384;;;;;;;
2022-11-01 10:00:00;5.894349839600716;;;;;;;
2022-11-01 11:00:00;5.88100897926604;;;;;;;
2022-11-01 12:00:00;4.239859568262871;;;;;;;
2022-11-01 13:00:00;4.714913444090944;;;;;;;
2022-11-01 14:00:00;3.7058525051458067;;;;;;;
2022-11-01 15:00:00;3.5965170743582653;;;;;;;
2022-11-01 16:00:00;3.3282092687446685;;;;;;;
2022-11-01 17:00:00;3.545165941561664;;;;;;;
2022-11-01 18:00:00;4.4101604948815005;;;;;;;
2022-11-01 19:00:00;3.8166040049074197;;;;;;;
2022-11-01 20:00:00;3.344754916757507;;;;;;;
2022-11-01 21:00:00;2.2947770374562957;;;;;;;
2022-11-01 22:00:00;0.776602037359357;;;;;;;
2022-11-01 23:00:00;0.0;;;;;;;
2022-11-02 00:00:00;0.0;;;;;;;
2022-11-02 01:00:00;0.0;;;;;;;
2022-11-02 02:00:00;0.0;;;;;;;
2022-11-02 03:00:00;0.0;;;;;;;
2022-11-02 04:00:00;0.0;;;;;;;
2022-11-02 05:00:00;0.0;;;;;;;
2022-11-02 06:00:00;0.0;;;;;;;
2022-11-02 07:00:00;0.0;;;;;;;
2022-11-02 08:00:00;0.0;;;;;;;
2022-11-02 09:00:00;0.0;;;;;;;
2022-11-02 10:00:00;0.0;;;;;;;
2022-11-02 11:00:00;0.0;;;;;;;
2022-11-02 12:00:00;0.0;;;;;;;
2022-11-02 13:00:00;0.0;;;;;;;
2022-11-02 14:00:00;0.0;;;;;;;
2022-11-02 15:00:00;0.0;;;;;;;
2022-11-02 16:00:00;0.0;;;;;;;
2022-11-02 17:00:00;0.0;;;;;;;
2022-11-02 18:00:00;0.0;;;;;;;
2022-11-02 19:00:00;0.0;;;;;;;
2022-11-02 20:00:00;0.0;;;;;;;
2022-11-02 21:00:00;0.0;;;;;;;
2022-11-02 22:00:00;0.0;;;;;;;
2022-11-02 23:00:00;0.0;;;;;;;
2022-11-03 00:00:00;0.0;;;;;;;
2022-11-03 01:00:00;0.0;;;;;;;
2022-11-03 02:00:00;0.0;;;;;;;
2022-11-03 03:00:00;0.0;;;;;;;
2022-11-03 04:00:00;0.0;;;;;;;
2022-11-03 05:00:00;0.0;;;;;;;
2022-11-03 06:00:00;0.0;;;;;;;
2022-11-03 07:00:00;0.0;;;;;;;
2022-11-03 08:00:00;0.0;;;;;;;
2022-11-03 09:00:00;0.0;;;;;;;
2022-11-03 10:00:00;0.0;;;;;;;
2022-11-03 11:00:00;0.0;;;;;;;
2022-11-03 12:00:00;0.0;;;;;;;
2022-11-03 13:00:00;0.0;;;;;;;
2022-11-03 14:00:00;0.0;;;;;;;
2022-11-03 15:00:00;0.0;;;;;;;
2022-11-03 16:00:00;0.0;;;;;;;
2022-11-03 17:00:00;0.0;;;;;;;
2022-11-03 18:00:00;0.0;;;;;;;
2022-11-03 19:00:00;0.0;;;;;;;
2022-11-03 20:00:00;0.0;;;;;;;
2022-11-03 21:00:00;0.0;;;;;;;
2022-11-03 22:00:00;0.0;;;;;;;
2022-11-03 23:00:00;0.0;;;;;;;
2022-11-04 00:00:00;0.0;;;;;;;
2022-11-04 01:00:00;0.0;;;;;;;
2022-11-04 02:00:00;0.0;;;;;;;
2022-11-04 03:00:00;0.0;;;;;;;
2022-11-04 04:00:00;0.0;;;;;;;
2022-11-04 05:00:00;0.0;;;;;;;
2022-11-04 06:00:00;0.0;;;;;;;
2022-11-04 07:00:00;0.0;;;;;;;
2022-11-04 08:00:00;0.0;;;;;;;
2022-11-04 09:00:00;0.0;;;;;;;
2022-11-04 10:00:00;0.0;;;;;;;
2022-11-04 11:00:00;0.0;;;;;;;
2022-11-04 12:00:00;0.0;;;;;;;
2022-11-04 13:00:00;0.0;;;;;;;
2022-11-04 14:00:00;0.0;;;;;;;
2022-11-04 15:00:00;3.2211097363372416;;;;;;;
2022-11-04 16:00:00;3.449693080730825;;;;;;;
2022-11-04 17:00:00;3.6805868534505257;;;;;;;
2022-11-04 18:00:00;4.332500291145565;;;;;;;
2022-11-04 19:00:00;4.775133640461996;;;;;;;
2022-11-04 20:00:00;4.340922175043992;;;;;;;
2022-11-04 21:00:00;3.7196405451565053;;;;;;;
2022-11-04 22:00:00;3.2560642810130127;;;;;;;
2022-11-04 23:00:00;3.9465842307380066;;;;;;;
2022-11-05 00:00:00;3.5670032157407694;;;;;;;
2022-11-05 01:00:00;0.9439962960838403;;;;;;;
2022-11-05 02:00:00;0.0;;;;;;;
2022-11-05 03:00:00;31.78627667115088;;;;;;;
2022-11-05 04:00:00;31.78307188347271;;;;;;;
2022-11-05 05:00:00;32.89893423504126;;;;;;;
2022-11-05 06:00:00;36.274544549444336;;;;;;;
2022-11-05 07:00:00;38.81609023811915;;;;;;;
2022-11-05 08:00:00;39.458165722941665;;;;;;;
2022-11-05 09:00:00;40.261449480970384;;;;;;;
2022-11-05 10:00:00;4.416644600183828;;;;;;;
2022-11-05 11:00:00;4.320799089622971;;;;;;;
2022-11-05 12:00:00;4.182098860109942;;;;;;;
2022-11-05 13:00:00;4.925684131389626;;;;;;;
2022-11-05 14:00:00;5.3581814080495445;;;;;;;
2022-11-05 15:00:00;6.103853517817334;;;;;;;
2022-11-05 16:00:00;6.580025342835465;;;;;;;
2022-11-05 17:00:00;41.95700575255631;;;;;;;
2022-11-05 18:00:00;42.13990224004957;;;;;;;
2022-11-05 19:00:00;6.582410301107585;;;;;;;
2022-11-05 20:00:00;6.403612960644525;;;;;;;
2022-11-05 21:00:00;4.378708857667906;;;;;;;
2022-11-05 22:00:00;4.191713223144429;;;;;;;
2022-11-05 23:00:00;3.9996495522926954;;;;;;;
2022-11-06 00:00:00;3.8984378856195665;;;;;;;
2022-11-06 01:00:00;4.672654964706803;;;;;;;
2022-11-06 02:00:00;4.7239315675574005;;;;;;;
2022-11-06 03:00:00;40.11984258356321;;;;;;;
2022-11-06 04:00:00;40.28850385136976;;;;;;;
2022-11-06 05:00:00;40.40223654897152;;;;;;;
2022-11-06 06:00:00;40.47184751853904;;;;;;;
2022-11-06 07:00:00;39.72326874087712;;;;;;;
2022-11-06 08:00:00;39.93239976936371;;;;;;;
2022-11-06 09:00:00;40.13847507006415;;;;;;;
2022-11-06 10:00:00;4.396074335086787;;;;;;;
2022-11-06 11:00:00;4.44884153685746;;;;;;;
2022-11-06 12:00:00;4.236207600908685;;;;;;;
2022-11-06 13:00:00;3.0133947768247134;;;;;;;
2022-11-06 14:00:00;2.415962729658437;;;;;;;
2022-11-06 15:00:00;2.555706378415519;;;;;;;
2022-11-06 16:00:00;2.833628547063604;;;;;;;
2022-11-06 17:00:00;39.16384696617276;;;;;;;
2022-11-06 18:00:00;39.221756734217706;;;;;;;
2022-11-06 19:00:00;39.14759943794394;;;;;;;
2022-11-06 20:00:00;39.24299776882877;;;;;;;
2022-11-06 21:00:00;39.24195434958471;;;;;;;
2022-11-06 22:00:00;39.14357482085973;;;;;;;
2022-11-06 23:00:00;39.97778850648;;;;;;;
2022-11-07 00:00:00;4.445934868963312;;;;;;;
2022-11-07 01:00:00;4.536488753357902;;;;;;;
2022-11-07 02:00:00;4.251858889569478;;;;;;;
2022-11-07 03:00:00;3.8833083065807994;;;;;;;
2022-11-07 04:00:00;3.5298127726848856;;;;;;;
2022-11-07 05:00:00;4.261026072927942;;;;;;;
2022-11-07 06:00:00;40.41431040022414;;;;;;;
2022-11-07 07:00:00;40.19526688891903;;;;;;;
2022-11-07 08:00:00;40.29364641764401;;;;;;;
2022-11-07 09:00:00;5.2652425653828345;;;;;;;
2022-11-07 10:00:00;4.753818075904916;;;;;;;
2022-11-07 11:00:00;4.729968493183707;;;;;;;
2022-11-07 12:00:00;5.100680444606494;;;;;;;
2022-11-07 13:00:00;5.1485286699409185;;;;;;;
2022-11-07 14:00:00;5.297439502056467;;;;;;;
2022-11-07 15:00:00;4.618397164016053;;;;;;;
2022-11-07 16:00:00;4.979941932080376;;;;;;;
2022-11-07 17:00:00;5.392465183211282;;;;;;;
2022-11-07 18:00:00;5.308618993957032;;;;;;;
2022-11-07 19:00:00;4.9653340626636355;;;;;;;
2022-11-07 20:00:00;4.673921973788867;;;;;;;
2022-11-07 21:00:00;3.5667050959567543;;;;;;;
2022-11-07 22:00:00;2.376536388222439;;;;;;;
2022-11-07 23:00:00;2.0322825676309924;;;;;;;
2022-11-08 00:00:00;3.0110843484985965;;;;;;;
2022-11-08 01:00:00;2.011414182749935;;;;;;;
2022-11-08 02:00:00;1.7145614078168914;;;;;;;
2022-11-08 03:00:00;0.6689807953299027;;;;;;;
2022-11-08 04:00:00;1.57720271733193;;;;;;;
2022-11-08 05:00:00;2.469400700943145;;;;;;;
2022-11-08 06:00:00;3.1699821933786496;;;;;;;
2022-11-08 07:00:00;4.264827100174134;;;;;;;
2022-11-08 08:00:00;5.158515682705425;;;;;;;
2022-11-08 09:00:00;4.947223285784717;;;;;;;
2022-11-08 10:00:00;4.834086827750984;;;;;;;
2022-11-08 11:00:00;4.344499612452172;;;;;;;
2022-11-08 12:00:00;4.049510086169223;;;;;;;
2022-11-08 13:00:00;4.123294732712962;;;;;;;
2022-11-08 14:00:00;3.7293294381369964;;;;;;;
2022-11-08 15:00:00;5.016088955892207;;;;;;;
2022-11-08 16:00:00;5.277241886689442;;;;;;;
2022-11-08 17:00:00;6.815539972207402;;;;;;;
2022-11-08 18:00:00;7.789199186800744;;;;;;;
2022-11-08 19:00:00;7.477067772936925;;;;;;;
2022-11-08 20:00:00;7.091598892205391;;;;;;;
2022-11-08 21:00:00;5.691255736740425;;;;;;;
2022-11-08 22:00:00;4.365740647063248;;;;;;;
2022-11-08 23:00:00;4.1731552665894895;;;;;;;
2022-11-09 00:00:00;3.327687559122642;;;;;;;
2022-11-09 01:00:00;1.8474483015416256;;;;;;;
2022-11-09 02:00:00;1.3862569956702533;;;;;;;
2022-11-09 03:00:00;1.4641407892442004;;;;;;;
2022-11-09 04:00:00;1.5040888403022248;;;;;;;
2022-11-09 05:00:00;1.2754309659626368;;;;;;;
2022-11-09 06:00:00;0.7035626902756553;;;;;;;
2022-11-09 07:00:00;1.9769068177501863;;;;;;;
2022-11-09 08:00:00;2.157269287079327;;;;;;;
2022-11-09 09:00:00;2.1404255192824735;;;;;;;
2022-11-09 10:00:00;2.314378413255289;;;;;;;
2022-11-09 11:00:00;2.6932886587384917;;;;;;;
2022-11-09 12:00:00;2.2975346454584353;;;;;;;
2022-11-09 13:00:00;2.1699393778999694;;;;;;;
2022-11-09 14:00:00;2.2032542637636574;;;;;;;
2022-11-09 15:00:00;1.851920098301852;;;;;;;
2022-11-09 16:00:00;2.0924282340560407;;;;;;;
2022-11-09 17:00:00;2.4217760654467315;;;;;;;
2022-11-09 18:00:00;2.536924832022567;;;;;;;
2022-11-09 19:00:00;2.4632147154248316;;;;;;;
2022-11-09 20:00:00;2.4404085519476757;;;;;;;
2022-11-09 21:00:00;2.1891681039689437;;;;;;;
2022-11-09 22:00:00;2.222333929940624;;;;;;;
2022-11-09 23:00:00;2.0269909414647245;;;;;;;
2022-11-10 00:00:00;1.8588513832802034;;;;;;;
2022-11-10 01:00:00;0.6993144833534403;;;;;;;
2022-11-10 02:00:00;0.5345287727390889;;;;;;;
2022-11-10 03:00:00;0.0;;;;;;;
2022-11-10 04:00:00;0.0;;;;;;;
2022-11-10 05:00:00;0.0;;;;;;;
2022-11-10 06:00:00;0.0;;;;;;;
2022-11-10 07:00:00;0.0;;;;;;;
2022-11-10 08:00:00;0.0;;;;;;;
2022-11-10 09:00:00;0.0;;;;;;;
2022-11-10 10:00:00;0.0;;;;;;;
2022-11-10 11:00:00;0.0;;;;;;;
2022-11-10 12:00:00;0.0;;;;;;;
2022-11-10 13:00:00;0.0;;;;;;;
2022-11-10 14:00:00;0.0;;;;;;;
2022-11-10 15:00:00;0.0;;;;;;;
2022-11-10 16:00:00;0.0;;;;;;;
2022-11-10 17:00:00;1.0130110260833376;;;;;;;
2022-11-10 18:00:00;3.1938317760998594;;;;;;;
2022-11-10 19:00:00;3.261132317341269;;;;;;;
2022-11-10 20:00:00;3.5561218436242186;;;;;;;
2022-11-10 21:00:00;3.773898345847255;;;;;;;
2022-11-10 22:00:00;2.685612074300103;;;;;;;
2022-11-10 23:00:00;2.2981308850264655;;;;;;;
2022-11-11 00:00:00;2.3637917674557936;;;;;;;
2022-11-11 01:00:00;1.361960233273022;;;;;;;
2022-11-11 02:00:00;1.0703245545602422;;;;;;;
2022-11-11 03:00:00;1.2734931873665387;;;;;;;
2022-11-11 04:00:00;1.0217310297657798;;;;;;;
2022-11-11 05:00:00;0.807308375112913;;;;;;;
2022-11-11 06:00:00;1.6313859880766757;;;;;;;
2022-11-11 07:00:00;38.327620972010386;;;;;;;
2022-11-11 08:00:00;39.03267426120611;;;;;;;
2022-11-11 09:00:00;39.50862249638623;;;;;;;
2022-11-11 10:00:00;38.88741539644475;;;;;;;
2022-11-11 11:00:00;39.009495447998944;;;;;;;
2022-11-11 12:00:00;38.34044012272303;;;;;;;
2022-11-11 13:00:00;38.092404462422465;;;;;;;
2022-11-11 14:00:00;38.28715121133033;;;;;;;
2022-11-11 15:00:00;38.53034242514065;;;;;;;
2022-11-11 16:00:00;38.48003471158812;;;;;;;
2022-11-11 17:00:00;38.84664751598069;;;;;;;
2022-11-11 18:00:00;39.49394009702349;;;;;;;
2022-11-11 19:00:00;39.308584121312094;;;;;;;
2022-11-11 20:00:00;39.23226545660423;;;;;;;
2022-11-11 21:00:00;38.89203625309699;;;;;;;
2022-11-11 22:00:00;35.80165204205038;;;;;;;
2022-11-11 23:00:00;33.60473282369704;;;;;;;
2022-11-12 00:00:00;32.99992231187638;;;;;;;
2022-11-12 01:00:00;33.716527742702695;;;;;;;
2022-11-12 02:00:00;32.56869204429854;;;;;;;
2022-11-12 03:00:00;32.23062420922539;;;;;;;
2022-11-12 04:00:00;32.0154562551125;;;;;;;
2022-11-12 05:00:00;30.031170972707933;;;;;;;
2022-11-12 06:00:00;31.650557639478006;;;;;;;
2022-11-12 07:00:00;34.476807721887226;;;;;;;
2022-11-12 08:00:00;35.856282492471145;;;;;;;
2022-11-12 09:00:00;35.8574749716072;;;;;;;
2022-11-12 10:00:00;36.26269428802974;;;;;;;
2022-11-12 11:00:00;36.440075559518725;;;;;;;
2022-11-12 12:00:00;36.521834910284866;;;;;;;
2022-11-12 13:00:00;36.669255143480335;;;;;;;
2022-11-12 14:00:00;37.400468443723405;;;;;;;
2022-11-12 15:00:00;37.7773663806645;;;;;;;
2022-11-12 16:00:00;38.170139196104394;;;;;;;
2022-11-12 17:00:00;37.33823593881025;;;;;;;
2022-11-12 18:00:00;37.650441882620065;;;;;;;
2022-11-12 19:00:00;38.07705129354568;;;;;;;
2022-11-12 20:00:00;37.84675376039401;;;;;;;
2022-11-12 21:00:00;36.95783509440696;;;;;;;
2022-11-12 22:00:00;35.51038901306761;;;;;;;
2022-11-12 23:00:00;34.961177840965775;;;;;;;
2022-11-13 00:00:00;34.148726899578605;;;;;;;
2022-11-13 01:00:00;34.1249518468034;;;;;;;
2022-11-13 02:00:00;34.06845814773253;;;;;;;
2022-11-13 03:00:00;33.97320887673971;;;;;;;
2022-11-13 04:00:00;33.8842946511572;;;;;;;
2022-11-13 05:00:00;34.89924345583664;;;;;;;
2022-11-13 06:00:00;35.80314264097045;;;;;;;
2022-11-13 07:00:00;36.68244694392301;;;;;;;
2022-11-13 08:00:00;36.04551402537473;;;;;;;
2022-11-13 09:00:00;36.52123867071684;;;;;;;
2022-11-13 10:00:00;36.432846154756355;;;;;;;
2022-11-13 11:00:00;35.93491158550512;;;;;;;
2022-11-13 12:00:00;35.55011347428763;;;;;;;
2022-11-13 13:00:00;15.437611305600353;;;;;;;
2022-11-13 14:00:00;0.0;;;;;;;
2022-11-13 15:00:00;35.25013044162242;;;;;;;
2022-11-13 16:00:00;37.40180998275146;;;;;;;
2022-11-13 17:00:00;37.20393297611144;;;;;;;
2022-11-13 18:00:00;37.52023806695146;;;;;;;
2022-11-13 19:00:00;38.47779881320799;;;;;;;
2022-11-13 20:00:00;37.78966382175512;;;;;;;
2022-11-13 21:00:00;38.20084553385795;;;;;;;
2022-11-13 22:00:00;38.095758309992625;;;;;;;
2022-11-13 23:00:00;37.28688480601364;;;;;;;
2022-11-14 00:00:00;37.08990215872566;;;;;;;
2022-11-14 01:00:00;37.10190148003226;;;;;;;
2022-11-14 02:00:00;37.52970337009395;;;;;;;
2022-11-14 03:00:00;38.29326266690264;;;;;;;
2022-11-14 04:00:00;38.3222548158981;;;;;;;
2022-11-14 05:00:00;38.24519085173021;;;;;;;
2022-11-14 06:00:00;38.525348918758404;;;;;;;
2022-11-14 07:00:00;36.82092358359803;;;;;;;
2022-11-14 08:00:00;37.32608755761162;;;;;;;
2022-11-14 09:00:00;37.73875986863454;;;;;;;
2022-11-14 10:00:00;37.69188053259816;;;;;;;
2022-11-14 11:00:00;37.42565956547268;;;;;;;
2022-11-14 12:00:00;37.68181898988766;;;;;;;
2022-11-14 13:00:00;37.83535067865544;;;;;;;
2022-11-14 14:00:00;37.724971828623836;;;;;;;
2022-11-14 15:00:00;37.77990039882862;;;;;;;
2022-11-14 16:00:00;37.97822458514467;;;;;;;
2022-11-14 17:00:00;38.27537547986174;;;;;;;
2022-11-14 18:00:00;38.48473009818634;;;;;;;
2022-11-14 19:00:00;38.36183021722613;;;;;;;
2022-11-14 20:00:00;38.06296513375097;;;;;;;
2022-11-14 21:00:00;37.16420851489143;;;;;;;
2022-11-14 22:00:00;36.25732813191746;;;;;;;
2022-11-14 23:00:00;35.056948821580626;;;;;;;
2022-11-15 00:00:00;34.04885677193354;;;;;;;
2022-11-15 01:00:00;33.95263861164267;;;;;;;
2022-11-15 02:00:00;31.23229558250481;;;;;;;
2022-11-15 03:00:00;31.823392584260755;;;;;;;
2022-11-15 04:00:00;31.55732067702727;;;;;;;
2022-11-15 05:00:00;32.54491699152332;;;;;;;
2022-11-15 06:00:00;33.40938983522114;;;;;;;
2022-11-15 07:00:00;34.8788967805776;;;;;;;
2022-11-15 08:00:00;37.47246437156304;;;;;;;
2022-11-15 09:00:00;38.08316274911799;;;;;;;
2022-11-15 10:00:00;37.78094381807268;;;;;;;
2022-11-15 11:00:00;37.87261565165732;;;;;;;
2022-11-15 12:00:00;37.393313568907026;;;;;;;
2022-11-15 13:00:00;37.24037811970728;;;;;;;
2022-11-15 14:00:00;37.732872002900244;;;;;;;
2022-11-15 15:00:00;37.71416498645329;;;;;;;
2022-11-15 16:00:00;36.43538017292049;;;;;;;
2022-11-15 17:00:00;36.77821792453787;;;;;;;
2022-11-15 18:00:00;36.87853523185894;;;;;;;
2022-11-15 19:00:00;36.91825969307896;;;;;;;
2022-11-15 20:00:00;36.94904056077851;;;;;;;
2022-11-15 21:00:00;37.119937726965176;;;;;;;
2022-11-15 22:00:00;36.66530505634214;;;;;;;
2022-11-15 23:00:00;34.57570896023424;;;;;;;
2022-11-16 00:00:00;35.7702749347828;;;;;;;
2022-11-16 01:00:00;35.58260853074527;;;;;;;
2022-11-16 02:00:00;35.73971765692123;;;;;;;
2022-11-16 03:00:00;34.88955456285615;;;;;;;
2022-11-16 04:00:00;33.82176402646003;;;;;;;
2022-11-16 05:00:00;32.92889527333478;;;;;;;
2022-11-16 06:00:00;33.04128643190849;;;;;;;
2022-11-16 07:00:00;35.13207500715243;;;;;;;
2022-11-16 08:00:00;35.75499629585201;;;;;;;
2022-11-16 09:00:00;35.537816033197;;;;;;;
2022-11-16 10:00:00;35.76759185672665;;;;;;;
2022-11-16 11:00:00;34.139038006598106;;;;;;;
2022-11-16 12:00:00;34.185842812688485;;;;;;;
2022-11-16 13:00:00;35.2379820604238;;;;;;;
2022-11-16 14:00:00;35.04509856016603;;;;;;;
2022-11-16 15:00:00;34.93024791337421;;;;;;;
2022-11-16 16:00:00;35.03786915540366;;;;;;;
2022-11-16 17:00:00;35.22195812203299;;;;;;;
2022-11-16 18:00:00;35.36319236971015;;;;;;;
2022-11-16 19:00:00;34.806677262899946;;;;;;;
2022-11-16 20:00:00;34.85407830855835;;;;;;;
2022-11-16 21:00:00;34.38848973587276;;;;;;;
2022-11-16 22:00:00;32.606702316760455;;;;;;;
2022-11-16 23:00:00;31.451711743539924;;;;;;;
2022-11-17 00:00:00;29.840299780992254;;;;;;;
2022-11-17 01:00:00;29.636758498455944;;;;;;;
2022-11-17 02:00:00;29.080392451537744;;;;;;;
2022-11-17 03:00:00;29.00943994294215;;;;;;;
2022-11-17 04:00:00;29.211639686450397;;;;;;;
2022-11-17 05:00:00;30.738981869905803;;;;;;;
2022-11-17 06:00:00;31.31345869370292;;;;;;;
2022-11-17 07:00:00;32.17606828875063;;;;;;;
2022-11-17 08:00:00;32.676760466004005;;;;;;;
2022-11-17 09:00:00;33.7581154525728;;;;;;;
2022-11-17 10:00:00;35.48877532872651;;;;;;;
2022-11-17 11:00:00;35.51732029804596;;;;;;;
2022-11-17 12:00:00;34.75957433702556;;;;;;;
2022-11-17 13:00:00;33.07124747020199;;;;;;;
2022-11-17 14:00:00;33.094351753463165;;;;;;;
2022-11-17 15:00:00;35.15450852089957;;;;;;;
2022-11-17 16:00:00;34.90229918362278;;;;;;;
2022-11-17 17:00:00;34.9950889663975;;;;;;;
2022-11-17 18:00:00;35.25885044530486;;;;;;;
2022-11-17 19:00:00;35.3524600574856;;;;;;;
2022-11-17 20:00:00;35.22300154127704;;;;;;;
2022-11-17 21:00:00;35.258626855466844;;;;;;;
2022-11-17 22:00:00;34.06264481194424;;;;;;;
2022-11-17 23:00:00;33.35326878588028;;;;;;;
2022-11-18 00:00:00;32.733775874696896;;;;;;;
2022-11-18 01:00:00;30.98016077517404;;;;;;;
2022-11-18 02:00:00;30.386604285199947;;;;;;;
2022-11-18 03:00:00;31.476306625721172;;;;;;;
2022-11-18 04:00:00;31.212321556975805;;;;;;;
2022-11-18 05:00:00;32.33556237319872;;;;;;;
2022-11-18 06:00:00;35.40813392715043;;;;;;;
2022-11-18 07:00:00;38.04559965633209;;;;;;;
2022-11-18 08:00:00;37.57755159542837;;;;;;;
2022-11-18 09:00:00;38.00922904268225;;;;;;;
2022-11-18 10:00:00;37.194616732860965;;;;;;;
2022-11-18 11:00:00;37.31147968819488;;;;;;;
2022-11-18 12:00:00;37.428715293258826;;;;;;;
2022-11-18 13:00:00;37.389661601552845;;;;;;;
2022-11-18 14:00:00;37.38161236738444;;;;;;;
2022-11-18 15:00:00;37.47447668010515;;;;;;;
2022-11-18 16:00:00;37.61384767913221;;;;;;;
2022-11-18 17:00:00;38.01317912982045;;;;;;;
2022-11-18 18:00:00;40.38740508971677;;;;;;;
2022-11-18 19:00:00;40.45246973257805;;;;;;;
2022-11-18 20:00:00;40.1176066851831;;;;;;;
2022-11-18 21:00:00;39.48574180296308;;;;;;;
2022-11-18 22:00:00;37.40330058167154;;;;;;;
2022-11-18 23:00:00;35.602135376598255;;;;;;;
2022-11-19 00:00:00;33.98647520712839;;;;;;;
2022-11-19 01:00:00;33.42906574096615;;;;;;;
2022-11-19 02:00:00;33.29610431729539;;;;;;;
2022-11-19 03:00:00;33.30243936270571;;;;;;;
2022-11-19 04:00:00;33.33761749721951;;;;;;;
2022-11-19 05:00:00;33.96605400192335;;;;;;;
2022-11-19 06:00:00;35.370868954148534;;;;;;;
2022-11-19 07:00:00;39.183597401863764;;;;;;;
2022-11-19 08:00:00;39.7903456922805;;;;;;;
2022-11-19 09:00:00;39.38810757369813;;;;;;;
2022-11-19 10:00:00;41.582716363725346;;;;;;;
2022-11-19 11:00:00;41.569897213012695;;;;;;;
2022-11-19 12:00:00;41.79602106918816;;;;;;;
2022-11-19 13:00:00;41.140977373760954;;;;;;;
2022-11-19 14:00:00;41.54589857039947;;;;;;;
2022-11-19 15:00:00;42.70826760827438;;;;;;;
2022-11-19 16:00:00;43.20948149514979;;;;;;;
2022-11-19 17:00:00;44.3009725543751;;;;;;;
2022-11-19 18:00:00;44.51703486784005;;;;;;;
2022-11-19 19:00:00;43.2768565663372;;;;;;;
2022-11-19 20:00:00;44.23322483345767;;;;;;;
2022-11-19 21:00:00;43.749674543785154;;;;;;;
2022-11-19 22:00:00;43.115871882969046;;;;;;;
2022-11-19 23:00:00;42.555853868696666;;;;;;;
2022-11-20 00:00:00;42.06969503091402;;;;;;;
2022-11-20 01:00:00;42.39576354468055;;;;;;;
2022-11-20 02:00:00;41.9527575456341;;;;;;;
2022-11-20 03:00:00;42.37273379136538;;;;;;;
2022-11-20 04:00:00;42.797256363802894;;;;;;;
2022-11-20 05:00:00;43.14978300840076;;;;;;;
2022-11-20 06:00:00;43.264782715084586;;;;;;;
2022-11-20 07:00:00;44.61243319872489;;;;;;;
2022-11-20 08:00:00;43.48725460390587;;;;;;;
2022-11-20 09:00:00;43.28557657001964;;;;;;;
2022-11-20 10:00:00;42.38883225970219;;;;;;;
2022-11-20 11:00:00;42.33777924668961;;;;;;;
2022-11-20 12:00:00;8.067643065070854;;;;;;;
2022-11-20 13:00:00;8.086648201301818;;;;;;;
2022-11-20 14:00:00;7.814390308550021;;;;;;;
2022-11-20 15:00:00;7.745971818118553;;;;;;;
2022-11-20 16:00:00;7.941165746702445;;;;;;;
2022-11-20 17:00:00;43.4918754605581;;;;;;;
2022-11-20 18:00:00;43.78470361840694;;;;;;;
2022-11-20 19:00:00;43.447455612739844;;;;;;;
2022-11-20 20:00:00;43.18525926269856;;;;;;;
2022-11-20 21:00:00;42.75231480636262;;;;;;;
2022-11-20 22:00:00;7.018037835499662;;;;;;;
2022-11-20 23:00:00;41.716944796478145;;;;;;;
2022-11-21 00:00:00;5.550468668739288;;;;;;;
2022-11-21 01:00:00;5.142566274260617;;;;;;;
2022-11-21 02:00:00;5.423991350370879;;;;;;;
2022-11-21 03:00:00;5.18109825634457;;;;;;;
2022-11-21 04:00:00;5.375621415414427;;;;;;;
2022-11-21 05:00:00;6.021721517321171;;;;;;;
2022-11-21 06:00:00;6.6217621125975805;;;;;;;
2022-11-21 07:00:00;6.529121389714886;;;;;;;
2022-11-21 08:00:00;42.261609641873754;;;;;;;
2022-11-21 09:00:00;42.50062717870786;;;;;;;
2022-11-21 10:00:00;7.267116915044285;;;;;;;
2022-11-21 11:00:00;7.5791737989621;;;;;;;
2022-11-21 12:00:00;7.5509269494266675;;;;;;;
2022-11-21 13:00:00;7.476471533368895;;;;;;;
2022-11-21 14:00:00;7.478036662234975;;;;;;;
2022-11-21 15:00:00;6.990312695586259;;;;;;;
2022-11-21 16:00:00;7.892572221907982;;;;;;;
2022-11-21 17:00:00;9.606611920102846;;;;;;;
2022-11-21 18:00:00;9.536777360697307;;;;;;;
2022-11-21 19:00:00;8.349813440641157;;;;;;;
2022-11-21 20:00:00;8.608432353274262;;;;;;;
2022-11-21 21:00:00;6.219449464069193;;;;;;;
2022-11-21 22:00:00;5.501875143944826;;;;;;;
2022-11-21 23:00:00;5.54554969230304;;;;;;;
2022-11-22 00:00:00;5.075712912695229;;;;;;;
2022-11-22 01:00:00;3.9931654469903677;;;;;;;
2022-11-22 02:00:00;3.265231464371477;;;;;;;
2022-11-22 03:00:00;3.276858135948066;;;;;;;
2022-11-22 04:00:00;3.4410476069943865;;;;;;;
2022-11-22 05:00:00;4.065981204236058;;;;;;;
2022-11-22 06:00:00;39.31402480737038;;;;;;;
2022-11-22 07:00:00;41.49797581511904;;;;;;;
2022-11-22 08:00:00;41.171758241460516;;;;;;;
2022-11-22 09:00:00;40.28433017439355;;;;;;;
2022-11-22 10:00:00;5.9041877924732145;;;;;;;
2022-11-22 11:00:00;6.195823471185995;;;;;;;
2022-11-22 12:00:00;4.626893577860484;;;;;;;
2022-11-22 13:00:00;7.2689056337483775;;;;;;;
2022-11-22 14:00:00;8.168854731743984;;;;;;;
2022-11-22 15:00:00;8.477334178253617;;;;;;;
2022-11-22 16:00:00;8.074872469833222;;;;;;;
2022-11-22 17:00:00;8.858331262224926;;;;;;;
2022-11-22 18:00:00;8.537330784786658;;;;;;;
2022-11-22 19:00:00;7.480198030669085;;;;;;;
2022-11-22 20:00:00;6.76538131854686;;;;;;;
2022-11-22 21:00:00;5.639681014105809;;;;;;;
2022-11-22 22:00:00;2.5059949044309997;;;;;;;
2022-11-22 23:00:00;0.0;;;;;;;
2022-11-23 00:00:00;0.0;;;;;;;
2022-11-23 01:00:00;0.0;;;;;;;
2022-11-23 02:00:00;0.0;;;;;;;
2022-11-23 03:00:00;0.0;;;;;;;
2022-11-23 04:00:00;0.0;;;;;;;
2022-11-23 05:00:00;0.0;;;;;;;
2022-11-23 06:00:00;0.0;;;;;;;
2022-11-23 07:00:00;0.0;;;;;;;
2022-11-23 08:00:00;0.0;;;;;;;
2022-11-23 09:00:00;0.0;;;;;;;
2022-11-23 10:00:00;0.0;;;;;;;
2022-11-23 11:00:00;0.0;;;;;;;
2022-11-23 12:00:00;0.0;;;;;;;
2022-11-23 13:00:00;0.0;;;;;;;
2022-11-23 14:00:00;0.0;;;;;;;
2022-11-23 15:00:00;0.0;;;;;;;
2022-11-23 16:00:00;0.0;;;;;;;
2022-11-23 17:00:00;0.0;;;;;;;
2022-11-23 18:00:00;0.0;;;;;;;
2022-11-23 19:00:00;0.0;;;;;;;
2022-11-23 20:00:00;0.0;;;;;;;
2022-11-23 21:00:00;0.0;;;;;;;
2022-11-23 22:00:00;0.0;;;;;;;
2022-11-23 23:00:00;0.0;;;;;;;
2022-11-24 00:00:00;0.0;;;;;;;
2022-11-24 01:00:00;0.0;;;;;;;
2022-11-24 02:00:00;0.0;;;;;;;
2022-11-24 03:00:00;0.0;;;;;;;
2022-11-24 04:00:00;0.0;;;;;;;
2022-11-24 05:00:00;0.0;;;;;;;
2022-11-24 06:00:00;0.0;;;;;;;
2022-11-24 07:00:00;0.0;;;;;;;
2022-11-24 08:00:00;0.0;;;;;;;
2022-11-24 09:00:00;0.0;;;;;;;
2022-11-24 10:00:00;0.0;;;;;;;
2022-11-24 11:00:00;0.0;;;;;;;
2022-11-24 12:00:00;0.0;;;;;;;
2022-11-24 13:00:00;0.0;;;;;;;
2022-11-24 14:00:00;33.27441610300829;;;;;;;
2022-11-24 15:00:00;33.29468824832132;;;;;;;
2022-11-24 16:00:00;34.11026944744065;;;;;;;
2022-11-24 17:00:00;34.50498004147666;;;;;;;
2022-11-24 18:00:00;35.062240447746895;;;;;;;
2022-11-24 19:00:00;34.99031904985325;;;;;;;
2022-11-24 20:00:00;34.974518701300454;;;;;;;
2022-11-24 21:00:00;35.21674102581273;;;;;;;
2022-11-24 22:00:00;34.72648304099989;;;;;;;
2022-11-24 23:00:00;34.64360574104368;;;;;;;
2022-11-25 00:00:00;34.1624404096433;;;;;;;
2022-11-25 01:00:00;34.310680472244805;;;;;;;
2022-11-25 02:00:00;34.18785512123059;;;;;;;
2022-11-25 03:00:00;33.91932372577897;;;;;;;
2022-11-25 04:00:00;34.16676314651153;;;;;;;
2022-11-25 05:00:00;34.75152510285715;;;;;;;
2022-11-25 06:00:00;36.77665279567178;;;;;;;
2022-11-25 07:00:00;38.94584687411172;;;;;;;
2022-11-25 08:00:00;40.11596702637101;;;;;;;
2022-11-25 09:00:00;40.86469486392496;;;;;;;
2022-11-25 10:00:00;40.6366332291534;;;;;;;
2022-11-25 11:00:00;40.41773877774031;;;;;;;
2022-11-25 12:00:00;39.79332689012067;;;;;;;
2022-11-25 13:00:00;40.03465485528089;;;;;;;
2022-11-25 14:00:00;40.28492641396158;;;;;;;
2022-11-25 15:00:00;41.77090447738489;;;;;;;
2022-11-25 16:00:00;41.98197328446758;;;;;;;
2022-11-25 17:00:00;42.19490534020037;;;;;;;
2022-11-25 18:00:00;42.028107321043905;;;;;;;
2022-11-25 19:00:00;41.78573593663963;;;;;;;
2022-11-25 20:00:00;6.344808833247544;;;;;;;
2022-11-25 21:00:00;5.842700587020099;;;;;;;
2022-11-25 22:00:00;5.543090204084915;;;;;;;
2022-11-25 23:00:00;4.995742280633176;;;;;;;
2022-11-26 00:00:00;4.954676280385096;;;;;;;
2022-11-26 01:00:00;5.043590505967601;;;;;;;
2022-11-26 02:00:00;4.32370575751712;;;;;;;
2022-11-26 03:00:00;3.6103796443149676;;;;;;;
2022-11-26 04:00:00;3.643992649962672;;;;;;;
2022-11-26 05:00:00;3.656513680891307;;;;;;;
2022-11-26 06:00:00;4.812845793139907;;;;;;;
2022-11-26 07:00:00;5.200774162089567;;;;;;;
2022-11-26 08:00:00;5.91022471809952;;;;;;;
2022-11-26 09:00:00;5.877207952019847;;;;;;;
2022-11-26 10:00:00;6.581068762079518;;;;;;;
2022-11-26 11:00:00;6.582112181323571;;;;;;;
2022-11-26 12:00:00;6.494763084607144;;;;;;;
2022-11-26 13:00:00;6.330648143506827;;;;;;;
2022-11-26 14:00:00;6.581068762079518;;;;;;;
2022-11-26 15:00:00;6.813155013935281;;;;;;;
2022-11-26 16:00:00;7.368701231447434;;;;;;;
2022-11-26 17:00:00;7.966953108019752;;;;;;;
2022-11-26 18:00:00;7.29424581538966;;;;;;;
2022-11-26 19:00:00;6.485968550978699;;;;;;;
2022-11-26 20:00:00;6.521966514898522;;;;;;;
2022-11-26 21:00:00;5.51439617487346;;;;;;;
2022-11-26 22:00:00;5.643556571298006;;;;;;;
2022-11-26 23:00:00;4.847204098247648;;;;;;;
2022-11-27 00:00:00;2.3353958580283543;;;;;;;
2022-11-27 01:00:00;0.0;;;;;;;
2022-11-27 02:00:00;0.0;;;;;;;
2022-11-27 03:00:00;0.0;;;;;;;
2022-11-27 04:00:00;0.0;;;;;;;
2022-11-27 05:00:00;0.0;;;;;;;
2022-11-27 06:00:00;0.0;;;;;;;
2022-11-27 07:00:00;36.521313200662846;;;;;;;
2022-11-27 08:00:00;37.36543936910164;;;;;;;
2022-11-27 09:00:00;38.29728728398685;;;;;;;
2022-11-27 10:00:00;38.997943306368356;;;;;;;
2022-11-27 11:00:00;39.299491467899635;;;;;;;
2022-11-27 12:00:00;39.83789579783092;;;;;;;
2022-11-27 13:00:00;41.00928295917228;;;;;;;
2022-11-27 14:00:00;41.2266868116653;;;;;;;
2022-11-27 15:00:00;42.099208889531525;;;;;;;
2022-11-27 16:00:00;40.46648136242678;;;;;;;
2022-11-27 17:00:00;42.27055323539421;;;;;;;
2022-11-27 18:00:00;41.57645584826103;;;;;;;
2022-11-27 19:00:00;40.61807527259846;;;;;;;
2022-11-27 20:00:00;41.23175484799355;;;;;;;
2022-11-27 21:00:00;37.35895526379929;;;;;;;
2022-11-27 22:00:00;34.63250077908912;;;;;;;
2022-11-27 23:00:00;32.81054171908078;;;;;;;
2022-11-28 00:00:00;30.65245260259541;;;;;;;
2022-11-28 01:00:00;29.084417068621953;;;;;;;
2022-11-28 02:00:00;29.95418153848604;;;;;;;
2022-11-28 03:00:00;28.120595806901107;;;;;;;
2022-11-28 04:00:00;27.908930760250374;;;;;;;
2022-11-28 05:00:00;29.624311997473306;;;;;;;
2022-11-28 06:00:00;31.087260307581452;;;;;;;
2022-11-28 07:00:00;32.368430079386386;;;;;;;
2022-11-28 08:00:00;36.240931543796634;;;;;;;
2022-11-28 09:00:00;38.90105437656344;;;;;;;
2022-11-28 10:00:00;40.47229469821507;;;;;;;
2022-11-28 11:00:00;39.62801946988428;;;;;;;
2022-11-28 12:00:00;40.59340586047121;;;;;;;
2022-11-28 13:00:00;41.34027044937507;;;;;;;
2022-11-28 14:00:00;41.12122693806997;;;;;;;
2022-11-28 15:00:00;41.578915336479156;;;;;;;
2022-11-28 16:00:00;41.259032808230934;;;;;;;
2022-11-28 17:00:00;41.16631755540224;;;;;;;
2022-11-28 18:00:00;41.47099597466568;;;;;;;
2022-11-28 19:00:00;41.20186833964604;;;;;;;
2022-11-28 20:00:00;40.875054526419504;;;;;;;
2022-11-28 21:00:00;39.23040220795413;;;;;;;
2022-11-28 22:00:00;36.62759290366422;;;;;;;
2022-11-28 23:00:00;34.905653031192976;;;;;;;
2022-11-29 00:00:00;34.60268880068761;;;;;;;
2022-11-29 01:00:00;34.90632380070699;;;;;;;
2022-11-29 02:00:00;35.05784318093268;;;;;;;
2022-11-29 03:00:00;34.669691222145005;;;;;;;
2022-11-29 04:00:00;34.90885781887113;;;;;;;
2022-11-29 05:00:00;35.18037041216289;;;;;;;
2022-11-29 06:00:00;36.81935845473194;;;;;;;
2022-11-29 07:00:00;38.27582265953776;;;;;;;
2022-11-29 08:00:00;39.85168383784162;;;;;;;
2022-11-29 09:00:00;39.537092935759674;;;;;;;
2022-11-29 10:00:00;39.45309768661342;;;;;;;
2022-11-29 11:00:00;39.44154554498283;;;;;;;
2022-11-29 12:00:00;41.2364502345918;;;;;;;
2022-11-29 13:00:00;42.17731627294347;;;;;;;
2022-11-29 14:00:00;42.349033268536175;;;;;;;
2022-11-29 15:00:00;42.42281791507992;;;;;;;
2022-11-29 16:00:00;43.62923415104306;;;;;;;
2022-11-29 17:00:00;44.472391430183784;;;;;;;
2022-11-29 18:00:00;44.15258343188159;;;;;;;
2022-11-29 19:00:00;43.85073715056628;;;;;;;
2022-11-29 20:00:00;43.23720663506319;;;;;;;
2022-11-29 21:00:00;41.89432606796714;;;;;;;
2022-11-29 22:00:00;40.41930390660638;;;;;;;
2022-11-29 23:00:00;38.94957337141191;;;;;;;
2022-11-30 00:00:00;37.20438015578746;;;;;;;
2022-11-30 01:00:00;37.043171882581284;;;;;;;
2022-11-30 02:00:00;36.85699607746385;;;;;;;
2022-11-30 03:00:00;36.36427860443288;;;;;;;
2022-11-30 04:00:00;35.687323104880576;;;;;;;
2022-11-30 05:00:00;34.22832488191064;;;;;;;
2022-11-30 06:00:00;34.70211174865666;;;;;;;
2022-11-30 07:00:00;36.693179256147545;;;;;;;
2022-11-30 08:00:00;38.17297133405254;;;;;;;
2022-11-30 09:00:00;39.00494912129271;;;;;;;
2022-11-30 10:00:00;37.97613774665657;;;;;;;
2022-11-30 11:00:00;38.104329253783064;;;;;;;
2022-11-30 12:00:00;37.846679230448004;;;;;;;
2022-11-30 13:00:00;37.608779642803945;;;;;;;
2022-11-30 14:00:00;37.5050339579667;;;;;;;
2022-11-30 15:00:00;37.671384797447125;;;;;;;
2022-11-30 16:00:00;37.57412321791219;;;;;;;
2022-11-30 17:00:00;37.43743529694127;;;;;;;
2022-11-30 18:00:00;37.73719473976846;;;;;;;
2022-11-30 19:00:00;38.05558666909659;;;;;;;
2022-11-30 20:00:00;38.0576735075847;;;;;;;
2022-11-30 21:00:00;38.54986927099364;;;;;;;
2022-11-30 22:00:00;38.52244225086425;;;;;;;
2022-11-30 23:00:00;38.145320724085146;;;;;;;
2022-12-01 00:00:00;38.088305315392255;;;;;;;
2022-12-01 01:00:00;36.58086262751986;;;;;;;
2022-12-01 02:00:00;35.567329891814495;;;;;;;
2022-12-01 03:00:00;35.1648681833941;;;;;;;
2022-12-01 04:00:00;34.42963026606686;;;;;;;
2022-12-01 05:00:00;34.48463336621762;;;;;;;
2022-12-01 06:00:00;35.110535852757344;;;;;;;
2022-12-01 07:00:00;36.26112915916366;;;;;;;
2022-12-01 08:00:00;37.11703105907103;;;;;;;
2022-12-01 09:00:00;38.24727769021831;;;;;;;
2022-12-01 10:00:00;39.173163209423244;;;;;;;
2022-12-01 11:00:00;40.2421462249554;;;;;;;
2022-12-01 12:00:00;40.51455317759922;;;;;;;
2022-12-01 13:00:00;40.26860435578674;;;;;;;
2022-12-01 14:00:00;40.45224614274005;;;;;;;
2022-12-01 15:00:00;40.71690198099947;;;;;;;
2022-12-01 16:00:00;40.78524594148493;;;;;;;
2022-12-01 17:00:00;41.00652535117015;;;;;;;
2022-12-01 18:00:00;41.27498221667575;;;;;;;
2022-12-01 19:00:00;40.98312294812495;;;;;;;
2022-12-01 20:00:00;41.04990177974437;;;;;;;
2022-12-01 21:00:00;41.29234769409463;;;;;;;
2022-12-01 22:00:00;40.350885416174926;;;;;;;
2022-12-01 23:00:00;39.33712909063154;;;;;;;
2022-12-02 00:00:00;38.616051863045;;;;;;;
2022-12-02 01:00:00;37.14922799574467;;;;;;;
2022-12-02 02:00:00;37.62584700043881;;;;;;;
2022-12-02 03:00:00;36.633108119668506;;;;;;;
2022-12-02 04:00:00;36.14799270112992;;;;;;;
2022-12-02 05:00:00;37.42521238579665;;;;;;;
2022-12-02 06:00:00;39.24970546396911;;;;;;;
2022-12-02 07:00:00;41.168702513674354;;;;;;;
2022-12-02 08:00:00;41.48836145208457;;;;;;;
2022-12-02 09:00:00;40.438756222513376;;;;;;;
2022-12-02 10:00:00;39.83685237858686;;;;;;;
2022-12-02 11:00:00;39.690699154473464;;;;;;;
2022-12-02 12:00:00;40.65563836538437;;;;;;;
2022-12-02 13:00:00;41.2622375959091;;;;;;;
2022-12-02 14:00:00;40.16769080889764;;;;;;;
2022-12-02 15:00:00;39.871732393316634;;;;;;;
2022-12-02 16:00:00;40.72144830770571;;;;;;;
2022-12-02 17:00:00;40.44278083959758;;;;;;;
2022-12-02 18:00:00;42.577318493145754;;;;;;;
2022-12-02 19:00:00;41.281913501654095;;;;;;;
2022-12-02 20:00:00;40.261524010916396;;;;;;;
2022-12-02 21:00:00;40.31496198220109;;;;;;;
2022-12-02 22:00:00;40.82601382194901;;;;;;;
2022-12-02 23:00:00;41.979737386087464;;;;;;;
2022-12-03 00:00:00;6.625563139843772;;;;;;;
2022-12-03 01:00:00;28.357675565139118;;;;;;;
2022-12-03 02:00:00;39.362022092596796;;;;;;;
2022-12-03 03:00:00;29.511473659223597;;;;;;;
2022-12-03 04:00:00;41.565798065982484;;;;;;;
2022-12-03 05:00:00;41.92697018431679;;;;;;;
2022-12-03 06:00:00;43.360330105861436;;;;;;;
2022-12-03 07:00:00;42.63343954248659;;;;;;;
2022-12-03 08:00:00;41.06801255662325;;;;;;;
2022-12-03 09:00:00;40.97075097708833;;;;;;;
2022-12-03 10:00:00;40.91530069726152;;;;;;;
2022-12-03 11:00:00;4.738688496866149;;;;;;;
2022-12-03 12:00:00;39.543427981170005;;;;;;;
2022-12-03 13:00:00;39.74622396424628;;;;;;;
2022-12-03 14:00:00;41.16765909443031;;;;;;;
2022-12-03 15:00:00;41.353313189925714;;;;;;;
2022-12-03 16:00:00;40.66868110593502;;;;;;;
2022-12-03 17:00:00;40.57454978413225;;;;;;;
2022-12-03 18:00:00;39.94514439013036;;;;;;;
2022-12-03 19:00:00;38.93243148383103;;;;;;;
2022-12-03 20:00:00;39.136792595773386;;;;;;;
2022-12-03 21:00:00;39.109589165482014;;;;;;;
2022-12-03 22:00:00;38.63692024792606;;;;;;;
2022-12-03 23:00:00;39.288982745513096;;;;;;;
2022-12-04 00:00:00;38.87541607513815;;;;;;;
2022-12-04 01:00:00;38.00393741651598;;;;;;;
2022-12-04 02:00:00;37.16733877262358;;;;;;;
2022-12-04 03:00:00;37.303430454026476;;;;;;;
2022-12-04 04:00:00;37.739654227986584;;;;;;;
2022-12-04 05:00:00;38.36831432252844;;;;;;;
2022-12-04 06:00:00;40.15502071807699;;;;;;;
2022-12-04 07:00:00;39.20416766696081;;;;;;;
2022-12-04 08:00:00;39.81650570332783;;;;;;;
2022-12-04 09:00:00;40.16962858749375;;;;;;;
2022-12-04 10:00:00;39.50810078676421;;;;;;;
2022-12-04 11:00:00;39.279591972316624;;;;;;;
2022-12-04 12:00:00;39.26215196495174;;;;;;;
2022-12-04 13:00:00;39.27020119912016;;;;;;;
2022-12-04 14:00:00;38.72382216496646;;;;;;;
2022-12-04 15:00:00;39.78602295541229;;;;;;;
2022-12-04 16:00:00;5.881754278726077;;;;;;;
2022-12-04 17:00:00;6.01933655904905;;;;;;;
2022-12-04 18:00:00;42.30245205228382;;;;;;;
2022-12-04 19:00:00;40.846882206830045;;;;;;;
2022-12-04 20:00:00;40.57440072424025;;;;;;;
2022-12-04 21:00:00;40.09830342916812;;;;;;;
2022-12-04 22:00:00;39.509516855738276;;;;;;;
2022-12-04 23:00:00;39.21996801551361;;;;;;;
2022-12-05 00:00:00;38.48815847570252;;;;;;;
2022-12-05 01:00:00;22.174745774611782;;;;;;;
2022-12-05 02:00:00;34.262012417504344;;;;;;;
2022-12-05 03:00:00;11.758291461231892;;;;;;;
2022-12-05 04:00:00;4.086476939387095;;;;;;;
2022-12-05 05:00:00;39.968621323121546;;;;;;;
2022-12-05 06:00:00;41.62422954364945;;;;;;;
2022-12-05 07:00:00;41.31001129129752;;;;;;;
2022-12-05 08:00:00;6.644419216182729;;;;;;;
2022-12-05 09:00:00;6.370596194564852;;;;;;;
2022-12-05 10:00:00;6.209238861466675;;;;;;;
2022-12-05 11:00:00;5.974096881824758;;;;;;;
2022-12-05 12:00:00;4.952440382004982;;;;;;;
2022-12-05 13:00:00;4.941857129672445;;;;;;;
2022-12-05 14:00:00;5.239976913687554;;;;;;;
2022-12-05 15:00:00;6.030888700679636;;;;;;;
2022-12-05 16:00:00;4.43087981987055;;;;;;;
2022-12-05 17:00:00;3.5571652628682715;;;;;;;
2022-12-05 18:00:00;3.4432835053744997;;;;;;;
2022-12-05 19:00:00;3.735739013493322;;;;;;;
2022-12-05 20:00:00;36.090753702599024;;;;;;;
2022-12-05 21:00:00;33.975295715227816;;;;;;;
2022-12-05 22:00:00;32.50675765916939;;;;;;;
2022-12-05 23:00:00;31.963508882747874;;;;;;;
2022-12-06 00:00:00;29.67365082172781;;;;;;;
2022-12-06 01:00:00;31.917598436009534;;;;;;;
2022-12-06 02:00:00;29.112291268427366;;;;;;;
2022-12-06 03:00:00;28.700140667026478;;;;;;;
2022-12-06 04:00:00;26.88168451448032;;;;;;;
2022-12-06 05:00:00;26.97842438439322;;;;;;;
2022-12-06 06:00:00;28.85516295471433;;;;;;;
2022-12-06 07:00:00;31.982663078870836;;;;;;;
2022-12-06 08:00:00;35.188643236169305;;;;;;;
2022-12-06 09:00:00;35.392109988759614;;;;;;;
2022-12-06 10:00:00;35.184395029247085;;;;;;;
2022-12-06 11:00:00;34.73497945484433;;;;;;;
2022-12-06 12:00:00;35.69283832088486;;;;;;;
2022-12-06 13:00:00;37.48379292335561;;;;;;;
2022-12-06 14:00:00;37.27212787670489;;;;;;;
2022-12-06 15:00:00;37.30477199305455;;;;;;;
2022-12-06 16:00:00;37.2130256295239;;;;;;;
2022-12-06 17:00:00;36.765175183987196;;;;;;;
2022-12-06 18:00:00;36.27722762750047;;;;;;;
2022-12-06 19:00:00;36.67983839581287;;;;;;;
2022-12-06 20:00:00;34.746009886852875;;;;;;;
2022-12-06 21:00:00;33.30191765308369;;;;;;;
2022-12-06 22:00:00;31.53570699268618;;;;;;;
2022-12-06 23:00:00;30.643732598912973;;;;;;;
2022-12-07 00:00:00;29.57437693365078;;;;;;;
2022-12-07 01:00:00;28.083852543521246;;;;;;;
2022-12-07 02:00:00;28.173661128455798;;;;;;;
2022-12-07 03:00:00;26.3979106349698;;;;;;;
2022-12-07 04:00:00;26.021832527434746;;;;;;;
2022-12-07 05:00:00;25.89706939782442;;;;;;;
2022-12-07 06:00:00;27.104976232707635;;;;;;;
2022-12-07 07:00:00;31.051709523337657;;;;;;;
2022-12-07 08:00:00;31.55687349735125;;;;;;;
2022-12-07 09:00:00;32.09945150425876;;;;;;;
2022-12-07 10:00:00;32.853023788302934;;;;;;;
2022-12-07 11:00:00;33.59795059861069;;;;;;;
2022-12-07 12:00:00;0.0;;;;;;;
2022-12-07 13:00:00;0.0;;;;;;;
2022-12-07 14:00:00;0.0;;;;;;;
2022-12-07 15:00:00;0.0;;;;;;;
2022-12-07 16:00:00;0.0;;;;;;;
2022-12-07 17:00:00;10.642429109663341;;;;;;;
2022-12-07 18:00:00;1.1920319563844102;;;;;;;
2022-12-07 19:00:00;33.984239308748265;;;;;;;
2022-12-07 20:00:00;31.9721543564843;;;;;;;
2022-12-07 21:00:00;0.0;;;;;;;
2022-12-07 22:00:00;0.0;;;;;;;
2022-12-07 23:00:00;0.0;;;;;;;
2022-12-08 00:00:00;0.0;;;;;;;
2022-12-08 01:00:00;0.0;;;;;;;
2022-12-08 02:00:00;0.0;;;;;;;
2022-12-08 03:00:00;0.0;;;;;;;
2022-12-08 04:00:00;0.0;;;;;;;
2022-12-08 05:00:00;0.0;;;;;;;
2022-12-08 06:00:00;0.0;;;;;;;
2022-12-08 07:00:00;24.179824911951396;;;;;;;
2022-12-08 08:00:00;0.0;;;;;;;
2022-12-08 09:00:00;0.0;;;;;;;
2022-12-08 10:00:00;0.0;;;;;;;
2022-12-08 11:00:00;27.599258834604687;;;;;;;
2022-12-08 12:00:00;0.0;;;;;;;
2022-12-08 13:00:00;27.762330356460946;;;;;;;
2022-12-08 14:00:00;27.091933492156976;;;;;;;
2022-12-08 15:00:00;27.34123616153961;;;;;;;
2022-12-08 16:00:00;28.055978343715832;;;;;;;
2022-12-08 17:00:00;28.173661128455798;;;;;;;
2022-12-08 18:00:00;29.18652309464713;;;;;;;
2022-12-08 19:00:00;29.250097138588348;;;;;;;
2022-12-08 20:00:00;29.109235540641208;;;;;;;
2022-12-08 21:00:00;27.884559467907145;;;;;;;
2022-12-08 22:00:00;26.692452981576732;;;;;;;
2022-12-08 23:00:00;26.546970526977358;;;;;;;
2022-12-09 00:00:00;25.825893299390813;;;;;;;
2022-12-09 01:00:00;27.101100675515436;;;;;;;
2022-12-09 02:00:00;27.031489705947912;;;;;;;
2022-12-09 03:00:00;27.441329879022682;;;;;;;
2022-12-09 04:00:00;26.49971854121096;;;;;;;
2022-12-09 05:00:00;27.089772123722863;;;;;;;
2022-12-09 06:00:00;28.785179335416785;;;;;;;
2022-12-09 07:00:00;31.331271350797817;;;;;;;
2022-12-09 08:00:00;35.113517050597494;;;;;;;
2022-12-09 09:00:00;37.299256777050275;;;;;;;
2022-12-09 10:00:00;37.30089643586235;;;;;;;
2022-12-09 11:00:00;37.144010899524396;;;;;;;
2022-12-09 12:00:00;38.062592484020946;;;;;;;
2022-12-09 13:00:00;38.03620888313561;;;;;;;
2022-12-09 14:00:00;29.216111483210625;;;;;;;
2022-12-09 15:00:00;40.791282867111235;;;;;;;
2022-12-09 16:00:00;41.16266558804805;;;;;;;
2022-12-09 17:00:00;41.3407921589971;;;;;;;
2022-12-09 18:00:00;41.260448877205015;;;;;;;
2022-12-09 19:00:00;38.61873494110113;;;;;;;
2022-12-09 20:00:00;38.61836229137111;;;;;;;
2022-12-09 21:00:00;37.81850691085858;;;;;;;
2022-12-09 22:00:00;36.547920391386185;;;;;;;
2022-12-09 23:00:00;35.345752362345266;;;;;;;
2022-12-10 00:00:00;0.0;;;;;;;
2022-12-10 01:00:00;0.0;;;;;;;
2022-12-10 02:00:00;0.0;;;;;;;
2022-12-10 03:00:00;0.0;;;;;;;
2022-12-10 04:00:00;0.0;;;;;;;
2022-12-10 05:00:00;0.0;;;;;;;
2022-12-10 06:00:00;0.9990739261806316;;;;;;;
2022-12-10 07:00:00;3.232959997751841;;;;;;;
2022-12-10 08:00:00;4.498627540787983;;;;;;;
2022-12-10 09:00:00;4.995369630903157;;;;;;;
2022-12-10 10:00:00;5.5737220118924675;;;;;;;
2022-12-10 11:00:00;5.883766587268179;;;;;;;
2022-12-10 12:00:00;5.587435521957162;;;;;;;
2022-12-10 13:00:00;6.030292461111606;;;;;;;
2022-12-10 14:00:00;6.386396543117651;;;;;;;
2022-12-10 15:00:00;6.952973192638366;;;;;;;
2022-12-10 16:00:00;6.7232718990547236;;;;;;;
2022-12-10 17:00:00;6.6576855465714;;;;;;;
2022-12-10 18:00:00;8.22855321849301;;;;;;;
2022-12-10 19:00:00;4.657003676046009;;;;;;;
2022-12-10 20:00:00;3.9968174143445525;;;;;;;
2022-12-10 21:00:00;2.2534874473702033;;;;;;;
2022-12-10 22:00:00;1.2101427332633279;;;;;;;
2022-12-10 23:00:00;0.0;;;;;;;
2022-12-11 00:00:00;0.0;;;;;;;
2022-12-11 01:00:00;0.0;;;;;;;
2022-12-11 02:00:00;0.0;;;;;;;
2022-12-11 03:00:00;0.0;;;;;;;
2022-12-11 04:00:00;0.0;;;;;;;
2022-12-11 05:00:00;0.0;;;;;;;
2022-12-11 06:00:00;0.0;;;;;;;
2022-12-11 07:00:00;0.0;;;;;;;
2022-12-11 08:00:00;0.0;;;;;;;
2022-12-11 09:00:00;0.0;;;;;;;
2022-12-11 10:00:00;0.0;;;;;;;
2022-12-11 11:00:00;0.0;;;;;;;
2022-12-11 12:00:00;3.7332049953291926;;;;;;;
2022-12-11 13:00:00;7.192288849256493;;;;;;;
2022-12-11 14:00:00;6.009424076230549;;;;;;;
2022-12-11 15:00:00;7.738891473248195;;;;;;;
2022-12-11 16:00:00;7.947724381950779;;;;;;;
2022-12-11 17:00:00;8.157079000275388;;;;;;;
2022-12-11 18:00:00;41.37701371275493;;;;;;;
2022-12-11 19:00:00;42.06343451544971;;;;;;;
2022-12-11 20:00:00;43.240336892795355;;;;;;;
2022-12-11 21:00:00;41.716944796478145;;;;;;;
2022-12-11 22:00:00;40.0073023650975;;;;;;;
2022-12-11 23:00:00;39.38639338494005;;;;;;;
2022-12-12 00:00:00;38.23699255766978;;;;;;;
2022-12-12 01:00:00;39.634801694970626;;;;;;;
2022-12-12 02:00:00;39.8729248724527;;;;;;;
2022-12-12 03:00:00;40.35975447974937;;;;;;;
2022-12-12 04:00:00;40.225451517050566;;;;;;;
2022-12-12 05:00:00;40.15867268543117;;;;;;;
2022-12-12 06:00:00;40.53094976572004;;;;;;;
2022-12-12 07:00:00;38.79648886232015;;;;;;;
2022-12-12 08:00:00;39.08670847205885;;;;;;;
2022-12-12 09:00:00;39.88835257127548;;;;;;;
2022-12-12 10:00:00;40.911872319745356;;;;;;;
2022-12-12 11:00:00;41.921827618042535;;;;;;;
2022-12-12 12:00:00;42.3948691853285;;;;;;;
2022-12-12 13:00:00;41.972657041217104;;;;;;;
2022-12-12 14:00:00;42.291943329897286;;;;;;;
2022-12-12 15:00:00;42.407017566527124;;;;;;;
2022-12-12 16:00:00;42.25833032424959;;;;;;;
2022-12-12 17:00:00;41.96252096856059;;;;;;;
2022-12-12 18:00:00;42.03712544451037;;;;;;;
2022-12-12 19:00:00;41.82777082618577;;;;;;;
2022-12-12 20:00:00;41.11094180552144;;;;;;;
2022-12-12 21:00:00;38.56634038906047;;;;;;;
2022-12-12 22:00:00;35.71758226295811;;;;;;;
2022-12-12 23:00:00;33.5999629071528;;;;;;;
2022-12-13 00:00:00;32.39973265670797;;;;;;;
2022-12-13 01:00:00;30.110843484985974;;;;;;;
2022-12-13 02:00:00;27.64121919420481;;;;;;;
2022-12-13 03:00:00;28.197510711177003;;;;;;;
2022-12-13 04:00:00;27.53210735325528;;;;;;;
2022-12-13 05:00:00;27.676471858664602;;;;;;;
2022-12-13 06:00:00;30.016190453561173;;;;;;;
2022-12-13 07:00:00;33.61434718673152;;;;;;;
2022-12-13 08:00:00;37.04905974831558;;;;;;;
2022-12-13 09:00:00;39.02790434466187;;;;;;;
2022-12-13 10:00:00;39.68183009089902;;;;;;;
2022-12-13 11:00:00;40.62403766827876;;;;;;;
2022-12-13 12:00:00;40.73717412631249;;;;;;;
2022-12-13 13:00:00;41.99613397420829;;;;;;;
2022-12-13 14:00:00;42.19170055252222;;;;;;;
2022-12-13 15:00:00;42.23783458909855;;;;;;;
2022-12-13 16:00:00;42.39166439765034;;;;;;;
2022-12-13 17:00:00;42.03198287823611;;;;;;;
2022-12-13 18:00:00;42.42609723270408;;;;;;;
2022-12-13 19:00:00;42.01215791259913;;;;;;;
2022-12-13 20:00:00;40.920964973157815;;;;;;;
2022-12-13 21:00:00;37.3630544108295;;;;;;;
2022-12-13 22:00:00;34.86048788391468;;;;;;;
2022-12-13 23:00:00;34.289066787903714;;;;;;;
2022-12-14 00:00:00;32.61713650920098;;;;;;;
2022-12-14 01:00:00;30.050399698776904;;;;;;;
2022-12-14 02:00:00;28.512623322880973;;;;;;;
2022-12-14 03:00:00;28.247222185161526;;;;;;;
2022-12-14 04:00:00;27.37760677518945;;;;;;;
2022-12-14 05:00:00;26.769069766068615;;;;;;;
2022-12-14 06:00:00;26.807378158314556;;;;;;;
2022-12-14 07:00:00;26.73799077858504;;;;;;;
2022-12-14 08:00:00;27.13754581911129;;;;;;;
2022-12-14 09:00:00;28.664813472620686;;;;;;;
2022-12-14 10:00:00;29.41764045720484;;;;;;;
2022-12-14 11:00:00;29.873763726747956;;;;;;;
2022-12-14 12:00:00;29.50469143413725;;;;;;;
2022-12-14 13:00:00;29.92981024614279;;;;;;;
2022-12-14 14:00:00;29.915053316834047;;;;;;;
2022-12-14 15:00:00;30.015296094209127;;;;;;;
2022-12-14 16:00:00;29.827704220117617;;;;;;;
2022-12-14 17:00:00;29.935250932201072;;;;;;;
2022-12-14 18:00:00;30.105849978603715;;;;;;;
2022-12-14 19:00:00;29.50804528170742;;;;;;;
2022-12-14 20:00:00;29.17161710544637;;;;;;;
2022-12-14 21:00:00;29.297796304030772;;;;;;;
2022-12-14 22:00:00;29.074504585803453;;;;;;;
2022-12-14 23:00:00;28.850765687900108;;;;;;;
2022-12-15 00:00:00;28.774819672922266;;;;;;;
2022-12-15 01:00:00;28.48907185994378;;;;;;;
2022-12-15 02:00:00;27.83812731154679;;;;;;;
2022-12-15 03:00:00;26.7530458276778;;;;;;;
2022-12-15 04:00:00;25.878958620945507;;;;;;;
2022-12-15 05:00:00;26.17789823436666;;;;;;;
2022-12-15 06:00:00;0.0;;;;;;;
2022-12-15 07:00:00;0.0;;;;;;;
2022-12-15 08:00:00;0.0;;;;;;;
2022-12-15 09:00:00;0.0;;;;;;;
2022-12-15 10:00:00;0.0;;;;;;;
2022-12-15 11:00:00;0.0;;;;;;;
2022-12-15 12:00:00;0.0;;;;;;;
2022-12-15 13:00:00;0.0;;;;;;;
2022-12-15 14:00:00;0.0;;;;;;;
2022-12-15 15:00:00;0.0;;;;;;;
2022-12-15 16:00:00;0.0;;;;;;;
2022-12-15 17:00:00;0.0;;;;;;;
2022-12-15 18:00:00;0.0;;;;;;;
2022-12-15 19:00:00;0.0;;;;;;;
2022-12-15 20:00:00;0.0;;;;;;;
2022-12-15 21:00:00;0.0;;;;;;;
2022-12-15 22:00:00;0.0;;;;;;;
2022-12-15 23:00:00;0.0;;;;;;;
2022-12-16 00:00:00;0.0;;;;;;;
2022-12-16 01:00:00;0.0;;;;;;;
2022-12-16 02:00:00;0.0;;;;;;;
2022-12-16 03:00:00;0.0;;;;;;;
2022-12-16 04:00:00;0.0;;;;;;;
2022-12-16 05:00:00;0.0;;;;;;;
2022-12-16 06:00:00;0.0;;;;;;;
2022-12-16 07:00:00;0.0;;;;;;;
2022-12-16 08:00:00;0.0;;;;;;;
2022-12-16 09:00:00;0.0;;;;;;;
2022-12-16 10:00:00;0.0;;;;;;;
2022-12-16 11:00:00;0.0;;;;;;;
2022-12-16 12:00:00;0.0;;;;;;;
2022-12-16 13:00:00;0.0;;;;;;;
2022-12-16 14:00:00;0.0;;;;;;;
2022-12-16 15:00:00;2.034220346227091;;;;;;;
2022-12-16 16:00:00;5.173272612014173;;;;;;;
2022-12-16 17:00:00;6.600893727716522;;;;;;;
2022-12-16 18:00:00;6.326399936584612;;;;;;;
2022-12-16 19:00:00;6.481347694326465;;;;;;;
2022-12-16 20:00:00;6.01777143018297;;;;;;;
2022-12-16 21:00:00;4.843552130893465;;;;;;;
2022-12-16 22:00:00;4.812547673355892;;;;;;;
2022-12-16 23:00:00;4.237027430314725;;;;;;;
2022-12-17 00:00:00;3.8932207893993023;;;;;;;
2022-12-17 01:00:00;2.2721199338711475;;;;;;;
2022-12-17 02:00:00;1.2917530241374642;;;;;;;
2022-12-17 03:00:00;0.9563682671204671;;;;;;;
2022-12-17 04:00:00;35.989243916141874;;;;;;;
2022-12-17 05:00:00;36.5582055239347;;;;;;;
2022-12-17 06:00:00;37.713643276831256;;;;;;;
2022-12-17 07:00:00;40.77451362926039;;;;;;;
2022-12-17 08:00:00;41.471666744179714;;;;;;;
2022-12-17 09:00:00;42.96502327225741;;;;;;;
2022-12-17 10:00:00;43.46817493772889;;;;;;;
2022-12-17 11:00:00;44.550051633919736;;;;;;;
2022-12-17 12:00:00;43.78850464565313;;;;;;;
2022-12-17 13:00:00;44.15325420139562;;;;;;;
2022-12-17 14:00:00;42.73979377543399;;;;;;;
2022-12-17 15:00:00;44.147888045283345;;;;;;;
2022-12-17 16:00:00;44.27466348343577;;;;;;;
2022-12-17 17:00:00;44.47984442478417;;;;;;;
2022-12-17 18:00:00;44.84563739977072;;;;;;;
2022-12-17 19:00:00;43.453865188096174;;;;;;;
2022-12-17 20:00:00;42.41119124350333;;;;;;;
2022-12-17 21:00:00;40.9286415575962;;;;;;;
2022-12-17 22:00:00;39.392802960296365;;;;;;;
2022-12-17 23:00:00;37.85718795283455;;;;;;;
2022-12-18 00:00:00;37.238291281219176;;;;;;;
2022-12-18 01:00:00;38.480183771480114;;;;;;;
2022-12-18 02:00:00;37.53186473852806;;;;;;;
2022-12-18 03:00:00;37.01552127261389;;;;;;;
2022-12-18 04:00:00;35.75812655358416;;;;;;;
2022-12-18 05:00:00;35.39158827913759;;;;;;;
2022-12-18 06:00:00;37.524039094197654;;;;;;;
2022-12-18 07:00:00;37.75135542950917;;;;;;;
2022-12-18 08:00:00;39.28264770010278;;;;;;;
2022-12-18 09:00:00;40.816324928968506;;;;;;;
2022-12-18 10:00:00;41.64219126063636;;;;;;;
2022-12-18 11:00:00;42.06619212345185;;;;;;;
2022-12-18 12:00:00;41.597622352926095;;;;;;;
2022-12-18 13:00:00;41.60462816785045;;;;;;;
2022-12-18 14:00:00;41.69592735170508;;;;;;;
2022-12-18 15:00:00;41.45922024319709;;;;;;;
2022-12-18 16:00:00;43.05811117481611;;;;;;;
2022-12-18 17:00:00;43.04111834712726;;;;;;;
2022-12-18 18:00:00;44.991045324424086;;;;;;;
2022-12-18 19:00:00;44.538574022235146;;;;;;;
2022-12-18 20:00:00;43.68364101162582;;;;;;;
2022-12-18 21:00:00;42.45516391164556;;;;;;;
2022-12-18 22:00:00;39.97517995836987;;;;;;;
2022-12-18 23:00:00;37.200504598595266;;;;;;;
2022-12-19 00:00:00;35.918813117168305;;;;;;;
2022-12-19 01:00:00;31.330749641175785;;;;;;;
2022-12-19 02:00:00;27.25567578352727;;;;;;;
2022-12-19 03:00:00;26.410133546114423;;;;;;;
2022-12-19 04:00:00;25.780131912544498;;;;;;;
2022-12-19 05:00:00;25.61109799500793;;;;;;;
2022-12-19 06:00:00;26.25414236912852;;;;;;;
2022-12-19 07:00:00;29.195988397789602;;;;;;;
2022-12-19 08:00:00;32.87299781383195;;;;;;;
2022-12-19 09:00:00;34.496110977902205;;;;;;;
2022-12-19 10:00:00;34.167582975917554;;;;;;;
2022-12-19 11:00:00;35.31131952729152;;;;;;;
2022-12-19 12:00:00;35.604296745032364;;;;;;;
2022-12-19 13:00:00;35.36147818095206;;;;;;;
2022-12-19 14:00:00;35.217560855218764;;;;;;;
2022-12-19 15:00:00;35.17522784588862;;;;;;;
2022-12-19 16:00:00;35.39911580368397;;;;;;;
2022-12-19 17:00:00;35.12663432109416;;;;;;;
2022-12-19 18:00:00;34.12547355642542;;;;;;;
2022-12-19 19:00:00;34.71761397742542;;;;;;;
2022-12-19 20:00:00;33.57864734259571;;;;;;;
2022-12-19 21:00:00;32.04675883243408;;;;;;;
2022-12-19 22:00:00;29.703686389967334;;;;;;;
2022-12-19 23:00:00;28.425497816002558;;;;;;;
2022-12-20 00:00:00;27.684744682671017;;;;;;;
2022-12-20 01:00:00;26.79537883700795;;;;;;;
2022-12-20 02:00:00;26.370409084894412;;;;;;;
2022-12-20 03:00:00;26.052538865188303;;;;;;;
2022-12-20 04:00:00;25.993138498223292;;;;;;;
2022-12-20 05:00:00;26.76407625968636;;;;;;;
2022-12-20 06:00:00;25.596937305267208;;;;;;;
2022-12-20 07:00:00;26.887348790376606;;;;;;;
2022-12-20 08:00:00;28.985664890166948;;;;;;;
2022-12-20 09:00:00;30.61697634829762;;;;;;;
2022-12-20 10:00:00;31.558587686109348;;;;;;;
2022-12-20 11:00:00;32.02074788127876;;;;;;;
2022-12-20 12:00:00;31.962465463503804;;;;;;;
2022-12-20 13:00:00;31.82585207247888;;;;;;;
2022-12-20 14:00:00;32.25007652513238;;;;;;;
2022-12-20 15:00:00;32.01389112624641;;;;;;;
2022-12-20 16:00:00;31.885997738903935;;;;;;;
2022-12-20 17:00:00;32.21415309115858;;;;;;;
2022-12-20 18:00:00;32.11465561324352;;;;;;;
2022-12-20 19:00:00;31.54517229582866;;;;;;;
2022-12-20 20:00:00;31.482865260969504;;;;;;;
2022-12-20 21:00:00;30.530223491149222;;;;;;;
2022-12-20 22:00:00;28.493021947081978;;;;;;;
2022-12-20 23:00:00;20.24099179559778;;;;;;;
2022-12-21 00:00:00;0.0;;;;;;;
2022-12-21 01:00:00;0.0;;;;;;;
2022-12-21 02:00:00;0.0;;;;;;;
2022-12-21 03:00:00;0.0;;;;;;;
2022-12-21 04:00:00;0.0;;;;;;;
2022-12-21 05:00:00;0.0;;;;;;;
2022-12-21 06:00:00;0.0;;;;;;;
2022-12-21 07:00:00;0.0;;;;;;;
2022-12-21 08:00:00;0.0;;;;;;;
2022-12-21 09:00:00;0.0;;;;;;;
2022-12-21 10:00:00;0.0;;;;;;;
2022-12-21 11:00:00;0.0;;;;;;;
2022-12-21 12:00:00;0.0;;;;;;;
2022-12-21 13:00:00;0.0;;;;;;;
2022-12-21 14:00:00;0.0;;;;;;;
2022-12-21 15:00:00;0.0;;;;;;;
2022-12-21 16:00:00;0.0;;;;;;;
2022-12-21 17:00:00;0.0;;;;;;;
2022-12-21 18:00:00;0.0;;;;;;;
2022-12-21 19:00:00;0.0;;;;;;;
2022-12-21 20:00:00;0.0;;;;;;;
2022-12-21 21:00:00;0.0;;;;;;;
2022-12-21 22:00:00;0.0;;;;;;;
2022-12-21 23:00:00;0.0;;;;;;;
2022-12-22 00:00:00;0.0;;;;;;;
2022-12-22 01:00:00;0.0;;;;;;;
2022-12-22 02:00:00;0.0;;;;;;;
2022-12-22 03:00:00;0.0;;;;;;;
2022-12-22 04:00:00;0.0;;;;;;;
2022-12-22 05:00:00;26.894205545408955;;;;;;;
2022-12-22 06:00:00;27.263203308073653;;;;;;;
2022-12-22 07:00:00;27.9131789671726;;;;;;;
2022-12-22 08:00:00;28.359315223951203;;;;;;;
2022-12-22 09:00:00;29.301001091708926;;;;;;;
2022-12-22 10:00:00;30.056063974673197;;;;;;;
2022-12-22 11:00:00;30.934324858381697;;;;;;;
2022-12-22 12:00:00;31.271945513778814;;;;;;;
2022-12-22 13:00:00;31.70213236211261;;;;;;;
2022-12-22 14:00:00;31.290130820603732;;;;;;;
2022-12-22 15:00:00;31.029425069482524;;;;;;;
2022-12-22 16:00:00;31.668072176788883;;;;;;;
2022-12-22 17:00:00;31.194807019664907;;;;;;;
2022-12-22 18:00:00;31.351170846380825;;;;;;;
2022-12-22 19:00:00;32.30112953814497;;;;;;;
2022-12-22 20:00:00;31.877650384951508;;;;;;;
2022-12-22 21:00:00;31.16089589423318;;;;;;;
2022-12-22 22:00:00;7.610923555959709;;;;;;;
2022-12-22 23:00:00;2.837578634201804;;;;;;;
2022-12-23 00:00:00;0.0;;;;;;;
2022-12-23 01:00:00;0.0;;;;;;;
2022-12-23 02:00:00;0.0;;;;;;;
2022-12-23 03:00:00;0.0;;;;;;;
2022-12-23 04:00:00;0.0;;;;;;;
2022-12-23 05:00:00;0.0;;;;;;;
2022-12-23 06:00:00;0.0;;;;;;;
2022-12-23 07:00:00;0.0;;;;;;;
2022-12-23 08:00:00;0.0;;;;;;;
2022-12-23 09:00:00;0.0;;;;;;;
2022-12-23 10:00:00;0.0;;;;;;;
2022-12-23 11:00:00;0.0;;;;;;;
2022-12-23 12:00:00;0.0;;;;;;;
2022-12-23 13:00:00;0.0;;;;;;;
2022-12-23 14:00:00;0.0;;;;;;;
2022-12-23 15:00:00;0.0;;;;;;;
2022-12-23 16:00:00;0.0;;;;;;;
2022-12-23 17:00:00;0.0;;;;;;;
2022-12-23 18:00:00;0.0;;;;;;;
2022-12-23 19:00:00;0.0;;;;;;;
2022-12-23 20:00:00;0.0;;;;;;;
2022-12-23 21:00:00;0.0;;;;;;;
2022-12-23 22:00:00;0.0;;;;;;;
2022-12-23 23:00:00;0.0;;;;;;;
2022-12-24 00:00:00;0.0;;;;;;;
2022-12-24 01:00:00;0.0;;;;;;;
2022-12-24 02:00:00;0.0;;;;;;;
2022-12-24 03:00:00;0.0;;;;;;;
2022-12-24 04:00:00;0.0;;;;;;;
2022-12-24 05:00:00;0.0;;;;;;;
2022-12-24 06:00:00;0.0;;;;;;;
2022-12-24 07:00:00;0.0;;;;;;;
2022-12-24 08:00:00;0.0;;;;;;;
2022-12-24 09:00:00;0.0;;;;;;;
2022-12-24 10:00:00;0.0;;;;;;;
2022-12-24 11:00:00;0.0;;;;;;;
2022-12-24 12:00:00;0.0;;;;;;;
2022-12-24 13:00:00;0.0;;;;;;;
2022-12-24 14:00:00;0.0;;;;;;;
2022-12-24 15:00:00;0.0;;;;;;;
2022-12-24 16:00:00;0.0;;;;;;;
2022-12-24 17:00:00;0.0;;;;;;;
2022-12-24 18:00:00;0.0;;;;;;;
2022-12-24 19:00:00;0.0;;;;;;;
2022-12-24 20:00:00;0.0;;;;;;;
2022-12-24 21:00:00;0.0;;;;;;;
2022-12-24 22:00:00;0.0;;;;;;;
2022-12-24 23:00:00;0.0;;;;;;;
2022-12-25 00:00:00;0.0;;;;;;;
2022-12-25 01:00:00;0.0;;;;;;;
2022-12-25 02:00:00;0.0;;;;;;;
2022-12-25 03:00:00;0.0;;;;;;;
2022-12-25 04:00:00;0.0;;;;;;;
2022-12-25 05:00:00;0.0;;;;;;;
2022-12-25 06:00:00;0.0;;;;;;;
2022-12-25 07:00:00;25.707763334974832;;;;;;;
2022-12-25 08:00:00;26.82899184265565;;;;;;;
2022-12-25 09:00:00;21.06439863904751;;;;;;;
2022-12-25 10:00:00;0.0;;;;;;;
2022-12-25 11:00:00;0.0;;;;;;;
2022-12-25 12:00:00;0.0;;;;;;;
2022-12-25 13:00:00;0.0;;;;;;;
2022-12-25 14:00:00;0.0;;;;;;;
2022-12-25 15:00:00;0.0;;;;;;;
2022-12-25 16:00:00;0.0;;;;;;;
2022-12-25 17:00:00;0.0;;;;;;;
2022-12-25 18:00:00;0.0;;;;;;;
2022-12-25 19:00:00;0.0;;;;;;;
2022-12-25 20:00:00;0.0;;;;;;;
2022-12-25 21:00:00;0.0;;;;;;;
2022-12-25 22:00:00;0.0;;;;;;;
2022-12-25 23:00:00;0.0;;;;;;;
2022-12-26 00:00:00;0.0;;;;;;;
2022-12-26 01:00:00;0.0;;;;;;;
2022-12-26 02:00:00;0.0;;;;;;;
2022-12-26 03:00:00;0.0;;;;;;;
2022-12-26 04:00:00;0.0;;;;;;;
2022-12-26 05:00:00;0.0;;;;;;;
2022-12-26 06:00:00;0.0;;;;;;;
2022-12-26 07:00:00;0.0;;;;;;;
2022-12-26 08:00:00;0.0;;;;;;;
2022-12-26 09:00:00;0.0;;;;;;;
2022-12-26 10:00:00;0.0;;;;;;;
2022-12-26 11:00:00;0.0;;;;;;;
2022-12-26 12:00:00;0.0;;;;;;;
2022-12-26 13:00:00;0.0;;;;;;;
2022-12-26 14:00:00;0.0;;;;;;;
2022-12-26 15:00:00;0.0;;;;;;;
2022-12-26 16:00:00;0.0;;;;;;;
2022-12-26 17:00:00;0.0;;;;;;;
2022-12-26 18:00:00;0.0;;;;;;;
2022-12-26 19:00:00;0.0;;;;;;;
2022-12-26 20:00:00;0.0;;;;;;;
2022-12-26 21:00:00;1.8097361488637145;;;;;;;
2022-12-26 22:00:00;1.8590004431722111;;;;;;;
2022-12-26 23:00:00;0.0;;;;;;;
2022-12-27 00:00:00;0.0;;;;;;;
2022-12-27 01:00:00;0.0;;;;;;;
2022-12-27 02:00:00;0.0;;;;;;;
2022-12-27 03:00:00;0.0;;;;;;;
2022-12-27 04:00:00;0.0;;;;;;;
2022-12-27 05:00:00;0.0;;;;;;;
2022-12-27 06:00:00;0.0;;;;;;;
2022-12-27 07:00:00;0.0;;;;;;;
2022-12-27 08:00:00;0.0;;;;;;;
2022-12-27 09:00:00;0.0;;;;;;;
2022-12-27 10:00:00;0.0;;;;;;;
2022-12-27 11:00:00;0.0;;;;;;;
2022-12-27 12:00:00;0.20853478891856822;;;;;;;
2022-12-27 13:00:00;3.9824331347658237;;;;;;;
2022-12-27 14:00:00;5.414600577174403;;;;;;;
2022-12-27 15:00:00;5.552331917389384;;;;;;;
2022-12-27 16:00:00;6.110337623119661;;;;;;;
2022-12-27 17:00:00;6.187327057341563;;;;;;;
2022-12-27 18:00:00;6.335716179835084;;;;;;;
2022-12-27 19:00:00;6.204990654544458;;;;;;;
2022-12-27 20:00:00;6.173762607168876;;;;;;;
2022-12-27 21:00:00;5.821683142247034;;;;;;;
2022-12-27 22:00:00;5.265466155220845;;;;;;;
2022-12-27 23:00:00;3.4556554764111267;;;;;;;
2022-12-28 00:00:00;2.1902860531590003;;;;;;;
2022-12-28 01:00:00;0.6556399349952269;;;;;;;
2022-12-28 02:00:00;0.0;;;;;;;
2022-12-28 03:00:00;0.0;;;;;;;
2022-12-28 04:00:00;0.0;;;;;;;
2022-12-28 05:00:00;0.0;;;;;;;
2022-12-28 06:00:00;0.0;;;;;;;
2022-12-28 07:00:00;0.0;;;;;;;
2022-12-28 08:00:00;0.0;;;;;;;
2022-12-28 09:00:00;0.0;;;;;;;
2022-12-28 10:00:00;0.0;;;;;;;
2022-12-28 11:00:00;37.13178798837978;;;;;;;
2022-12-28 12:00:00;25.7743185767562;;;;;;;
2022-12-28 13:00:00;37.399723144263355;;;;;;;
2022-12-28 14:00:00;37.49571771471622;;;;;;;
2022-12-28 15:00:00;37.03072538159865;;;;;;;
2022-12-28 16:00:00;36.84171743853309;;;;;;;
2022-12-28 17:00:00;36.79044083568248;;;;;;;
2022-12-28 18:00:00;36.97467886220382;;;;;;;
2022-12-28 19:00:00;36.466682750242065;;;;;;;
2022-12-28 20:00:00;36.46690634008007;;;;;;;
2022-12-28 21:00:00;36.87048599769053;;;;;;;
2022-12-28 22:00:00;36.194797507220294;;;;;;;
2022-12-28 23:00:00;33.2563053261294;;;;;;;
2022-12-29 00:00:00;31.629093015028907;;;;;;;
2022-12-29 01:00:00;29.00563891569596;;;;;;;
2022-12-29 02:00:00;27.88597553688122;;;;;;;
2022-12-29 03:00:00;27.360390357662578;;;;;;;
2022-12-29 04:00:00;27.02075739372337;;;;;;;
2022-12-29 05:00:00;26.983716010559487;;;;;;;
2022-12-29 06:00:00;26.800819523066224;;;;;;;
2022-12-29 07:00:00;10.620442775592226;;;;;;;
2022-12-29 08:00:00;0.0;;;;;;;
2022-12-29 09:00:00;0.0;;;;;;;
2022-12-29 10:00:00;0.0;;;;;;;
2022-12-29 11:00:00;0.0;;;;;;;
2022-12-29 12:00:00;0.0;;;;;;;
2022-12-29 13:00:00;0.0;;;;;;;
2022-12-29 14:00:00;0.0;;;;;;;
2022-12-29 15:00:00;0.0;;;;;;;
2022-12-29 16:00:00;0.0;;;;;;;
2022-12-29 17:00:00;0.0;;;;;;;
2022-12-29 18:00:00;0.0;;;;;;;
2022-12-29 19:00:00;0.0;;;;;;;
2022-12-29 20:00:00;0.0;;;;;;;
2022-12-29 21:00:00;0.0;;;;;;;
2022-12-29 22:00:00;0.0;;;;;;;
2022-12-29 23:00:00;0.0;;;;;;;
2022-12-30 00:00:00;0.0;;;;;;;
2022-12-30 01:00:00;0.0;;;;;;;
2022-12-30 02:00:00;0.0;;;;;;;
2022-12-30 03:00:00;0.0;;;;;;;
2022-12-30 04:00:00;0.0;;;;;;;
2022-12-30 05:00:00;0.0;;;;;;;
2022-12-30 06:00:00;0.0;;;;;;;
2022-12-30 07:00:00;0.0;;;;;;;
2022-12-30 08:00:00;0.0;;;;;;;
2022-12-30 09:00:00;0.0;;;;;;;
2022-12-30 10:00:00;0.0;;;;;;;
2022-12-30 11:00:00;0.0;;;;;;;
2022-12-30 12:00:00;0.0;;;;;;;
2022-12-30 13:00:00;0.0;;;;;;;
2022-12-30 14:00:00;0.0;;;;;;;
2022-12-30 15:00:00;0.0;;;;;;;
2022-12-30 16:00:00;0.0;;;;;;;
2022-12-30 17:00:00;0.0;;;;;;;
2022-12-30 18:00:00;0.0;;;;;;;
2022-12-30 19:00:00;0.0;;;;;;;
2022-12-30 20:00:00;0.0;;;;;;;
2022-12-30 21:00:00;1.2556805302716358;;;;;;;
2022-12-30 22:00:00;2.4140994810083427;;;;;;;
2022-12-30 23:00:00;1.8549758260880074;;;;;;;
2022-12-31 00:00:00;1.5499247570945478;;;;;;;
2022-12-31 01:00:00;1.1847280216760403;;;;;;;
2022-12-31 02:00:00;1.4118207671495486;;;;;;;
2022-12-31 03:00:00;1.926375514359626;;;;;;;
2022-12-31 04:00:00;1.469954125032495;;;;;;;
2022-12-31 05:00:00;2.05985864765239;;;;;;;
2022-12-31 06:00:00;2.503982595888898;;;;;;;
2022-12-31 07:00:00;3.0945578880228273;;;;;;;
2022-12-31 08:00:00;2.7946493853036283;;;;;;;
2022-12-31 09:00:00;3.303912506347437;;;;;;;
2022-12-31 10:00:00;2.6686192466112413;;;;;;;
2022-12-31 11:00:00;4.340027815691945;;;;;;;
2022-12-31 12:00:00;2.672569333749441;;;;;;;
2022-12-31 13:00:00;4.10391694675198;;;;;;;
2022-12-31 14:00:00;4.815230751412028;;;;;;;
2022-12-31 15:00:00;4.93544755431612;;;;;;;
2022-12-31 16:00:00;5.0298024659569025;;;;;;;
2022-12-31 17:00:00;4.884245481411525;;;;;;;
2022-12-31 18:00:00;5.276123937499385;;;;;;;
2022-12-31 19:00:00;5.262857607110713;;;;;;;
2022-12-31 20:00:00;4.841614352297365;;;;;;;
2022-12-31 21:00:00;4.332500291145565;;;;;;;
2022-12-31 22:00:00;4.231661274202455;;;;;;;
2022-12-31 23:00:00;3.990556898880235;;;;;;;
