Unnamed: 0;Demand;Import limit;Export limit;Import price;Export price;Import emission factor;Export emission factor;Generic production
2022-01-01 00:00:00;54.61014707411383;;;;;;;
2022-01-01 01:00:00;51.372067300142106;;;;;;;
2022-01-01 02:00:00;10.272136329385685;;;;;;;
2022-01-01 03:00:00;0.0;;;;;;;
2022-01-01 04:00:00;0.0;;;;;;;
2022-01-01 05:00:00;0.0;;;;;;;
2022-01-01 06:00:00;0.0;;;;;;;
2022-01-01 07:00:00;0.0;;;;;;;
2022-01-01 08:00:00;0.0;;;;;;;
2022-01-01 09:00:00;0.0;;;;;;;
2022-01-01 10:00:00;0.0;;;;;;;
2022-01-01 11:00:00;0.0;;;;;;;
2022-01-01 12:00:00;0.0;;;;;;;
2022-01-01 13:00:00;0.0;;;;;;;
2022-01-01 14:00:00;0.0;;;;;;;
2022-01-01 15:00:00;0.0;;;;;;;
2022-01-01 16:00:00;0.0;;;;;;;
2022-01-01 17:00:00;0.0;;;;;;;
2022-01-01 18:00:00;0.0;;;;;;;
2022-01-01 19:00:00;0.0;;;;;;;
2022-01-01 20:00:00;0.0;;;;;;;
2022-01-01 21:00:00;0.0;;;;;;;
2022-01-01 22:00:00;0.0;;;;;;;
2022-01-01 23:00:00;0.0;;;;;;;
2022-01-02 00:00:00;0.0;;;;;;;
2022-01-02 01:00:00;0.0;;;;;;;
2022-01-02 02:00:00;0.0;;;;;;;
2022-01-02 03:00:00;0.0;;;;;;;
2022-01-02 04:00:00;0.0;;;;;;;
2022-01-02 05:00:00;0.0;;;;;;;
2022-01-02 06:00:00;0.0;;;;;;;
2022-01-02 07:00:00;0.0;;;;;;;
2022-01-02 08:00:00;0.0;;;;;;;
2022-01-02 09:00:00;0.0;;;;;;;
2022-01-02 10:00:00;0.0;;;;;;;
2022-01-02 11:00:00;0.0;;;;;;;
2022-01-02 12:00:00;0.0;;;;;;;
2022-01-02 13:00:00;0.0;;;;;;;
2022-01-02 14:00:00;0.0;;;;;;;
2022-01-02 15:00:00;0.0;;;;;;;
2022-01-02 16:00:00;16.05832529257988;;;;;;;
2022-01-02 17:00:00;98.2058132293098;;;;;;;
2022-01-02 18:00:00;122.91723496428948;;;;;;;
2022-01-02 19:00:00;104.20832960356397;;;;;;;
2022-01-02 20:00:00;161.14114993326933;;;;;;;
2022-01-02 21:00:00;127.94741655409506;;;;;;;
2022-01-02 22:00:00;111.7228607245954;;;;;;;
2022-01-02 23:00:00;110.5615240967996;;;;;;;
2022-01-03 00:00:00;100.5580891832569;;;;;;;
2022-01-03 01:00:00;69.6779205371032;;;;;;;
2022-01-03 02:00:00;47.867563240970185;;;;;;;
2022-01-03 03:00:00;28.04969525723185;;;;;;;
2022-01-03 04:00:00;12.617580891404584;;;;;;;
2022-01-03 05:00:00;11.533666705461869;;;;;;;
2022-01-03 06:00:00;40.4919370891457;;;;;;;
2022-01-03 07:00:00;102.52780718922423;;;;;;;
2022-01-03 08:00:00;116.06534886029449;;;;;;;
2022-01-03 09:00:00;121.44393143843875;;;;;;;
2022-01-03 10:00:00;155.02249989623556;;;;;;;
2022-01-03 11:00:00;154.15946738263833;;;;;;;
2022-01-03 12:00:00;132.08040867066234;;;;;;;
2022-01-03 13:00:00;121.6488731962851;;;;;;;
2022-01-03 14:00:00;131.34034121177288;;;;;;;
2022-01-03 15:00:00;136.4547766353597;;;;;;;
2022-01-03 16:00:00;162.320703606207;;;;;;;
2022-01-03 17:00:00;207.06176647469957;;;;;;;
2022-01-03 18:00:00;194.7743695264918;;;;;;;
2022-01-03 19:00:00;191.4634215719525;;;;;;;
2022-01-03 20:00:00;173.38983566055055;;;;;;;
2022-01-03 21:00:00;156.23393339817153;;;;;;;
2022-01-03 22:00:00;164.1036968994699;;;;;;;
2022-01-03 23:00:00;99.57892300688007;;;;;;;
2022-01-04 00:00:00;106.61981095422225;;;;;;;
2022-01-04 01:00:00;81.01803113793245;;;;;;;
2022-01-04 02:00:00;50.299538767413075;;;;;;;
2022-01-04 03:00:00;44.474638583292354;;;;;;;
2022-01-04 04:00:00;26.84737027786682;;;;;;;
2022-01-04 05:00:00;30.51810487395854;;;;;;;
2022-01-04 06:00:00;22.948922617501427;;;;;;;
2022-01-04 07:00:00;116.66195708869151;;;;;;;
2022-01-04 08:00:00;150.15627171270702;;;;;;;
2022-01-04 09:00:00;172.39700670031732;;;;;;;
2022-01-04 10:00:00;170.9646915260359;;;;;;;
2022-01-04 11:00:00;184.49084754389247;;;;;;;
2022-01-04 12:00:00;186.0392963809535;;;;;;;
2022-01-04 13:00:00;178.18547279415424;;;;;;;
2022-01-04 14:00:00;178.3016064569338;;;;;;;
2022-01-04 15:00:00;178.08755617651656;;;;;;;
2022-01-04 16:00:00;182.43915283478657;;;;;;;
2022-01-04 17:00:00;183.1200148969649;;;;;;;
2022-01-04 18:00:00;166.51973251141365;;;;;;;
2022-01-04 19:00:00;142.5916437175354;;;;;;;
2022-01-04 20:00:00;107.25968466483128;;;;;;;
2022-01-04 21:00:00;84.4496670165368;;;;;;;
2022-01-04 22:00:00;74.85839274932941;;;;;;;
2022-01-04 23:00:00;30.23801780490191;;;;;;;
2022-01-05 00:00:00;4.6681178176104305;;;;;;;
2022-01-05 01:00:00;0.0;;;;;;;
2022-01-05 02:00:00;0.0;;;;;;;
2022-01-05 03:00:00;0.0;;;;;;;
2022-01-05 04:00:00;0.0;;;;;;;
2022-01-05 05:00:00;0.0;;;;;;;
2022-01-05 06:00:00;0.0;;;;;;;
2022-01-05 07:00:00;0.0;;;;;;;
2022-01-05 08:00:00;0.0;;;;;;;
2022-01-05 09:00:00;0.0;;;;;;;
2022-01-05 10:00:00;0.0;;;;;;;
2022-01-05 11:00:00;0.0;;;;;;;
2022-01-05 12:00:00;0.0;;;;;;;
2022-01-05 13:00:00;27.833367846171853;;;;;;;
2022-01-05 14:00:00;88.87413185537439;;;;;;;
2022-01-05 15:00:00;88.70106992652642;;;;;;;
2022-01-05 16:00:00;83.99424088798945;;;;;;;
2022-01-05 17:00:00;82.91488096333221;;;;;;;
2022-01-05 18:00:00;87.10252421532518;;;;;;;
2022-01-05 19:00:00;85.7430772216113;;;;;;;
2022-01-05 20:00:00;83.08111150025198;;;;;;;
2022-01-05 21:00:00;68.41866729166975;;;;;;;
2022-01-05 22:00:00;56.66867317514789;;;;;;;
2022-01-05 23:00:00;50.70714515246296;;;;;;;
2022-01-06 00:00:00;9.784830371840012;;;;;;;
2022-01-06 01:00:00;24.044222456657828;;;;;;;
2022-01-06 02:00:00;2.35227595394711;;;;;;;
2022-01-06 03:00:00;0.0;;;;;;;
2022-01-06 04:00:00;0.0;;;;;;;
2022-01-06 05:00:00;0.0;;;;;;;
2022-01-06 06:00:00;0.0;;;;;;;
2022-01-06 07:00:00;0.0;;;;;;;
2022-01-06 08:00:00;0.0;;;;;;;
2022-01-06 09:00:00;0.0;;;;;;;
2022-01-06 10:00:00;0.0;;;;;;;
2022-01-06 11:00:00;3.613806330023295;;;;;;;
2022-01-06 12:00:00;98.75687884485208;;;;;;;
2022-01-06 13:00:00;113.39427461636421;;;;;;;
2022-01-06 14:00:00;98.19670470673883;;;;;;;
2022-01-06 15:00:00;103.33163430611029;;;;;;;
2022-01-06 16:00:00;103.78250617337218;;;;;;;
2022-01-06 17:00:00;113.59693924356777;;;;;;;
2022-01-06 18:00:00;113.40338313893517;;;;;;;
2022-01-06 19:00:00;104.37228300984101;;;;;;;
2022-01-06 20:00:00;98.4358034242262;;;;;;;
2022-01-06 21:00:00;96.92378867744898;;;;;;;
2022-01-06 22:00:00;91.8161846457903;;;;;;;
2022-01-06 23:00:00;58.12148252521397;;;;;;;
2022-01-07 00:00:00;0.0;;;;;;;
2022-01-07 01:00:00;0.0;;;;;;;
2022-01-07 02:00:00;0.0;;;;;;;
2022-01-07 03:00:00;0.0;;;;;;;
2022-01-07 04:00:00;12.524218535052377;;;;;;;
2022-01-07 05:00:00;0.0;;;;;;;
2022-01-07 06:00:00;0.0;;;;;;;
2022-01-07 07:00:00;126.45817311374522;;;;;;;
2022-01-07 08:00:00;175.92883632720208;;;;;;;
2022-01-07 09:00:00;190.79849942427336;;;;;;;
2022-01-07 10:00:00;198.2515480179509;;;;;;;
2022-01-07 11:00:00;200.39660508340896;;;;;;;
2022-01-07 12:00:00;203.66656468637902;;;;;;;
2022-01-07 13:00:00;211.0012024866342;;;;;;;
2022-01-07 14:00:00;198.09442600360202;;;;;;;
2022-01-07 15:00:00;185.84346314567813;;;;;;;
2022-01-07 16:00:00;185.8685115827482;;;;;;;
2022-01-07 17:00:00;188.85155272473335;;;;;;;
2022-01-07 18:00:00;176.08823547219367;;;;;;;
2022-01-07 19:00:00;129.83971211820935;;;;;;;
2022-01-07 20:00:00;63.13116993923493;;;;;;;
2022-01-07 21:00:00;29.75754323928445;;;;;;;
2022-01-07 22:00:00;14.86738596642854;;;;;;;
2022-01-07 23:00:00;0.0;;;;;;;
2022-01-08 00:00:00;0.0;;;;;;;
2022-01-08 01:00:00;0.0;;;;;;;
2022-01-08 02:00:00;0.0;;;;;;;
2022-01-08 03:00:00;0.0;;;;;;;
2022-01-08 04:00:00;0.0;;;;;;;
2022-01-08 05:00:00;0.0;;;;;;;
2022-01-08 06:00:00;0.0;;;;;;;
2022-01-08 07:00:00;0.0;;;;;;;
2022-01-08 08:00:00;0.0;;;;;;;
2022-01-08 09:00:00;0.0;;;;;;;
2022-01-08 10:00:00;0.0;;;;;;;
2022-01-08 11:00:00;0.0;;;;;;;
2022-01-08 12:00:00;0.0;;;;;;;
2022-01-08 13:00:00;0.0;;;;;;;
2022-01-08 14:00:00;0.0;;;;;;;
2022-01-08 15:00:00;0.0;;;;;;;
2022-01-08 16:00:00;0.0;;;;;;;
2022-01-08 17:00:00;1033.7444436219378;;;;;;;
2022-01-08 18:00:00;414.1759069541821;;;;;;;
2022-01-08 19:00:00;1008.2132548555725;;;;;;;
2022-01-08 20:00:00;983.2650115337481;;;;;;;
2022-01-08 21:00:00;958.3395395183513;;;;;;;
2022-01-08 22:00:00;930.6086425511028;;;;;;;
2022-01-08 23:00:00;888.9029948293783;;;;;;;
2022-01-09 00:00:00;854.8416746753212;;;;;;;
2022-01-09 01:00:00;0.0;;;;;;;
2022-01-09 02:00:00;0.0;;;;;;;
2022-01-09 03:00:00;0.0;;;;;;;
2022-01-09 04:00:00;0.0;;;;;;;
2022-01-09 05:00:00;0.0;;;;;;;
2022-01-09 06:00:00;0.0;;;;;;;
2022-01-09 07:00:00;1041.8214260117252;;;;;;;
2022-01-09 08:00:00;196.56874847296842;;;;;;;
2022-01-09 09:00:00;132.97987527454342;;;;;;;
2022-01-09 10:00:00;147.8950809844694;;;;;;;
2022-01-09 11:00:00;114.2914640896025;;;;;;;
2022-01-09 12:00:00;107.9906436011498;;;;;;;
2022-01-09 13:00:00;108.88783307438808;;;;;;;
2022-01-09 14:00:00;114.98826606627995;;;;;;;
2022-01-09 15:00:00;123.98976349701853;;;;;;;
2022-01-09 16:00:00;126.62895791195045;;;;;;;
2022-01-09 17:00:00;133.18709416303244;;;;;;;
2022-01-09 18:00:00;153.64711298802254;;;;;;;
2022-01-09 19:00:00;152.30816017009332;;;;;;;
2022-01-09 20:00:00;188.4234521638989;;;;;;;
2022-01-09 21:00:00;169.80790915952556;;;;;;;
2022-01-09 22:00:00;1012.476043418776;;;;;;;
2022-01-09 23:00:00;83.98740949606123;;;;;;;
2022-01-10 00:00:00;36.14717182280389;;;;;;;
2022-01-10 01:00:00;72.62452758880463;;;;;;;
2022-01-10 02:00:00;66.23945326657064;;;;;;;
2022-01-10 03:00:00;74.72176491076522;;;;;;;
2022-01-10 04:00:00;74.9995748491791;;;;;;;
2022-01-10 05:00:00;1085.5628285280563;;;;;;;
2022-01-10 06:00:00;1112.1688229577928;;;;;;;
2022-01-10 07:00:00;1199.8998352305132;;;;;;;
2022-01-10 08:00:00;1205.7383981984904;;;;;;;
2022-01-10 09:00:00;1204.0009475180825;;;;;;;
2022-01-10 10:00:00;305.8254767114799;;;;;;;
2022-01-10 11:00:00;211.3655433894721;;;;;;;
2022-01-10 12:00:00;212.82290700082365;;;;;;;
2022-01-10 13:00:00;213.44228653564807;;;;;;;
2022-01-10 14:00:00;207.28037101640228;;;;;;;
2022-01-10 15:00:00;168.53954739152118;;;;;;;
2022-01-10 16:00:00;201.42131387264052;;;;;;;
2022-01-10 17:00:00;196.28183001198357;;;;;;;
2022-01-10 18:00:00;189.4276667773458;;;;;;;
2022-01-10 19:00:00;836.9707533911229;;;;;;;
2022-01-10 20:00:00;210.74160959336223;;;;;;;
2022-01-10 21:00:00;199.65653762451947;;;;;;;
2022-01-10 22:00:00;179.46066595408686;;;;;;;
2022-01-10 23:00:00;156.47530924630163;;;;;;;
2022-01-11 00:00:00;84.08077185241345;;;;;;;
2022-01-11 01:00:00;78.21488331672346;;;;;;;
2022-01-11 02:00:00;62.57782719304989;;;;;;;
2022-01-11 03:00:00;38.15104678841227;;;;;;;
2022-01-11 04:00:00;47.514607991345976;;;;;;;
2022-01-11 05:00:00;32.6950417684149;;;;;;;
2022-01-11 06:00:00;50.167465190134344;;;;;;;
2022-01-11 07:00:00;111.70464367945351;;;;;;;
2022-01-11 08:00:00;1184.520094869469;;;;;;;
2022-01-11 09:00:00;1174.1523190530886;;;;;;;
2022-01-11 10:00:00;499.65939128252137;;;;;;;
2022-01-11 11:00:00;1163.1355610035278;;;;;;;
2022-01-11 12:00:00;1167.2139019846688;;;;;;;
2022-01-11 13:00:00;1155.554993093857;;;;;;;
2022-01-11 14:00:00;1136.1811655854524;;;;;;;
2022-01-11 15:00:00;1139.5239933689893;;;;;;;
2022-01-11 16:00:00;297.3955390720683;;;;;;;
2022-01-11 17:00:00;151.05573831658808;;;;;;;
2022-01-11 18:00:00;159.63141231713485;;;;;;;
2022-01-11 19:00:00;143.0812268057238;;;;;;;
2022-01-11 20:00:00;108.35043024270222;;;;;;;
2022-01-11 21:00:00;28.038309604018163;;;;;;;
2022-01-11 22:00:00;20.30745107192674;;;;;;;
2022-01-11 23:00:00;8.9673404710975;;;;;;;
2022-01-12 00:00:00;0.0;;;;;;;
2022-01-12 01:00:00;0.0;;;;;;;
2022-01-12 02:00:00;0.0;;;;;;;
2022-01-12 03:00:00;0.0;;;;;;;
2022-01-12 04:00:00;0.0;;;;;;;
2022-01-12 05:00:00;0.0;;;;;;;
2022-01-12 06:00:00;0.0;;;;;;;
2022-01-12 07:00:00;0.0;;;;;;;
2022-01-12 08:00:00;0.0;;;;;;;
2022-01-12 09:00:00;0.0;;;;;;;
2022-01-12 10:00:00;0.0;;;;;;;
2022-01-12 11:00:00;0.0;;;;;;;
2022-01-12 12:00:00;0.0;;;;;;;
2022-01-12 13:00:00;0.0;;;;;;;
2022-01-12 14:00:00;0.0;;;;;;;
2022-01-12 15:00:00;0.0;;;;;;;
2022-01-12 16:00:00;0.0;;;;;;;
2022-01-12 17:00:00;0.0;;;;;;;
2022-01-12 18:00:00;0.0;;;;;;;
2022-01-12 19:00:00;0.0;;;;;;;
2022-01-12 20:00:00;0.0;;;;;;;
2022-01-12 21:00:00;0.0;;;;;;;
2022-01-12 22:00:00;0.0;;;;;;;
2022-01-12 23:00:00;0.0;;;;;;;
2022-01-13 00:00:00;0.0;;;;;;;
2022-01-13 01:00:00;0.0;;;;;;;
2022-01-13 02:00:00;0.0;;;;;;;
2022-01-13 03:00:00;0.0;;;;;;;
2022-01-13 04:00:00;0.0;;;;;;;
2022-01-13 05:00:00;0.0;;;;;;;
2022-01-13 06:00:00;0.0;;;;;;;
2022-01-13 07:00:00;0.0;;;;;;;
2022-01-13 08:00:00;0.0;;;;;;;
2022-01-13 09:00:00;0.0;;;;;;;
2022-01-13 10:00:00;0.0;;;;;;;
2022-01-13 11:00:00;0.0;;;;;;;
2022-01-13 12:00:00;0.0;;;;;;;
2022-01-13 13:00:00;0.0;;;;;;;
2022-01-13 14:00:00;0.0;;;;;;;
2022-01-13 15:00:00;0.0;;;;;;;
2022-01-13 16:00:00;898.1003254953921;;;;;;;
2022-01-13 17:00:00;0.0;;;;;;;
2022-01-13 18:00:00;110.52053574523038;;;;;;;
2022-01-13 19:00:00;221.3097729063037;;;;;;;
2022-01-13 20:00:00;894.9351139019881;;;;;;;
2022-01-13 21:00:00;890.9706294529833;;;;;;;
2022-01-13 22:00:00;895.3859857692499;;;;;;;
2022-01-13 23:00:00;879.2138039445331;;;;;;;
2022-01-14 00:00:00;0.0;;;;;;;
2022-01-14 01:00:00;733.0060767663318;;;;;;;
2022-01-14 02:00:00;905.5214942600714;;;;;;;
2022-01-14 03:00:00;865.632996791251;;;;;;;
2022-01-14 04:00:00;889.0077428389441;;;;;;;
2022-01-14 05:00:00;900.9786186278116;;;;;;;
2022-01-14 06:00:00;956.6886198023668;;;;;;;
2022-01-14 07:00:00;1005.8814730774102;;;;;;;
2022-01-14 08:00:00;1063.044283602032;;;;;;;
2022-01-14 09:00:00;1158.6974333808337;;;;;;;
2022-01-14 10:00:00;1174.7967470249826;;;;;;;
2022-01-14 11:00:00;1173.7242184922538;;;;;;;
2022-01-14 12:00:00;1158.5767454567688;;;;;;;
2022-01-14 13:00:00;1139.724380865551;;;;;;;
2022-01-14 14:00:00;1140.7240412177123;;;;;;;
2022-01-14 15:00:00;1156.0901187949003;;;;;;;
2022-01-14 16:00:00;1178.0530438440965;;;;;;;
2022-01-14 17:00:00;1186.938407612055;;;;;;;
2022-01-14 18:00:00;1226.307719294332;;;;;;;
2022-01-14 19:00:00;1178.6314350273517;;;;;;;
2022-01-14 20:00:00;1179.5400101538032;;;;;;;
2022-01-14 21:00:00;1132.150644347808;;;;;;;
2022-01-14 22:00:00;1104.1077804825045;;;;;;;
2022-01-14 23:00:00;1085.5969854876973;;;;;;;
2022-01-15 00:00:00;1075.163172882677;;;;;;;
2022-01-15 01:00:00;1044.9114922939189;;;;;;;
2022-01-15 02:00:00;1037.4242867406003;;;;;;;
2022-01-15 03:00:00;1024.5562214784948;;;;;;;
2022-01-15 04:00:00;1008.4774020101299;;;;;;;
2022-01-15 05:00:00;1018.2827265577547;;;;;;;
2022-01-15 06:00:00;1042.6594100882523;;;;;;;
2022-01-15 07:00:00;1072.3486394082545;;;;;;;
2022-01-15 08:00:00;1130.7684260476672;;;;;;;
2022-01-15 09:00:00;1148.589250457725;;;;;;;
2022-01-15 10:00:00;1136.9303415669126;;;;;;;
2022-01-15 11:00:00;1121.9081107167783;;;;;;;
2022-01-15 12:00:00;1126.6718680213828;;;;;;;
2022-01-15 13:00:00;1142.700590615608;;;;;;;
2022-01-15 14:00:00;1113.819742673777;;;;;;;
2022-01-15 15:00:00;1114.0155759090524;;;;;;;
2022-01-15 16:00:00;1112.7699854474752;;;;;;;
2022-01-15 17:00:00;1102.5433917309447;;;;;;;
2022-01-15 18:00:00;1104.1943114469286;;;;;;;
2022-01-15 19:00:00;1095.9533756508642;;;;;;;
2022-01-15 20:00:00;1050.1170129432153;;;;;;;
2022-01-15 21:00:00;1019.3552550904839;;;;;;;
2022-01-15 22:00:00;1006.7308428071509;;;;;;;
2022-01-15 23:00:00;988.8257645633116;;;;;;;
2022-01-16 00:00:00;939.8697328751128;;;;;;;
2022-01-16 01:00:00;872.9471404157215;;;;;;;
2022-01-16 02:00:00;848.805001341426;;;;;;;
2022-01-16 03:00:00;879.1500442865365;;;;;;;
2022-01-16 04:00:00;869.0646326698553;;;;;;;
2022-01-16 05:00:00;861.9440451500175;;;;;;;
2022-01-16 06:00:00;869.2331403374178;;;;;;;
2022-01-16 07:00:00;1006.2139341512498;;;;;;;
2022-01-16 08:00:00;1067.4072659135159;;;;;;;
2022-01-16 09:00:00;1111.6815170002471;;;;;;;
2022-01-16 10:00:00;1106.701432284582;;;;;;;
2022-01-16 11:00:00;1099.8131120903026;;;;;;;
2022-01-16 12:00:00;1111.242030786199;;;;;;;
2022-01-16 13:00:00;1115.6778812782502;;;;;;;
2022-01-16 14:00:00;1115.8213405087422;;;;;;;
2022-01-16 15:00:00;1127.361838606133;;;;;;;
2022-01-16 16:00:00;1119.8564160076724;;;;;;;
2022-01-16 17:00:00;1139.1710381193654;;;;;;;
2022-01-16 18:00:00;1144.5723920039375;;;;;;;
2022-01-16 19:00:00;1119.8085962641744;;;;;;;
2022-01-16 20:00:00;1074.40033411736;;;;;;;
2022-01-16 21:00:00;1033.1614981773969;;;;;;;
2022-01-16 22:00:00;1027.6462877606882;;;;;;;
2022-01-16 23:00:00;1047.8444365617638;;;;;;;
2022-01-17 00:00:00;1039.0023382760169;;;;;;;
2022-01-17 01:00:00;997.5471749249933;;;;;;;
2022-01-17 02:00:00;977.7065356348278;;;;;;;
2022-01-17 03:00:00;975.4612848210888;;;;;;;
2022-01-17 04:00:00;984.8817742900915;;;;;;;
2022-01-17 05:00:00;991.521887244312;;;;;;;
2022-01-17 06:00:00;1023.7819970599636;;;;;;;
2022-01-17 07:00:00;1064.1578004863302;;;;;;;
2022-01-17 08:00:00;1150.3062069623488;;;;;;;
2022-01-17 09:00:00;1170.351788010361;;;;;;;
2022-01-17 10:00:00;1181.502896767843;;;;;;;
2022-01-17 11:00:00;1181.9332744593198;;;;;;;
2022-01-17 12:00:00;1174.8718923361935;;;;;;;
2022-01-17 13:00:00;1177.4313871786294;;;;;;;
2022-01-17 14:00:00;1180.8334203588784;;;;;;;
2022-01-17 15:00:00;1177.5406894494806;;;;;;;
2022-01-17 16:00:00;1189.1495014661532;;;;;;;
2022-01-17 17:00:00;1189.5001795851344;;;;;;;
2022-01-17 18:00:00;1186.305365293374;;;;;;;
2022-01-17 19:00:00;1161.2796995296976;;;;;;;
2022-01-17 20:00:00;1164.3743200731765;;;;;;;
2022-01-17 21:00:00;1120.6534117326303;;;;;;;
2022-01-17 22:00:00;1064.4583817311716;;;;;;;
2022-01-17 23:00:00;1015.0788037434243;;;;;;;
2022-01-18 00:00:00;1012.7310820507624;;;;;;;
2022-01-18 01:00:00;991.4399105411735;;;;;;;
2022-01-18 02:00:00;1000.9082197536734;;;;;;;
2022-01-18 03:00:00;1002.1629187378211;;;;;;;
2022-01-18 04:00:00;1023.5975494779025;;;;;;;
2022-01-18 05:00:00;34.682976819524136;;;;;;;
2022-01-18 06:00:00;73.45795740404628;;;;;;;
2022-01-18 07:00:00;166.8726877610378;;;;;;;
2022-01-18 08:00:00;195.38691766938797;;;;;;;
2022-01-18 09:00:00;208.59655252790418;;;;;;;
2022-01-18 10:00:00;174.0114923260177;;;;;;;
2022-01-18 11:00:00;164.8505957502876;;;;;;;
2022-01-18 12:00:00;165.66808565103008;;;;;;;
2022-01-18 13:00:00;137.8256092822873;;;;;;;
2022-01-18 14:00:00;149.3251190281081;;;;;;;
2022-01-18 15:00:00;169.77830646117;;;;;;;
2022-01-18 16:00:00;188.90164959887363;;;;;;;
2022-01-18 17:00:00;192.23764599048303;;;;;;;
2022-01-18 18:00:00;206.3330846690238;;;;;;;
2022-01-18 19:00:00;198.11264304874396;;;;;;;
2022-01-18 20:00:00;198.11264304874396;;;;;;;
2022-01-18 21:00:00;192.2626944275531;;;;;;;
2022-01-18 22:00:00;190.1586257136643;;;;;;;
2022-01-18 23:00:00;163.2862069987274;;;;;;;
2022-01-19 00:00:00;115.96060085072857;;;;;;;
2022-01-19 01:00:00;107.34849275989802;;;;;;;
2022-01-19 02:00:00;112.17828685314278;;;;;;;
2022-01-19 03:00:00;103.1881750756179;;;;;;;
2022-01-19 04:00:00;109.59602070427924;;;;;;;
2022-01-19 05:00:00;99.13488253154641;;;;;;;
2022-01-19 06:00:00;96.0835274702791;;;;;;;
2022-01-19 07:00:00;112.33313173684884;;;;;;;
2022-01-19 08:00:00;137.48403968587678;;;;;;;
2022-01-19 09:00:00;178.4678369938536;;;;;;;
2022-01-19 10:00:00;152.3309314765207;;;;;;;
2022-01-19 11:00:00;147.2392673593612;;;;;;;
2022-01-19 12:00:00;135.85589127631997;;;;;;;
2022-01-19 13:00:00;134.88127936122862;;;;;;;
2022-01-19 14:00:00;123.05613993349641;;;;;;;
2022-01-19 15:00:00;139.57216848526642;;;;;;;
2022-01-19 16:00:00;176.60514412809488;;;;;;;
2022-01-19 17:00:00;186.94331724611996;;;;;;;
2022-01-19 18:00:00;189.65082558033401;;;;;;;
2022-01-19 19:00:00;198.29936776144837;;;;;;;
2022-01-19 20:00:00;199.75445424215718;;;;;;;
2022-01-19 21:00:00;205.01690315752194;;;;;;;
2022-01-19 22:00:00;209.49146487049973;;;;;;;
2022-01-19 23:00:00;181.45087813583882;;;;;;;
2022-01-20 00:00:00;183.79859982850047;;;;;;;
2022-01-20 01:00:00;172.9845064061434;;;;;;;
2022-01-20 02:00:00;135.9128195423884;;;;;;;
2022-01-20 03:00:00;130.5570082706714;;;;;;;
2022-01-20 04:00:00;121.41888300136864;;;;;;;
2022-01-20 05:00:00;103.00828175484168;;;;;;;
2022-01-20 06:00:00;109.5390924382108;;;;;;;
2022-01-20 07:00:00;90.66395654056552;;;;;;;
2022-01-20 08:00:00;121.38017178044214;;;;;;;
2022-01-20 09:00:00;134.74237439202167;;;;;;;
2022-01-20 10:00:00;137.9599599902088;;;;;;;
2022-01-20 11:00:00;112.77944934282527;;;;;;;
2022-01-20 12:00:00;133.1688771178905;;;;;;;
2022-01-20 13:00:00;145.65893869330188;;;;;;;
2022-01-20 14:00:00;148.56683452407677;;;;;;;
2022-01-20 15:00:00;149.85569046786577;;;;;;;
2022-01-20 16:00:00;149.5186751327407;;;;;;;
2022-01-20 17:00:00;149.92172725650516;;;;;;;
2022-01-20 18:00:00;120.04121896251294;;;;;;;
2022-01-20 19:00:00;124.37915283692654;;;;;;;
2022-01-20 20:00:00;123.32256421869664;;;;;;;
2022-01-20 21:00:00;119.06888417806431;;;;;;;
2022-01-20 22:00:00;119.06660704742156;;;;;;;
2022-01-20 23:00:00;112.47886809798399;;;;;;;
2022-01-21 00:00:00;77.71846883660682;;;;;;;
2022-01-21 01:00:00;52.22371416052567;;;;;;;
2022-01-21 02:00:00;44.47691571393509;;;;;;;
2022-01-21 03:00:00;45.952496370428534;;;;;;;
2022-01-21 04:00:00;50.422503822120866;;;;;;;
2022-01-21 05:00:00;61.375502213684854;;;;;;;
2022-01-21 06:00:00;78.5769470889186;;;;;;;
2022-01-21 07:00:00;147.45331763977842;;;;;;;
2022-01-21 08:00:00;172.8979754417194;;;;;;;
2022-01-21 09:00:00;217.35439697986988;;;;;;;
2022-01-21 10:00:00;197.50920342841872;;;;;;;
2022-01-21 11:00:00;180.73585911401946;;;;;;;
2022-01-21 12:00:00;205.4108467587154;;;;;;;
2022-01-21 13:00:00;188.55097147989218;;;;;;;
2022-01-21 14:00:00;193.63580420512338;;;;;;;
2022-01-21 15:00:00;203.78042121851584;;;;;;;
2022-01-21 16:00:00;218.96432834428478;;;;;;;
2022-01-21 17:00:00;222.0225147974803;;;;;;;
2022-01-21 18:00:00;209.1817751030875;;;;;;;
2022-01-21 19:00:00;206.19873396110228;;;;;;;
2022-01-21 20:00:00;217.07430991081324;;;;;;;
2022-01-21 21:00:00;201.39854256621317;;;;;;;
2022-01-21 22:00:00;163.61866807256698;;;;;;;
2022-01-21 23:00:00;133.95676432027747;;;;;;;
2022-01-22 00:00:00;107.8175816723018;;;;;;;
2022-01-22 01:00:00;95.6508726481591;;;;;;;
2022-01-22 02:00:00;98.97092912526935;;;;;;;
2022-01-22 03:00:00;98.01225712467715;;;;;;;
2022-01-22 04:00:00;102.07465819131957;;;;;;;
2022-01-22 05:00:00;125.78186531285239;;;;;;;
2022-01-22 06:00:00;145.43122562902818;;;;;;;
2022-01-22 07:00:00;159.5904239655656;;;;;;;
2022-01-22 08:00:00;181.48958935676535;;;;;;;
2022-01-22 09:00:00;211.17881867676772;;;;;;;
2022-01-22 10:00:00;212.06462249679228;;;;;;;
2022-01-22 11:00:00;214.77213083100634;;;;;;;
2022-01-22 12:00:00;215.043109377492;;;;;;;
2022-01-22 13:00:00;218.70928971229827;;;;;;;
2022-01-22 14:00:00;245.42458641288633;;;;;;;
2022-01-22 15:00:00;248.17080596802694;;;;;;;
2022-01-22 16:00:00;233.52430167394388;;;;;;;
2022-01-22 17:00:00;219.49489978404245;;;;;;;
2022-01-22 18:00:00;230.9875781379351;;;;;;;
2022-01-22 19:00:00;184.90983958215602;;;;;;;
2022-01-22 20:00:00;174.12307172751184;;;;;;;
2022-01-22 21:00:00;147.46698042363485;;;;;;;
2022-01-22 22:00:00;125.49494685186755;;;;;;;
2022-01-22 23:00:00;146.61761069389408;;;;;;;
2022-01-23 00:00:00;144.35414283501368;;;;;;;
2022-01-23 01:00:00;135.62134682011808;;;;;;;
2022-01-23 02:00:00;137.72313840336415;;;;;;;
2022-01-23 03:00:00;146.61761069389408;;;;;;;
2022-01-23 04:00:00;165.36295014490335;;;;;;;
2022-01-23 05:00:00;166.7519998369728;;;;;;;
2022-01-23 06:00:00;181.65809702432787;;;;;;;
2022-01-23 07:00:00;225.2036663053836;;;;;;;
2022-01-23 08:00:00;1247.1366332834452;;;;;;;
2022-01-23 09:00:00;1265.6109941879693;;;;;;;
2022-01-23 10:00:00;246.67017687446338;;;;;;;
2022-01-23 11:00:00;251.90074596082985;;;;;;;
2022-01-23 12:00:00;286.59055417228217;;;;;;;
2022-01-23 13:00:00;288.77887671995217;;;;;;;
2022-01-23 14:00:00;276.01783659805517;;;;;;;
2022-01-23 15:00:00;285.31991527363505;;;;;;;
2022-01-23 16:00:00;276.443660028247;;;;;;;
2022-01-23 17:00:00;273.94109345187917;;;;;;;
2022-01-23 18:00:00;1042.030922030857;;;;;;;
2022-01-23 19:00:00;1280.6423335606746;;;;;;;
2022-01-23 20:00:00;1265.5836686202563;;;;;;;
2022-01-23 21:00:00;1248.4687547094463;;;;;;;
2022-01-23 22:00:00;1244.6204039232211;;;;;;;
2022-01-23 23:00:00;1222.0244365553442;;;;;;;
2022-01-24 00:00:00;1192.4991606416188;;;;;;;
2022-01-24 01:00:00;1177.219614028855;;;;;;;
2022-01-24 02:00:00;1192.1211569549246;;;;;;;
2022-01-24 03:00:00;1193.4555555115683;;;;;;;
2022-01-24 04:00:00;1206.1756072818955;;;;;;;
2022-01-24 05:00:00;1215.0586939192121;;;;;;;
2022-01-24 06:00:00;1239.3374608320719;;;;;;;
2022-01-24 07:00:00;1246.4808196583374;;;;;;;
2022-01-24 08:00:00;1264.6227194890212;;;;;;;
2022-01-24 09:00:00;1272.410506287181;;;;;;;
2022-01-24 10:00:00;1277.7321605992572;;;;;;;
2022-01-24 11:00:00;1278.813797654557;;;;;;;
2022-01-24 12:00:00;1285.4493563474923;;;;;;;
2022-01-24 13:00:00;1258.9868211482476;;;;;;;
2022-01-24 14:00:00;1250.1151201641455;;;;;;;
2022-01-24 15:00:00;1265.3309071189121;;;;;;;
2022-01-24 16:00:00;1274.765059371771;;;;;;;
2022-01-24 17:00:00;1280.8837094088046;;;;;;;
2022-01-24 18:00:00;1275.9810471349922;;;;;;;
2022-01-24 19:00:00;1277.6980036396158;;;;;;;
2022-01-24 20:00:00;1270.429402628;;;;;;;
2022-01-24 21:00:00;1263.821169502778;;;;;;;
2022-01-24 22:00:00;1241.7990390568702;;;;;;;
2022-01-24 23:00:00;1220.3712397087172;;;;;;;
2022-01-25 00:00:00;1241.9538839405764;;;;;;;
2022-01-25 01:00:00;1231.1807788697886;;;;;;;
2022-01-25 02:00:00;1192.4581722900496;;;;;;;
2022-01-25 03:00:00;1195.5095273513166;;;;;;;
2022-01-25 04:00:00;1199.4421319713233;;;;;;;
2022-01-25 05:00:00;1206.9020119569288;;;;;;;
2022-01-25 06:00:00;1219.9476934091679;;;;;;;
2022-01-25 07:00:00;1221.4915879849436;;;;;;;
2022-01-25 08:00:00;1245.0507816146985;;;;;;;
2022-01-25 09:00:00;943.4584907680663;;;;;;;
2022-01-25 10:00:00;400.50856883647583;;;;;;;
2022-01-25 11:00:00;222.63961720166202;;;;;;;
2022-01-25 12:00:00;213.8635557045544;;;;;;;
2022-01-25 13:00:00;212.75914734282702;;;;;;;
2022-01-25 14:00:00;205.40629249742992;;;;;;;
2022-01-25 15:00:00;229.19319919145846;;;;;;;
2022-01-25 16:00:00;179.40829194930393;;;;;;;
2022-01-25 17:00:00;172.67026237744574;;;;;;;
2022-01-25 18:00:00;148.62831705143066;;;;;;;
2022-01-25 19:00:00;176.04496998998164;;;;;;;
2022-01-25 20:00:00;160.2166348923182;;;;;;;
2022-01-25 21:00:00;102.7259175551423;;;;;;;
2022-01-25 22:00:00;49.9602463016453;;;;;;;
2022-01-25 23:00:00;0.0;;;;;;;
2022-01-26 00:00:00;0.0;;;;;;;
2022-01-26 01:00:00;0.0;;;;;;;
2022-01-26 02:00:00;0.0;;;;;;;
2022-01-26 03:00:00;0.0;;;;;;;
2022-01-26 04:00:00;0.0;;;;;;;
2022-01-26 05:00:00;0.0;;;;;;;
2022-01-26 06:00:00;0.0;;;;;;;
2022-01-26 07:00:00;0.0;;;;;;;
2022-01-26 08:00:00;0.0;;;;;;;
2022-01-26 09:00:00;0.0;;;;;;;
2022-01-26 10:00:00;0.0;;;;;;;
2022-01-26 11:00:00;0.0;;;;;;;
2022-01-26 12:00:00;0.0;;;;;;;
2022-01-26 13:00:00;0.0;;;;;;;
2022-01-26 14:00:00;0.0;;;;;;;
2022-01-26 15:00:00;0.0;;;;;;;
2022-01-26 16:00:00;0.0;;;;;;;
2022-01-26 17:00:00;0.0;;;;;;;
2022-01-26 18:00:00;0.0;;;;;;;
2022-01-26 19:00:00;0.0;;;;;;;
2022-01-26 20:00:00;0.0;;;;;;;
2022-01-26 21:00:00;0.0;;;;;;;
2022-01-26 22:00:00;0.0;;;;;;;
2022-01-26 23:00:00;0.0;;;;;;;
2022-01-27 00:00:00;0.0;;;;;;;
2022-01-27 01:00:00;0.0;;;;;;;
2022-01-27 02:00:00;0.0;;;;;;;
2022-01-27 03:00:00;0.0;;;;;;;
2022-01-27 04:00:00;0.0;;;;;;;
2022-01-27 05:00:00;0.0;;;;;;;
2022-01-27 06:00:00;0.0;;;;;;;
2022-01-27 07:00:00;0.0;;;;;;;
2022-01-27 08:00:00;0.0;;;;;;;
2022-01-27 09:00:00;0.0;;;;;;;
2022-01-27 10:00:00;0.0;;;;;;;
2022-01-27 11:00:00;0.0;;;;;;;
2022-01-27 12:00:00;0.0;;;;;;;
2022-01-27 13:00:00;0.0;;;;;;;
2022-01-27 14:00:00;0.0;;;;;;;
2022-01-27 15:00:00;868.0125983129107;;;;;;;
2022-01-27 16:00:00;883.957067073354;;;;;;;
2022-01-27 17:00:00;932.2140196542322;;;;;;;
2022-01-27 18:00:00;955.1219539201638;;;;;;;
2022-01-27 19:00:00;950.6382836846154;;;;;;;
2022-01-27 20:00:00;946.830921249959;;;;;;;
2022-01-27 21:00:00;933.8740478927873;;;;;;;
2022-01-27 22:00:00;887.0995073603307;;;;;;;
2022-01-27 23:00:00;869.0578012779271;;;;;;;
2022-01-28 00:00:00;876.342342204042;;;;;;;
2022-01-28 01:00:00;888.836958040739;;;;;;;
2022-01-28 02:00:00;836.6337380559978;;;;;;;
2022-01-28 03:00:00;804.7197520980416;;;;;;;
2022-01-28 04:00:00;793.9352613740402;;;;;;;
2022-01-28 05:00:00;824.6059340010621;;;;;;;
2022-01-28 06:00:00;925.6581605337929;;;;;;;
2022-01-28 07:00:00;1087.614523237162;;;;;;;
2022-01-28 08:00:00;1167.008960226823;;;;;;;
2022-01-28 09:00:00;1179.4284307523096;;;;;;;
2022-01-28 10:00:00;1190.119559119959;;;;;;;
2022-01-28 11:00:00;1166.6605592384842;;;;;;;
2022-01-28 12:00:00;1155.425196647221;;;;;;;
2022-01-28 13:00:00;1146.4168678245542;;;;;;;
2022-01-28 14:00:00;1143.7344079274103;;;;;;;
2022-01-28 15:00:00;1137.5223955340243;;;;;;;
2022-01-28 16:00:00;1142.8577126299565;;;;;;;
2022-01-28 17:00:00;1156.704944068439;;;;;;;
2022-01-28 18:00:00;1171.239868961028;;;;;;;
2022-01-28 19:00:00;1191.7545389214436;;;;;;;
2022-01-28 20:00:00;1194.8468823342805;;;;;;;
2022-01-28 21:00:00;1124.6634387944891;;;;;;;
2022-01-28 22:00:00;1087.855899085292;;;;;;;
2022-01-28 23:00:00;1028.4432834856464;;;;;;;
2022-01-29 00:00:00;983.2741200563196;;;;;;;
2022-01-29 01:00:00;986.2025100628788;;;;;;;
2022-01-29 02:00:00;1007.8716852591622;;;;;;;
2022-01-29 03:00:00;994.8988719874906;;;;;;;
2022-01-29 04:00:00;995.6571564915221;;;;;;;
2022-01-29 05:00:00;999.7628230403759;;;;;;;
2022-01-29 06:00:00;1078.2737333406556;;;;;;;
2022-01-29 07:00:00;1183.4748919044528;;;;;;;
2022-01-29 08:00:00;1204.4495422547016;;;;;;;
2022-01-29 09:00:00;1217.4883923150123;;;;;;;
2022-01-29 10:00:00;1218.7339827765895;;;;;;;
2022-01-29 11:00:00;1207.8697924800922;;;;;;;
2022-01-29 12:00:00;1189.160887119367;;;;;;;
2022-01-29 13:00:00;1173.608084829474;;;;;;;
2022-01-29 14:00:00;1177.9300787893887;;;;;;;
2022-01-29 15:00:00;1195.361513859539;;;;;;;
2022-01-29 16:00:00;1223.9554433403846;;;;;;;
2022-01-29 17:00:00;1234.5213295226838;;;;;;;
2022-01-29 18:00:00;1226.262176681477;;;;;;;
2022-01-29 19:00:00;1224.3083985900093;;;;;;;
2022-01-29 20:00:00;1220.624001210061;;;;;;;
2022-01-29 21:00:00;1206.6970701990826;;;;;;;
2022-01-29 22:00:00;1184.164862489202;;;;;;;
2022-01-29 23:00:00;1158.01201705737;;;;;;;
2022-01-30 00:00:00;1111.0553060734944;;;;;;;
2022-01-30 01:00:00;1124.5700764381374;;;;;;;
2022-01-30 02:00:00;1134.1385793989175;;;;;;;
2022-01-30 03:00:00;1113.4918358612229;;;;;;;
2022-01-30 04:00:00;1093.2230960102227;;;;;;;
2022-01-30 05:00:00;1093.2686386230775;;;;;;;
2022-01-30 06:00:00;1136.636591714;;;;;;;
2022-01-30 07:00:00;1205.1577298845925;;;;;;;
2022-01-30 08:00:00;1223.2427014492084;;;;;;;
2022-01-30 09:00:00;1225.5699289660856;;;;;;;
2022-01-30 10:00:00;1232.615371174713;;;;;;;
2022-01-30 11:00:00;1124.8638262910506;;;;;;;
2022-01-30 12:00:00;558.5505439649804;;;;;;;
2022-01-30 13:00:00;198.1718484454551;;;;;;;
2022-01-30 14:00:00;199.94345608550432;;;;;;;
2022-01-30 15:00:00;197.04011451601497;;;;;;;
2022-01-30 16:00:00;206.27615640295534;;;;;;;
2022-01-30 17:00:00;217.35667411051256;;;;;;;
2022-01-30 18:00:00;300.8362834732435;;;;;;;
2022-01-30 19:00:00;232.45632740250028;;;;;;;
2022-01-30 20:00:00;411.7166058600264;;;;;;;
2022-01-30 21:00:00;273.5425955894003;;;;;;;
2022-01-30 22:00:00;202.4164199635165;;;;;;;
2022-01-30 23:00:00;181.26415342313442;;;;;;;
2022-01-31 00:00:00;159.18964897244388;;;;;;;
2022-01-31 01:00:00;139.7816645043982;;;;;;;
2022-01-31 02:00:00;144.86649722962946;;;;;;;
2022-01-31 03:00:00;136.38190845479215;;;;;;;
2022-01-31 04:00:00;134.384864881112;;;;;;;
2022-01-31 05:00:00;142.53243832082424;;;;;;;
2022-01-31 06:00:00;149.88984742750682;;;;;;;
2022-01-31 07:00:00;197.97146094889425;;;;;;;
2022-01-31 08:00:00;228.04097108623364;;;;;;;
2022-01-31 09:00:00;276.34802054125197;;;;;;;
2022-01-31 10:00:00;268.25054397568;;;;;;;
2022-01-31 11:00:00;249.21600893304313;;;;;;;
2022-01-31 12:00:00;255.56692629563608;;;;;;;
2022-01-31 13:00:00;249.52114443916986;;;;;;;
2022-01-31 14:00:00;250.53902183647324;;;;;;;
2022-01-31 15:00:00;255.37792445228885;;;;;;;
2022-01-31 16:00:00;238.67744831845727;;;;;;;
2022-01-31 17:00:00;188.9563007342993;;;;;;;
2022-01-31 18:00:00;197.42039533335193;;;;;;;
2022-01-31 19:00:00;245.04885985683475;;;;;;;
2022-01-31 20:00:00;223.63472329253796;;;;;;;
2022-01-31 21:00:00;219.3309463777654;;;;;;;
2022-01-31 22:00:00;200.01404713542917;;;;;;;
2022-01-31 23:00:00;166.4673585066307;;;;;;;
2022-02-01 00:00:00;89.18609875342933;;;;;;;
2022-02-01 01:00:00;59.07560026452069;;;;;;;
2022-02-01 02:00:00;25.61544260014621;;;;;;;
2022-02-01 03:00:00;30.12416127276507;;;;;;;
2022-02-01 04:00:00;22.71665529194227;;;;;;;
2022-02-01 05:00:00;24.483708670706022;;;;;;;
2022-02-01 06:00:00;62.452585007699355;;;;;;;
2022-02-01 07:00:00;141.60792327987312;;;;;;;
2022-02-01 08:00:00;215.98584146358505;;;;;;;
2022-02-01 09:00:00;182.798939476339;;;;;;;
2022-02-01 10:00:00;190.12902301530875;;;;;;;
2022-02-01 11:00:00;197.0378373853722;;;;;;;
2022-02-01 12:00:00;197.8234474571164;;;;;;;
2022-02-01 13:00:00;193.95232536446383;;;;;;;
2022-02-01 14:00:00;204.2608957841333;;;;;;;
2022-02-01 15:00:00;201.52150762092094;;;;;;;
2022-02-01 16:00:00;193.7155037776192;;;;;;;
2022-02-01 17:00:00;196.36836097640756;;;;;;;
2022-02-01 18:00:00;196.60745969389492;;;;;;;
2022-02-01 19:00:00;206.7907879282139;;;;;;;
2022-02-01 20:00:00;207.53768677903156;;;;;;;
2022-02-01 21:00:00;197.97373807953701;;;;;;;
2022-02-01 22:00:00;188.4075122493997;;;;;;;
2022-02-01 23:00:00;173.88852727130993;;;;;;;
2022-02-02 00:00:00;113.84286935298336;;;;;;;
2022-02-02 01:00:00;91.11027414654194;;;;;;;
2022-02-02 02:00:00;83.92592696870734;;;;;;;
2022-02-02 03:00:00;27.730896967248697;;;;;;;
2022-02-02 04:00:00;29.094898222248037;;;;;;;
2022-02-02 05:00:00;34.49397497617698;;;;;;;
2022-02-02 06:00:00;29.891893947205915;;;;;;;
2022-02-02 07:00:00;1077.5814856252634;;;;;;;
2022-02-02 08:00:00;1106.0160159611175;;;;;;;
2022-02-02 09:00:00;1148.980916928276;;;;;;;
2022-02-02 10:00:00;144.61601285892837;;;;;;;
2022-02-02 11:00:00;147.94062359732416;;;;;;;
2022-02-02 12:00:00;163.11997646180762;;;;;;;
2022-02-02 13:00:00;161.3301517766165;;;;;;;
2022-02-02 14:00:00;114.58976820380101;;;;;;;
2022-02-02 15:00:00;95.47325645802565;;;;;;;
2022-02-02 16:00:00;1132.617456129569;;;;;;;
2022-02-02 17:00:00;1127.013437617794;;;;;;;
2022-02-02 18:00:00;1128.3501133050806;;;;;;;
2022-02-02 19:00:00;1127.3436215609906;;;;;;;
2022-02-02 20:00:00;1132.585576300571;;;;;;;
2022-02-02 21:00:00;1127.7990476895382;;;;;;;
2022-02-02 22:00:00;1126.5215773989628;;;;;;;
2022-02-02 23:00:00;1117.2422700298105;;;;;;;
2022-02-03 00:00:00;1081.315979879352;;;;;;;
2022-02-03 01:00:00;1042.5637706012571;;;;;;;
2022-02-03 02:00:00;976.7296465890938;;;;;;;
2022-02-03 03:00:00;928.6252617612789;;;;;;;
2022-02-03 04:00:00;907.2543906791935;;;;;;;
2022-02-03 05:00:00;888.0262995319246;;;;;;;
2022-02-03 06:00:00;870.2373549508646;;;;;;;
2022-02-03 07:00:00;863.1509243906678;;;;;;;
2022-02-03 08:00:00;905.8562324645538;;;;;;;
2022-02-03 09:00:00;962.237987178717;;;;;;;
2022-02-03 10:00:00;1007.6712977626013;;;;;;;
2022-02-03 11:00:00;1007.855745344663;;;;;;;
2022-02-03 12:00:00;1009.3199403479427;;;;;;;
2022-02-03 13:00:00;1002.5204282487307;;;;;;;
2022-02-03 14:00:00;1032.9383393744088;;;;;;;
2022-02-03 15:00:00;1037.9890151399993;;;;;;;
2022-02-03 16:00:00;1024.7975973266243;;;;;;;
2022-02-03 17:00:00;1032.7333976165626;;;;;;;
2022-02-03 18:00:00;1052.5284942938736;;;;;;;
2022-02-03 19:00:00;1063.9596901204122;;;;;;;
2022-02-03 20:00:00;1057.0873098406325;;;;;;;
2022-02-03 21:00:00;1030.483592541538;;;;;;;
2022-02-03 22:00:00;1004.9182468155324;;;;;;;
2022-02-03 23:00:00;972.9905980737199;;;;;;;
2022-02-04 00:00:00;953.1522359141964;;;;;;;
2022-02-04 01:00:00;974.3318280222919;;;;;;;
2022-02-04 02:00:00;976.1740267122658;;;;;;;
2022-02-04 03:00:00;971.1415679918172;;;;;;;
2022-02-04 04:00:00;969.8185550883874;;;;;;;
2022-02-04 05:00:00;985.4214542524202;;;;;;;
2022-02-04 06:00:00;1041.3910483202474;;;;;;;
2022-02-04 07:00:00;1101.6029367754943;;;;;;;
2022-02-04 08:00:00;1113.7742000609223;;;;;;;
2022-02-04 09:00:00;1129.6662948165824;;;;;;;
2022-02-04 10:00:00;1134.1932305343432;;;;;;;
2022-02-04 11:00:00;122.22726437954024;;;;;;;
2022-02-04 12:00:00;94.08192963531344;;;;;;;
2022-02-04 13:00:00;97.59326508641358;;;;;;;
2022-02-04 14:00:00;371.52069575443636;;;;;;;
2022-02-04 15:00:00;1140.990465502912;;;;;;;
2022-02-04 16:00:00;1133.207232966038;;;;;;;
2022-02-04 17:00:00;1126.5557343586038;;;;;;;
2022-02-04 18:00:00;1131.8318460578253;;;;;;;
2022-02-04 19:00:00;1138.667792247321;;;;;;;
2022-02-04 20:00:00;1127.8696387394627;;;;;;;
2022-02-04 21:00:00;1099.4419397955369;;;;;;;
2022-02-04 22:00:00;1032.2688629654442;;;;;;;
2022-02-04 23:00:00;1001.5572019868529;;;;;;;
2022-02-05 00:00:00;974.1610432240866;;;;;;;
2022-02-05 01:00:00;974.9193277281179;;;;;;;
2022-02-05 02:00:00;1001.8031320962688;;;;;;;
2022-02-05 03:00:00;1026.289117897617;;;;;;;
2022-02-05 04:00:00;1042.0331991614996;;;;;;;
2022-02-05 05:00:00;1049.9940478885073;;;;;;;
2022-02-05 06:00:00;1114.6326783132338;;;;;;;
2022-02-05 07:00:00;170.9237031744666;;;;;;;
2022-02-05 08:00:00;1188.386662700836;;;;;;;
2022-02-05 09:00:00;1190.957543196486;;;;;;;
2022-02-05 10:00:00;183.4251504030916;;;;;;;
2022-02-05 11:00:00;183.04714671639735;;;;;;;
2022-02-05 12:00:00;193.77015491304488;;;;;;;
2022-02-05 13:00:00;189.18856805985843;;;;;;;
2022-02-05 14:00:00;186.70877278991804;;;;;;;
2022-02-05 15:00:00;227.95216299116694;;;;;;;
2022-02-05 16:00:00;1236.8280628637758;;;;;;;
2022-02-05 17:00:00;1199.2963956101883;;;;;;;
2022-02-05 18:00:00;1201.5234293787848;;;;;;;
2022-02-05 19:00:00;1241.4551923298172;;;;;;;
2022-02-05 20:00:00;1229.5184735005907;;;;;;;
2022-02-05 21:00:00;1242.4571298126211;;;;;;;
2022-02-05 22:00:00;1235.8511738180418;;;;;;;
2022-02-05 23:00:00;1209.0151891933883;;;;;;;
2022-02-06 00:00:00;1172.9659339882223;;;;;;;
2022-02-06 01:00:00;1114.434567947316;;;;;;;
2022-02-06 02:00:00;1106.6877695007252;;;;;;;
2022-02-06 03:00:00;1092.0116625082865;;;;;;;
2022-02-06 04:00:00;1097.2490629865813;;;;;;;
2022-02-06 05:00:00;1101.5983825142087;;;;;;;
2022-02-06 06:00:00;1131.2056351310725;;;;;;;
2022-02-06 07:00:00;1212.5606816041295;;;;;;;
2022-02-06 08:00:00;1235.140709057508;;;;;;;
2022-02-06 09:00:00;1248.8262642203563;;;;;;;
2022-02-06 10:00:00;1254.4257284708458;;;;;;;
2022-02-06 11:00:00;1272.7520758835915;;;;;;;
2022-02-06 12:00:00;1253.5057676911804;;;;;;;
2022-02-06 13:00:00;1256.4364348283825;;;;;;;
2022-02-06 14:00:00;1257.0899713228475;;;;;;;
2022-02-06 15:00:00;1257.7116279883153;;;;;;;
2022-02-06 16:00:00;1249.9420582352973;;;;;;;
2022-02-06 17:00:00;1239.5059684996343;;;;;;;
2022-02-06 18:00:00;1248.5552856738702;;;;;;;
2022-02-06 19:00:00;1242.607420435042;;;;;;;
2022-02-06 20:00:00;1255.8899234741255;;;;;;;
2022-02-06 21:00:00;1246.5309165324775;;;;;;;
2022-02-06 22:00:00;1220.5921213810627;;;;;;;
2022-02-06 23:00:00;1160.9950581993553;;;;;;;
2022-02-07 00:00:00;1130.4519048883265;;;;;;;
2022-02-07 01:00:00;1081.1133152521481;;;;;;;
2022-02-07 02:00:00;1010.5040482821657;;;;;;;
2022-02-07 03:00:00;990.4493587115828;;;;;;;
2022-02-07 04:00:00;967.297771466878;;;;;;;
2022-02-07 05:00:00;950.2375086914938;;;;;;;
2022-02-07 06:00:00;990.2740196520922;;;;;;;
2022-02-07 07:00:00;1031.578892380695;;;;;;;
2022-02-07 08:00:00;1064.251162842682;;;;;;;
2022-02-07 09:00:00;1054.7669137156838;;;;;;;
2022-02-07 10:00:00;1049.6820809904523;;;;;;;
2022-02-07 11:00:00;28.51650703899289;;;;;;;
2022-02-07 12:00:00;17.56578577807164;;;;;;;
2022-02-07 13:00:00;46.23258343948516;;;;;;;
2022-02-07 14:00:00;52.011941010751144;;;;;;;
2022-02-07 15:00:00;62.311402907849676;;;;;;;
2022-02-07 16:00:00;1074.9559539941881;;;;;;;
2022-02-07 17:00:00;1085.9476636066786;;;;;;;
2022-02-07 18:00:00;1092.0685907743552;;;;;;;
2022-02-07 19:00:00;1102.668633916295;;;;;;;
2022-02-07 20:00:00;1100.9197975826733;;;;;;;
2022-02-07 21:00:00;1067.272915205594;;;;;;;
2022-02-07 22:00:00;1019.5624739789729;;;;;;;
2022-02-07 23:00:00;973.9629328581684;;;;;;;
2022-02-08 00:00:00;0.0;;;;;;;
2022-02-08 01:00:00;0.0;;;;;;;
2022-02-08 02:00:00;125.34693336008966;;;;;;;
2022-02-08 03:00:00;873.1702992187097;;;;;;;
2022-02-08 04:00:00;870.3944769652136;;;;;;;
2022-02-08 05:00:00;906.2091877141779;;;;;;;
2022-02-08 06:00:00;975.3815852485935;;;;;;;
2022-02-08 07:00:00;1075.4091029920926;;;;;;;
2022-02-08 08:00:00;1147.6328555877758;;;;;;;
2022-02-08 09:00:00;1151.840993015553;;;;;;;
2022-02-08 10:00:00;1161.6053292116085;;;;;;;
2022-02-08 11:00:00;137.6434388308683;;;;;;;
2022-02-08 12:00:00;134.50782993581979;;;;;;;
2022-02-08 13:00:00;139.75661606732808;;;;;;;
2022-02-08 14:00:00;135.0611726820048;;;;;;;
2022-02-08 15:00:00;112.42193983191561;;;;;;;
2022-02-08 16:00:00;1102.6754653082232;;;;;;;
2022-02-08 17:00:00;1075.926011647994;;;;;;;
2022-02-08 18:00:00;1084.852363767522;;;;;;;
2022-02-08 19:00:00;1075.113076008537;;;;;;;
2022-02-08 20:00:00;1051.1986499985153;;;;;;;
2022-02-08 21:00:00;996.7387935468221;;;;;;;
2022-02-08 22:00:00;977.5699077962638;;;;;;;
2022-02-08 23:00:00;921.2223100417414;;;;;;;
2022-02-09 00:00:00;866.065651613371;;;;;;;
2022-02-09 01:00:00;831.3485178342057;;;;;;;
2022-02-09 02:00:00;826.4299156458943;;;;;;;
2022-02-09 03:00:00;812.2707173093568;;;;;;;
2022-02-09 04:00:00;781.1264015086458;;;;;;;
2022-02-09 05:00:00;772.6941867385914;;;;;;;
2022-02-09 06:00:00;768.5498089688103;;;;;;;
2022-02-09 07:00:00;818.740045465372;;;;;;;
2022-02-09 08:00:00;874.0492716468061;;;;;;;
2022-02-09 09:00:00;913.5825367353597;;;;;;;
2022-02-09 10:00:00;932.9882440727625;;;;;;;
2022-02-09 11:00:00;926.669206539168;;;;;;;
2022-02-09 12:00:00;924.1484229176584;;;;;;;
2022-02-09 13:00:00;926.7830630713047;;;;;;;
2022-02-09 14:00:00;916.7955680722614;;;;;;;
2022-02-09 15:00:00;898.0115174003256;;;;;;;
2022-02-09 16:00:00;872.3300380115398;;;;;;;
2022-02-09 17:00:00;917.2168372411676;;;;;;;
2022-02-09 18:00:00;917.8202768614924;;;;;;;
2022-02-09 19:00:00;921.5798195526513;;;;;;;
2022-02-09 20:00:00;917.4308875215846;;;;;;;
2022-02-09 21:00:00;890.8954841417731;;;;;;;
2022-02-09 22:00:00;869.0555241472842;;;;;;;
2022-02-09 23:00:00;874.1107541741601;;;;;;;
2022-02-10 00:00:00;877.6767407606858;;;;;;;
2022-02-10 01:00:00;847.370409036502;;;;;;;
2022-02-10 02:00:00;842.8184248816711;;;;;;;
2022-02-10 03:00:00;833.3364528853149;;;;;;;
2022-02-10 04:00:00;822.643047387023;;;;;;;
2022-02-10 05:00:00;819.7852484303883;;;;;;;
2022-02-10 06:00:00;821.3769627496613;;;;;;;
2022-02-10 07:00:00;856.3149782011717;;;;;;;
2022-02-10 08:00:00;866.334353029214;;;;;;;
2022-02-10 09:00:00;875.5817805693678;;;;;;;
2022-02-10 10:00:00;902.3107400538121;;;;;;;
2022-02-10 11:00:00;911.250754957197;;;;;;;
2022-02-10 12:00:00;904.3783746774176;;;;;;;
2022-02-10 13:00:00;906.7784703748619;;;;;;;
2022-02-10 14:00:00;895.2630207145421;;;;;;;
2022-02-10 15:00:00;897.0915566206597;;;;;;;
2022-02-10 16:00:00;870.4013083571417;;;;;;;
2022-02-10 17:00:00;876.1100748784829;;;;;;;
2022-02-10 18:00:00;879.8331834793576;;;;;;;
2022-02-10 19:00:00;889.5724712383429;;;;;;;
2022-02-10 20:00:00;884.4033846793303;;;;;;;
2022-02-10 21:00:00;879.7033870327217;;;;;;;
2022-02-10 22:00:00;858.2482621168552;;;;;;;
2022-02-10 23:00:00;835.3471592428515;;;;;;;
2022-02-11 00:00:00;816.4469749081362;;;;;;;
2022-02-11 01:00:00;895.2288637549008;;;;;;;
2022-02-11 02:00:00;910.2101062534665;;;;;;;
2022-02-11 03:00:00;910.9661136268551;;;;;;;
2022-02-11 04:00:00;931.141491121503;;;;;;;
2022-02-11 05:00:00;953.6349876104571;;;;;;;
2022-02-11 06:00:00;1013.746682317423;;;;;;;
2022-02-11 07:00:00;1088.3614220879795;;;;;;;
2022-02-11 08:00:00;1147.7216636828425;;;;;;;
2022-02-11 09:00:00;1174.3982491625038;;;;;;;
2022-02-11 10:00:00;1187.1456265005443;;;;;;;
2022-02-11 11:00:00;1203.9417421213711;;;;;;;
2022-02-11 12:00:00;1209.167756946452;;;;;;;
2022-02-11 13:00:00;1194.4893728233708;;;;;;;
2022-02-11 14:00:00;1179.316851350815;;;;;;;
2022-02-11 15:00:00;1187.4985817501688;;;;;;;
2022-02-11 16:00:00;1186.1687374548098;;;;;;;
2022-02-11 17:00:00;1190.5658767259354;;;;;;;
2022-02-11 18:00:00;1211.091932339565;;;;;;;
2022-02-11 19:00:00;1244.353979638021;;;;;;;
2022-02-11 20:00:00;1240.3758324051598;;;;;;;
2022-02-11 21:00:00;1215.8192555538865;;;;;;;
2022-02-11 22:00:00;1202.0517236878995;;;;;;;
2022-02-11 23:00:00;1178.1828402907327;;;;;;;
2022-02-12 00:00:00;1134.4323292518307;;;;;;;
2022-02-12 01:00:00;1177.9847299248145;;;;;;;
2022-02-12 02:00:00;1157.804798168881;;;;;;;
2022-02-12 03:00:00;1161.1795057814168;;;;;;;
2022-02-12 04:00:00;1158.809012782328;;;;;;;
2022-02-12 05:00:00;1168.3661300898943;;;;;;;
2022-02-12 06:00:00;1190.167378863456;;;;;;;
2022-02-12 07:00:00;1208.9537066660348;;;;;;;
2022-02-12 08:00:00;1219.2941569147026;;;;;;;
2022-02-12 09:00:00;1249.9079012756563;;;;;;;
2022-02-12 10:00:00;1242.803253670317;;;;;;;
2022-02-12 11:00:00;1235.9217648679664;;;;;;;
2022-02-12 12:00:00;1201.0179063760972;;;;;;;
2022-02-12 13:00:00;1180.0887986387033;;;;;;;
2022-02-12 14:00:00;1169.7232999529656;;;;;;;
2022-02-12 15:00:00;1137.3675506503182;;;;;;;
2022-02-12 16:00:00;1197.7729952101968;;;;;;;
2022-02-12 17:00:00;1213.8358747640625;;;;;;;
2022-02-12 18:00:00;1211.31281401191;;;;;;;
2022-02-12 19:00:00;1228.3525826115097;;;;;;;
2022-02-12 20:00:00;1218.2648938641855;;;;;;;
2022-02-12 21:00:00;1185.4901525232747;;;;;;;
2022-02-12 22:00:00;1174.3231038512938;;;;;;;
2022-02-12 23:00:00;1176.6321143230289;;;;;;;
2022-02-13 00:00:00;1130.2720115675504;;;;;;;
2022-02-13 01:00:00;1050.722729694183;;;;;;;
2022-02-13 02:00:00;1012.7743475329745;;;;;;;
2022-02-13 03:00:00;971.5856084671514;;;;;;;
2022-02-13 04:00:00;961.397725971547;;;;;;;
2022-02-13 05:00:00;985.4282856443476;;;;;;;
2022-02-13 06:00:00;1027.7555900315394;;;;;;;
2022-02-13 07:00:00;1119.0639745439998;;;;;;;
2022-02-13 08:00:00;1189.1358386822965;;;;;;;
2022-02-13 09:00:00;1211.8479397129533;;;;;;;
2022-02-13 10:00:00;1210.2471168711093;;;;;;;
2022-02-13 11:00:00;1196.3179087294882;;;;;;;
2022-02-13 12:00:00;1203.9622362971559;;;;;;;
2022-02-13 13:00:00;1218.6041863299533;;;;;;;
2022-02-13 14:00:00;1198.9753201895624;;;;;;;
2022-02-13 15:00:00;1185.0666062237258;;;;;;;
2022-02-13 16:00:00;1186.3144738159451;;;;;;;
2022-02-13 17:00:00;1193.330313326218;;;;;;;
2022-02-13 18:00:00;1187.3847252180321;;;;;;;
2022-02-13 19:00:00;1203.85748828759;;;;;;;
2022-02-13 20:00:00;1202.7667427097188;;;;;;;
2022-02-13 21:00:00;1194.8878706858493;;;;;;;
2022-02-13 22:00:00;1054.1839682711434;;;;;;;
2022-02-13 23:00:00;351.6618394191288;;;;;;;
2022-02-14 00:00:00;56.299778011024536;;;;;;;
2022-02-14 01:00:00;79.32384593973629;;;;;;;
2022-02-14 02:00:00;85.17607169156983;;;;;;;
2022-02-14 03:00:00;82.36836960907537;;;;;;;
2022-02-14 04:00:00;85.12142055614416;;;;;;;
2022-02-14 05:00:00;91.39263834624126;;;;;;;
2022-02-14 06:00:00;137.1584100039654;;;;;;;
2022-02-14 07:00:00;303.39350118503694;;;;;;;
2022-02-14 08:00:00;589.2439878984297;;;;;;;
2022-02-14 09:00:00;210.61636740801166;;;;;;;
2022-02-14 10:00:00;196.9399207677345;;;;;;;
2022-02-14 11:00:00;184.91894810472692;;;;;;;
2022-02-14 12:00:00;177.4385739433366;;;;;;;
2022-02-14 13:00:00;159.06668391773613;;;;;;;
2022-02-14 14:00:00;151.00564144244788;;;;;;;
2022-02-14 15:00:00;155.3458524475042;;;;;;;
2022-02-14 16:00:00;168.81963446057784;;;;;;;
2022-02-14 17:00:00;173.56289758939857;;;;;;;
2022-02-14 18:00:00;196.16341921856124;;;;;;;
2022-02-14 19:00:00;211.55909949410471;;;;;;;
2022-02-14 20:00:00;171.55674549314747;;;;;;;
2022-02-14 21:00:00;167.07307525759865;;;;;;;
2022-02-14 22:00:00;165.1785025628417;;;;;;;
2022-02-14 23:00:00;101.02034670373247;;;;;;;
2022-02-15 00:00:00;51.90263873989978;;;;;;;
2022-02-15 01:00:00;70.99865630989055;;;;;;;
2022-02-15 02:00:00;87.79704906135989;;;;;;;
2022-02-15 03:00:00;136.28626896779718;;;;;;;
2022-02-15 04:00:00;137.37018315373996;;;;;;;
2022-02-15 05:00:00;151.81174568997668;;;;;;;
2022-02-15 06:00:00;191.68202611365524;;;;;;;
2022-02-15 07:00:00;250.05627014021297;;;;;;;
2022-02-15 08:00:00;259.7682323314854;;;;;;;
2022-02-15 09:00:00;255.1570427799434;;;;;;;
2022-02-15 10:00:00;248.637617749788;;;;;;;
2022-02-15 11:00:00;236.53922264492738;;;;;;;
2022-02-15 12:00:00;223.3341420476967;;;;;;;
2022-02-15 13:00:00;204.2130760406358;;;;;;;
2022-02-15 14:00:00;193.87718005325348;;;;;;;
2022-02-15 15:00:00;198.02155782303447;;;;;;;
2022-02-15 16:00:00;197.63444561376926;;;;;;;
2022-02-15 17:00:00;212.37886652548997;;;;;;;
2022-02-15 18:00:00;220.08923088179677;;;;;;;
2022-02-15 19:00:00;223.91481036159453;;;;;;;
2022-02-15 20:00:00;226.7270667053745;;;;;;;
2022-02-15 21:00:00;187.48072007780587;;;;;;;
2022-02-15 22:00:00;136.7963462317702;;;;;;;
2022-02-15 23:00:00;68.32758206596029;;;;;;;
2022-02-16 00:00:00;37.26524296838766;;;;;;;
2022-02-16 01:00:00;22.520822056666905;;;;;;;
2022-02-16 02:00:00;0.0;;;;;;;
2022-02-16 03:00:00;0.0;;;;;;;
2022-02-16 04:00:00;0.0;;;;;;;
2022-02-16 05:00:00;0.0;;;;;;;
2022-02-16 06:00:00;954.3750550693462;;;;;;;
2022-02-16 07:00:00;1036.0170200033888;;;;;;;
2022-02-16 08:00:00;1058.2418150765;;;;;;;
2022-02-16 09:00:00;1069.6752880336815;;;;;;;
2022-02-16 10:00:00;1047.9787872696854;;;;;;;
2022-02-16 11:00:00;22.347760127818912;;;;;;;
2022-02-16 12:00:00;0.0;;;;;;;
2022-02-16 13:00:00;0.0;;;;;;;
2022-02-16 14:00:00;0.0;;;;;;;
2022-02-16 15:00:00;0.0;;;;;;;
2022-02-16 16:00:00;0.0;;;;;;;
2022-02-16 17:00:00;0.0;;;;;;;
2022-02-16 18:00:00;0.0;;;;;;;
2022-02-16 19:00:00;0.0;;;;;;;
2022-02-16 20:00:00;0.0;;;;;;;
2022-02-16 21:00:00;0.0;;;;;;;
2022-02-16 22:00:00;0.0;;;;;;;
2022-02-16 23:00:00;0.0;;;;;;;
2022-02-17 00:00:00;0.0;;;;;;;
2022-02-17 01:00:00;0.0;;;;;;;
2022-02-17 02:00:00;0.0;;;;;;;
2022-02-17 03:00:00;0.0;;;;;;;
2022-02-17 04:00:00;0.0;;;;;;;
2022-02-17 05:00:00;775.5246601275131;;;;;;;
2022-02-17 06:00:00;782.4585229346469;;;;;;;
2022-02-17 07:00:00;822.15801856012;;;;;;;
2022-02-17 08:00:00;831.2301070407834;;;;;;;
2022-02-17 09:00:00;0.0;;;;;;;
2022-02-17 10:00:00;0.0;;;;;;;
2022-02-17 11:00:00;0.0;;;;;;;
2022-02-17 12:00:00;791.4554661040999;;;;;;;
2022-02-17 13:00:00;778.9471874835466;;;;;;;
2022-02-17 14:00:00;755.1830520959455;;;;;;;
2022-02-17 15:00:00;0.0;;;;;;;
2022-02-17 16:00:00;0.0;;;;;;;
2022-02-17 17:00:00;807.4978514821805;;;;;;;
2022-02-17 18:00:00;120.37823429763797;;;;;;;
2022-02-17 19:00:00;368.69933088808557;;;;;;;
2022-02-17 20:00:00;611.5052170618245;;;;;;;
2022-02-17 21:00:00;0.0;;;;;;;
2022-02-17 22:00:00;0.0;;;;;;;
2022-02-17 23:00:00;0.0;;;;;;;
2022-02-18 00:00:00;0.0;;;;;;;
2022-02-18 01:00:00;0.0;;;;;;;
2022-02-18 02:00:00;0.0;;;;;;;
2022-02-18 03:00:00;0.0;;;;;;;
2022-02-18 04:00:00;0.0;;;;;;;
2022-02-18 05:00:00;0.0;;;;;;;
2022-02-18 06:00:00;0.0;;;;;;;
2022-02-18 07:00:00;0.0;;;;;;;
2022-02-18 08:00:00;0.0;;;;;;;
2022-02-18 09:00:00;0.0;;;;;;;
2022-02-18 10:00:00;0.0;;;;;;;
2022-02-18 11:00:00;0.0;;;;;;;
2022-02-18 12:00:00;0.0;;;;;;;
2022-02-18 13:00:00;0.0;;;;;;;
2022-02-18 14:00:00;0.0;;;;;;;
2022-02-18 15:00:00;0.0;;;;;;;
2022-02-18 16:00:00;61.86963956315874;;;;;;;
2022-02-18 17:00:00;114.200378863893;;;;;;;
2022-02-18 18:00:00;122.61209945816275;;;;;;;
2022-02-18 19:00:00;125.35148762137513;;;;;;;
2022-02-18 20:00:00;125.39247597294437;;;;;;;
2022-02-18 21:00:00;126.52648703302727;;;;;;;
2022-02-18 22:00:00;92.66555437553116;;;;;;;
2022-02-18 23:00:00;38.1715409641969;;;;;;;
2022-02-19 00:00:00;0.9609491312349279;;;;;;;
2022-02-19 01:00:00;0.0;;;;;;;
2022-02-19 02:00:00;0.0;;;;;;;
2022-02-19 03:00:00;0.0;;;;;;;
2022-02-19 04:00:00;0.0;;;;;;;
2022-02-19 05:00:00;0.0;;;;;;;
2022-02-19 06:00:00;0.0;;;;;;;
2022-02-19 07:00:00;0.0;;;;;;;
2022-02-19 08:00:00;0.0;;;;;;;
2022-02-19 09:00:00;0.0;;;;;;;
2022-02-19 10:00:00;0.0;;;;;;;
2022-02-19 11:00:00;0.0;;;;;;;
2022-02-19 12:00:00;0.0;;;;;;;
2022-02-19 13:00:00;0.0;;;;;;;
2022-02-19 14:00:00;0.0;;;;;;;
2022-02-19 15:00:00;0.0;;;;;;;
2022-02-19 16:00:00;0.0;;;;;;;
2022-02-19 17:00:00;0.0;;;;;;;
2022-02-19 18:00:00;0.0;;;;;;;
2022-02-19 19:00:00;0.0;;;;;;;
2022-02-19 20:00:00;0.0;;;;;;;
2022-02-19 21:00:00;0.0;;;;;;;
2022-02-19 22:00:00;0.0;;;;;;;
2022-02-19 23:00:00;0.0;;;;;;;
2022-02-20 00:00:00;0.0;;;;;;;
2022-02-20 01:00:00;0.0;;;;;;;
2022-02-20 02:00:00;0.0;;;;;;;
2022-02-20 03:00:00;0.0;;;;;;;
2022-02-20 04:00:00;0.0;;;;;;;
2022-02-20 05:00:00;0.0;;;;;;;
2022-02-20 06:00:00;0.0;;;;;;;
2022-02-20 07:00:00;0.0;;;;;;;
2022-02-20 08:00:00;0.0;;;;;;;
2022-02-20 09:00:00;0.0;;;;;;;
2022-02-20 10:00:00;0.0;;;;;;;
2022-02-20 11:00:00;0.0;;;;;;;
2022-02-20 12:00:00;0.0;;;;;;;
2022-02-20 13:00:00;0.0;;;;;;;
2022-02-20 14:00:00;0.0;;;;;;;
2022-02-20 15:00:00;0.0;;;;;;;
2022-02-20 16:00:00;0.0;;;;;;;
2022-02-20 17:00:00;35.02226928529192;;;;;;;
2022-02-20 18:00:00;124.72072243333704;;;;;;;
2022-02-20 19:00:00;131.54983723090467;;;;;;;
2022-02-20 20:00:00;81.22297289577877;;;;;;;
2022-02-20 21:00:00;74.6352339463412;;;;;;;
2022-02-20 22:00:00;64.28795230574521;;;;;;;
2022-02-20 23:00:00;19.30551358912255;;;;;;;
2022-02-21 00:00:00;0.0;;;;;;;
2022-02-21 01:00:00;0.0;;;;;;;
2022-02-21 02:00:00;0.0;;;;;;;
2022-02-21 03:00:00;0.0;;;;;;;
2022-02-21 04:00:00;0.0;;;;;;;
2022-02-21 05:00:00;0.0;;;;;;;
2022-02-21 06:00:00;0.0;;;;;;;
2022-02-21 07:00:00;0.0;;;;;;;
2022-02-21 08:00:00;0.0;;;;;;;
2022-02-21 09:00:00;0.0;;;;;;;
2022-02-21 10:00:00;0.0;;;;;;;
2022-02-21 11:00:00;91.87994430378697;;;;;;;
2022-02-21 12:00:00;114.82203552936015;;;;;;;
2022-02-21 13:00:00;93.62194924548061;;;;;;;
2022-02-21 14:00:00;103.5411303252421;;;;;;;
2022-02-21 15:00:00;114.35750087824188;;;;;;;
2022-02-21 16:00:00;72.69511863872947;;;;;;;
2022-02-21 17:00:00;68.07937482590198;;;;;;;
2022-02-21 18:00:00;108.06578891236012;;;;;;;
2022-02-21 19:00:00;102.25227438145308;;;;;;;
2022-02-21 20:00:00;97.3154551479997;;;;;;;
2022-02-21 21:00:00;98.53599717250658;;;;;;;
2022-02-21 22:00:00;86.23493744044245;;;;;;;
2022-02-21 23:00:00;46.617418518107684;;;;;;;
2022-02-22 00:00:00;0.0;;;;;;;
2022-02-22 01:00:00;0.0;;;;;;;
2022-02-22 02:00:00;0.0;;;;;;;
2022-02-22 03:00:00;2.224756637953849;;;;;;;
2022-02-22 04:00:00;14.63056437958391;;;;;;;
2022-02-22 05:00:00;54.90389692702688;;;;;;;
2022-02-22 06:00:00;117.21302270423382;;;;;;;
2022-02-22 07:00:00;197.6640483121248;;;;;;;
2022-02-22 08:00:00;232.80017412955357;;;;;;;
2022-02-22 09:00:00;239.3127677677808;;;;;;;
2022-02-22 10:00:00;237.5070031680905;;;;;;;
2022-02-22 11:00:00;256.215908528816;;;;;;;
2022-02-22 12:00:00;257.1791347906937;;;;;;;
2022-02-22 13:00:00;239.8433392075385;;;;;;;
2022-02-22 14:00:00;233.33985409188216;;;;;;;
2022-02-22 15:00:00;242.4597623160431;;;;;;;
2022-02-22 16:00:00;241.1777377641823;;;;;;;
2022-02-22 17:00:00;235.1979926963554;;;;;;;
2022-02-22 18:00:00;239.44028708377408;;;;;;;
2022-02-22 19:00:00;235.89707180367563;;;;;;;
2022-02-22 20:00:00;181.5920602356885;;;;;;;
2022-02-22 21:00:00;132.10773423837517;;;;;;;
2022-02-22 22:00:00;83.06517158575284;;;;;;;
2022-02-22 23:00:00;28.17721457322511;;;;;;;
2022-02-23 00:00:00;0.0;;;;;;;
2022-02-23 01:00:00;0.0;;;;;;;
2022-02-23 02:00:00;0.0;;;;;;;
2022-02-23 03:00:00;0.0;;;;;;;
2022-02-23 04:00:00;0.0;;;;;;;
2022-02-23 05:00:00;0.0;;;;;;;
2022-02-23 06:00:00;0.0;;;;;;;
2022-02-23 07:00:00;0.0;;;;;;;
2022-02-23 08:00:00;0.0;;;;;;;
2022-02-23 09:00:00;0.0;;;;;;;
2022-02-23 10:00:00;0.0;;;;;;;
2022-02-23 11:00:00;0.0;;;;;;;
2022-02-23 12:00:00;0.0;;;;;;;
2022-02-23 13:00:00;0.0;;;;;;;
2022-02-23 14:00:00;0.0;;;;;;;
2022-02-23 15:00:00;0.0;;;;;;;
2022-02-23 16:00:00;0.0;;;;;;;
2022-02-23 17:00:00;0.0;;;;;;;
2022-02-23 18:00:00;0.0;;;;;;;
2022-02-23 19:00:00;0.0;;;;;;;
2022-02-23 20:00:00;0.0;;;;;;;
2022-02-23 21:00:00;0.0;;;;;;;
2022-02-23 22:00:00;0.0;;;;;;;
2022-02-23 23:00:00;0.0;;;;;;;
2022-02-24 00:00:00;0.0;;;;;;;
2022-02-24 01:00:00;0.0;;;;;;;
2022-02-24 02:00:00;0.0;;;;;;;
2022-02-24 03:00:00;0.0;;;;;;;
2022-02-24 04:00:00;0.0;;;;;;;
2022-02-24 05:00:00;0.0;;;;;;;
2022-02-24 06:00:00;0.0;;;;;;;
2022-02-24 07:00:00;0.0;;;;;;;
2022-02-24 08:00:00;0.0;;;;;;;
2022-02-24 09:00:00;0.0;;;;;;;
2022-02-24 10:00:00;0.0;;;;;;;
2022-02-24 11:00:00;0.0;;;;;;;
2022-02-24 12:00:00;0.0;;;;;;;
2022-02-24 13:00:00;0.0;;;;;;;
2022-02-24 14:00:00;0.0;;;;;;;
2022-02-24 15:00:00;0.0;;;;;;;
2022-02-24 16:00:00;0.0;;;;;;;
2022-02-24 17:00:00;0.0;;;;;;;
2022-02-24 18:00:00;0.0;;;;;;;
2022-02-24 19:00:00;0.0;;;;;;;
2022-02-24 20:00:00;0.0;;;;;;;
2022-02-24 21:00:00;0.0;;;;;;;
2022-02-24 22:00:00;0.0;;;;;;;
2022-02-24 23:00:00;0.0;;;;;;;
2022-02-25 00:00:00;0.0;;;;;;;
2022-02-25 01:00:00;0.0;;;;;;;
2022-02-25 02:00:00;0.0;;;;;;;
2022-02-25 03:00:00;0.0;;;;;;;
2022-02-25 04:00:00;0.0;;;;;;;
2022-02-25 05:00:00;0.0;;;;;;;
2022-02-25 06:00:00;0.0;;;;;;;
2022-02-25 07:00:00;0.0;;;;;;;
2022-02-25 08:00:00;0.0;;;;;;;
2022-02-25 09:00:00;0.0;;;;;;;
2022-02-25 10:00:00;0.0;;;;;;;
2022-02-25 11:00:00;180.05955131312663;;;;;;;
2022-02-25 12:00:00;206.1919025691741;;;;;;;
2022-02-25 13:00:00;163.54579989199942;;;;;;;
2022-02-25 14:00:00;147.70835627176498;;;;;;;
2022-02-25 15:00:00;153.49226810431642;;;;;;;
2022-02-25 16:00:00;171.1719104145249;;;;;;;
2022-02-25 17:00:00;187.40557476659558;;;;;;;
2022-02-25 18:00:00;195.27306113725118;;;;;;;
2022-02-25 19:00:00;200.7017405895357;;;;;;;
2022-02-25 20:00:00;204.5933568579729;;;;;;;
2022-02-25 21:00:00;1211.1443063443478;;;;;;;
2022-02-25 22:00:00;1183.317769890104;;;;;;;
2022-02-25 23:00:00;1147.0977298867324;;;;;;;
2022-02-26 00:00:00;1074.6758669251317;;;;;;;
2022-02-26 01:00:00;1072.7152574417348;;;;;;;
2022-02-26 02:00:00;1074.3046946303655;;;;;;;
2022-02-26 03:00:00;1101.1588963001604;;;;;;;
2022-02-26 04:00:00;1101.4048264095754;;;;;;;
2022-02-26 05:00:00;1102.2450876167459;;;;;;;
2022-02-26 06:00:00;1150.1900732995691;;;;;;;
2022-02-26 07:00:00;1216.7961445996202;;;;;;;
2022-02-26 08:00:00;1233.0434717355474;;;;;;;
2022-02-26 09:00:00;1230.4042773206154;;;;;;;
2022-02-26 10:00:00;1207.3597152161187;;;;;;;
2022-02-26 11:00:00;1173.9063889436727;;;;;;;
2022-02-26 12:00:00;1129.5433297618747;;;;;;;
2022-02-26 13:00:00;1129.868959443786;;;;;;;
2022-02-26 14:00:00;1145.9637188266497;;;;;;;
2022-02-26 15:00:00;1133.6262250043017;;;;;;;
2022-02-26 16:00:00;1171.8501399732816;;;;;;;
2022-02-26 17:00:00;1175.2339561083884;;;;;;;
2022-02-26 18:00:00;1187.1456265005443;;;;;;;
2022-02-26 19:00:00;1202.0426151653282;;;;;;;
2022-02-26 20:00:00;1205.9205686499097;;;;;;;
2022-02-26 21:00:00;1213.9975510396969;;;;;;;
2022-02-26 22:00:00;1197.4929081411406;;;;;;;
2022-02-26 23:00:00;1184.8480016820226;;;;;;;
2022-02-27 00:00:00;1174.5212142172118;;;;;;;
2022-02-27 01:00:00;1158.1486448959342;;;;;;;
2022-02-27 02:00:00;1163.6456382675008;;;;;;;
2022-02-27 03:00:00;1147.899279872976;;;;;;;
2022-02-27 04:00:00;1152.7176883130064;;;;;;;
2022-02-27 05:00:00;1159.282655956017;;;;;;;
2022-02-27 06:00:00;1182.1518790010227;;;;;;;
2022-02-27 07:00:00;1209.9055472746988;;;;;;;
2022-02-27 08:00:00;1218.3286535221823;;;;;;;
2022-02-27 09:00:00;1211.1670776507744;;;;;;;
2022-02-27 10:00:00;1194.1136462673192;;;;;;;
2022-02-27 11:00:00;1186.608223668859;;;;;;;
2022-02-27 12:00:00;1171.4288708043753;;;;;;;
2022-02-27 13:00:00;1158.5904082406248;;;;;;;
2022-02-27 14:00:00;1142.6277224350404;;;;;;;
2022-02-27 15:00:00;1146.3212283375588;;;;;;;
2022-02-27 16:00:00;1166.544425575705;;;;;;;
2022-02-27 17:00:00;1175.2248475858175;;;;;;;
2022-02-27 18:00:00;1181.552993641983;;;;;;;
2022-02-27 19:00:00;1183.4293492915976;;;;;;;
2022-02-27 20:00:00;1186.5262469657202;;;;;;;
2022-02-27 21:00:00;1127.8036019508236;;;;;;;
2022-02-27 22:00:00;1103.2105910092664;;;;;;;
2022-02-27 23:00:00;1005.6605914050648;;;;;;;
2022-02-28 00:00:00;968.1835752869022;;;;;;;
2022-02-28 01:00:00;963.214876224451;;;;;;;
2022-02-28 02:00:00;925.0205639538265;;;;;;;
2022-02-28 03:00:00;0.0;;;;;;;
2022-02-28 04:00:00;0.0;;;;;;;
2022-02-28 05:00:00;924.7678024524829;;;;;;;
2022-02-28 06:00:00;948.618468804508;;;;;;;
2022-02-28 07:00:00;1019.0569509762854;;;;;;;
2022-02-28 08:00:00;1022.7618425320177;;;;;;;
2022-02-28 09:00:00;1021.1610196901743;;;;;;;
2022-02-28 10:00:00;1026.0864532704138;;;;;;;
2022-02-28 11:00:00;1011.5424198552537;;;;;;;
2022-02-28 12:00:00;995.8051699833;;;;;;;
2022-02-28 13:00:00;970.5540682859914;;;;;;;
2022-02-28 14:00:00;960.2158951679664;;;;;;;
2022-02-28 15:00:00;977.3581346464891;;;;;;;
2022-02-28 16:00:00;1005.797219243629;;;;;;;
2022-02-28 17:00:00;1002.7344785291477;;;;;;;
2022-02-28 18:00:00;1014.7349570163708;;;;;;;
2022-02-28 19:00:00;1001.8532289704087;;;;;;;
2022-02-28 20:00:00;956.9163328666409;;;;;;;
2022-02-28 21:00:00;953.9560630310829;;;;;;;
2022-02-28 22:00:00;949.9209875321537;;;;;;;
2022-02-28 23:00:00;927.3751170384164;;;;;;;
2022-03-01 00:00:00;925.5215326952286;;;;;;;
2022-03-01 01:00:00;942.9802933330916;;;;;;;
2022-03-01 02:00:00;964.9272784677888;;;;;;;
2022-03-01 03:00:00;976.1444240139106;;;;;;;
2022-03-01 04:00:00;980.022377498491;;;;;;;
2022-03-01 05:00:00;1010.1237674648288;;;;;;;
2022-03-01 06:00:00;1084.6929646225308;;;;;;;
2022-03-01 07:00:00;1145.018709609914;;;;;;;
2022-03-01 08:00:00;1149.930480406297;;;;;;;
2022-03-01 09:00:00;1174.4802258656425;;;;;;;
2022-03-01 10:00:00;1181.5279452049128;;;;;;;
2022-03-01 11:00:00;1193.5238694308505;;;;;;;
2022-03-01 12:00:00;1227.617069413905;;;;;;;
2022-03-01 13:00:00;1217.8481789565649;;;;;;;
2022-03-01 14:00:00;1182.4934485974334;;;;;;;
2022-03-01 15:00:00;1207.496343054683;;;;;;;
2022-03-01 16:00:00;1215.7782672023166;;;;;;;
2022-03-01 17:00:00;1216.374875430714;;;;;;;
2022-03-01 18:00:00;1218.435678662391;;;;;;;
2022-03-01 19:00:00;1200.551094594336;;;;;;;
2022-03-01 20:00:00;1207.951769183231;;;;;;;
2022-03-01 21:00:00;1189.2724665208605;;;;;;;
2022-03-01 22:00:00;1172.1621068713364;;;;;;;
2022-03-01 23:00:00;1162.418264851066;;;;;;;
2022-03-02 00:00:00;1146.1185637103556;;;;;;;
2022-03-02 01:00:00;1049.2676432134738;;;;;;;
2022-03-02 02:00:00;986.6465505382123;;;;;;;
2022-03-02 03:00:00;972.271024790615;;;;;;;
2022-03-02 04:00:00;975.9235423415647;;;;;;;
2022-03-02 05:00:00;978.2188900294435;;;;;;;
2022-03-02 06:00:00;974.2976710626504;;;;;;;
2022-03-02 07:00:00;966.5827524450583;;;;;;;
2022-03-02 08:00:00;979.0682597591845;;;;;;;
2022-03-02 09:00:00;985.1413671833633;;;;;;;
2022-03-02 10:00:00;984.8066289788812;;;;;;;
2022-03-02 11:00:00;973.1704913944961;;;;;;;
2022-03-02 12:00:00;962.8915236731822;;;;;;;
2022-03-02 13:00:00;947.9922578777555;;;;;;;
2022-03-02 14:00:00;941.9851872422154;;;;;;;
2022-03-02 15:00:00;926.0794297026993;;;;;;;
2022-03-02 16:00:00;944.5105251250108;;;;;;;
2022-03-02 17:00:00;951.9111997139053;;;;;;;
2022-03-02 18:00:00;953.8900262424437;;;;;;;
2022-03-02 19:00:00;963.1602250890251;;;;;;;
2022-03-02 20:00:00;969.6523245514677;;;;;;;
2022-03-02 21:00:00;948.9509298783476;;;;;;;
2022-03-02 22:00:00;933.9583017265684;;;;;;;
2022-03-02 23:00:00;872.0749993795533;;;;;;;
2022-03-03 00:00:00;860.8646852253601;;;;;;;
2022-03-03 01:00:00;844.9429877713444;;;;;;;
2022-03-03 02:00:00;834.4363069857569;;;;;;;
2022-03-03 03:00:00;813.8601544979872;;;;;;;
2022-03-03 04:00:00;797.1482927109419;;;;;;;
2022-03-03 05:00:00;802.2103541297456;;;;;;;
2022-03-03 06:00:00;799.3161210828273;;;;;;;
2022-03-03 07:00:00;816.3126242002144;;;;;;;
2022-03-03 08:00:00;822.019113590913;;;;;;;
2022-03-03 09:00:00;862.32888022864;;;;;;;
2022-03-03 10:00:00;892.9608416347352;;;;;;;
2022-03-03 11:00:00;914.8486213727213;;;;;;;
2022-03-03 12:00:00;915.7207624088894;;;;;;;
2022-03-03 13:00:00;916.0532234827291;;;;;;;
2022-03-03 14:00:00;909.5315213219309;;;;;;;
2022-03-03 15:00:00;891.136859989903;;;;;;;
2022-03-03 16:00:00;892.323245054769;;;;;;;
2022-03-03 17:00:00;880.4685029286812;;;;;;;
2022-03-03 18:00:00;894.0402015593924;;;;;;;
2022-03-03 19:00:00;892.6056092544684;;;;;;;
2022-03-03 20:00:00;898.0342887067528;;;;;;;
2022-03-03 21:00:00;899.2867105602581;;;;;;;
2022-03-03 22:00:00;893.6644750033406;;;;;;;
2022-03-03 23:00:00;862.1740353449337;;;;;;;
2022-03-04 00:00:00;847.1199246658008;;;;;;;
2022-03-04 01:00:00;793.0244091169452;;;;;;;
2022-03-04 02:00:00;769.8113393448866;;;;;;;
2022-03-04 03:00:00;785.0658375205803;;;;;;;
2022-03-04 04:00:00;778.077323578021;;;;;;;
2022-03-04 05:00:00;777.3759673400582;;;;;;;
2022-03-04 06:00:00;832.7284590037043;;;;;;;
2022-03-04 07:00:00;961.6960300857454;;;;;;;
2022-03-04 08:00:00;1029.0216746689016;;;;;;;
2022-03-04 09:00:00;1070.0669545042322;;;;;;;
2022-03-04 10:00:00;1098.934139662206;;;;;;;
2022-03-04 11:00:00;1098.175855158175;;;;;;;
2022-03-04 12:00:00;1079.2756708234594;;;;;;;
2022-03-04 13:00:00;1066.020493352089;;;;;;;
2022-03-04 14:00:00;1069.939435188239;;;;;;;
2022-03-04 15:00:00;1040.3526767471596;;;;;;;
2022-03-04 16:00:00;46.492176332757154;;;;;;;
2022-03-04 17:00:00;1048.768951602715;;;;;;;
2022-03-04 18:00:00;1060.6783448642284;;;;;;;
2022-03-04 19:00:00;1065.8998054280237;;;;;;;
2022-03-04 20:00:00;1082.9281883744097;;;;;;;
2022-03-04 21:00:00;1079.4783354506635;;;;;;;
2022-03-04 22:00:00;1052.963426246636;;;;;;;
2022-03-04 23:00:00;1028.45466913886;;;;;;;
2022-03-05 00:00:00;1009.0444075401714;;;;;;;
2022-03-05 01:00:00;993.1750840909391;;;;;;;
2022-03-05 02:00:00;976.1011585316985;;;;;;;
2022-03-05 03:00:00;988.0674800592803;;;;;;;
2022-03-05 04:00:00;972.8334760593709;;;;;;;
2022-03-05 05:00:00;991.28734278811;;;;;;;
2022-03-05 06:00:00;1029.8869843131415;;;;;;;
2022-03-05 07:00:00;1100.9311832358867;;;;;;;
2022-03-05 08:00:00;1174.352706549649;;;;;;;
2022-03-05 09:00:00;1265.230713370632;;;;;;;
2022-03-05 10:00:00;1220.6353868632748;;;;;;;
2022-03-05 11:00:00;1196.9896622690958;;;;;;;
2022-03-05 12:00:00;1201.6759971318481;;;;;;;
2022-03-05 13:00:00;1183.0695626500456;;;;;;;
2022-03-05 14:00:00;1167.4985433150116;;;;;;;
2022-03-05 15:00:00;1135.6050515328398;;;;;;;
2022-03-05 16:00:00;1116.4316115209963;;;;;;;
2022-03-05 17:00:00;1146.6719064565407;;;;;;;
2022-03-05 18:00:00;1161.62354625675;;;;;;;
2022-03-05 19:00:00;1175.0062430441146;;;;;;;
2022-03-05 20:00:00;1199.8178585273745;;;;;;;
2022-03-05 21:00:00;1186.6173321914298;;;;;;;
2022-03-05 22:00:00;1148.3501517402378;;;;;;;
2022-03-05 23:00:00;72.99342275292797;;;;;;;
2022-03-06 00:00:00;0.0;;;;;;;
2022-03-06 01:00:00;0.0;;;;;;;
2022-03-06 02:00:00;0.0;;;;;;;
2022-03-06 03:00:00;0.0;;;;;;;
2022-03-06 04:00:00;0.0;;;;;;;
2022-03-06 05:00:00;0.0;;;;;;;
2022-03-06 06:00:00;0.0;;;;;;;
2022-03-06 07:00:00;0.0;;;;;;;
2022-03-06 08:00:00;0.0;;;;;;;
2022-03-06 09:00:00;0.0;;;;;;;
2022-03-06 10:00:00;0.0;;;;;;;
2022-03-06 11:00:00;0.0;;;;;;;
2022-03-06 12:00:00;0.0;;;;;;;
2022-03-06 13:00:00;47.56925912677166;;;;;;;
2022-03-06 14:00:00;97.06952503858413;;;;;;;
2022-03-06 15:00:00;92.36497313068988;;;;;;;
2022-03-06 16:00:00;93.26671686521365;;;;;;;
2022-03-06 17:00:00;70.85519707939814;;;;;;;
2022-03-06 18:00:00;33.712919165718255;;;;;;;
2022-03-06 19:00:00;1057.1328524534874;;;;;;;
2022-03-06 20:00:00;1057.815991646308;;;;;;;
2022-03-06 21:00:00;1074.0132219080951;;;;;;;
2022-03-06 22:00:00;1040.3139655262328;;;;;;;
2022-03-06 23:00:00;1028.8212871723404;;;;;;;
2022-03-07 00:00:00;1009.4702309703636;;;;;;;
2022-03-07 01:00:00;1025.2712405003142;;;;;;;
2022-03-07 02:00:00;1013.3982813290844;;;;;;;
2022-03-07 03:00:00;1008.6572953309062;;;;;;;
2022-03-07 04:00:00;1021.534469115583;;;;;;;
2022-03-07 05:00:00;1040.0612040248893;;;;;;;
2022-03-07 06:00:00;1057.2079977646974;;;;;;;
2022-03-07 07:00:00;1087.0953374506175;;;;;;;
2022-03-07 08:00:00;1089.017235713088;;;;;;;
2022-03-07 09:00:00;1096.4384044777664;;;;;;;
2022-03-07 10:00:00;1082.9441282889088;;;;;;;
2022-03-07 11:00:00;1077.5154488366243;;;;;;;
2022-03-07 12:00:00;1079.0638976736855;;;;;;;
2022-03-07 13:00:00;1060.5849825078762;;;;;;;
2022-03-07 14:00:00;1082.5387990345016;;;;;;;
2022-03-07 15:00:00;1070.9072157114022;;;;;;;
2022-03-07 16:00:00;1054.5323692594818;;;;;;;
2022-03-07 17:00:00;1105.178031884591;;;;;;;
2022-03-07 18:00:00;1105.4581189536477;;;;;;;
2022-03-07 19:00:00;1028.2952699938678;;;;;;;
2022-03-07 20:00:00;1052.5444342083724;;;;;;;
2022-03-07 21:00:00;1059.3393920462993;;;;;;;
2022-03-07 22:00:00;1024.7771031508403;;;;;;;
2022-03-07 23:00:00;961.7370184373148;;;;;;;
2022-03-08 00:00:00;899.8514389596567;;;;;;;
2022-03-08 01:00:00;0.0;;;;;;;
2022-03-08 02:00:00;0.0;;;;;;;
2022-03-08 03:00:00;0.0;;;;;;;
2022-03-08 04:00:00;0.0;;;;;;;
2022-03-08 05:00:00;0.0;;;;;;;
2022-03-08 06:00:00;0.0;;;;;;;
2022-03-08 07:00:00;0.0;;;;;;;
2022-03-08 08:00:00;0.0;;;;;;;
2022-03-08 09:00:00;0.0;;;;;;;
2022-03-08 10:00:00;23.392963092835103;;;;;;;
2022-03-08 11:00:00;153.3533631351095;;;;;;;
2022-03-08 12:00:00;143.9784162789621;;;;;;;
2022-03-08 13:00:00;151.02613561823247;;;;;;;
2022-03-08 14:00:00;133.05274345511094;;;;;;;
2022-03-08 15:00:00;146.06199081706626;;;;;;;
2022-03-08 16:00:00;162.796623910539;;;;;;;
2022-03-08 17:00:00;199.69297171480332;;;;;;;
2022-03-08 18:00:00;207.89747342058394;;;;;;;
2022-03-08 19:00:00;208.9517849081711;;;;;;;
2022-03-08 20:00:00;197.73236223140685;;;;;;;
2022-03-08 21:00:00;107.2915644938296;;;;;;;
2022-03-08 22:00:00;28.120286307156693;;;;;;;
2022-03-08 23:00:00;0.0;;;;;;;
2022-03-09 00:00:00;0.0;;;;;;;
2022-03-09 01:00:00;0.0;;;;;;;
2022-03-09 02:00:00;0.0;;;;;;;
2022-03-09 03:00:00;0.0;;;;;;;
2022-03-09 04:00:00;0.0;;;;;;;
2022-03-09 05:00:00;0.0;;;;;;;
2022-03-09 06:00:00;0.0;;;;;;;
2022-03-09 07:00:00;0.0;;;;;;;
2022-03-09 08:00:00;0.0;;;;;;;
2022-03-09 09:00:00;0.0;;;;;;;
2022-03-09 10:00:00;0.0;;;;;;;
2022-03-09 11:00:00;0.0;;;;;;;
2022-03-09 12:00:00;0.0;;;;;;;
2022-03-09 13:00:00;0.0;;;;;;;
2022-03-09 14:00:00;0.0;;;;;;;
2022-03-09 15:00:00;0.0;;;;;;;
2022-03-09 16:00:00;0.0;;;;;;;
2022-03-09 17:00:00;853.5323245557474;;;;;;;
2022-03-09 18:00:00;891.2324994768979;;;;;;;
2022-03-09 19:00:00;882.5839572957836;;;;;;;
2022-03-09 20:00:00;899.7557994726618;;;;;;;
2022-03-09 21:00:00;882.1057598608089;;;;;;;
2022-03-09 22:00:00;873.1315879977832;;;;;;;
2022-03-09 23:00:00;859.7534454717045;;;;;;;
2022-03-10 00:00:00;0.0;;;;;;;
2022-03-10 01:00:00;0.0;;;;;;;
2022-03-10 02:00:00;0.0;;;;;;;
2022-03-10 03:00:00;0.0;;;;;;;
2022-03-10 04:00:00;0.0;;;;;;;
2022-03-10 05:00:00;0.0;;;;;;;
2022-03-10 06:00:00;0.0;;;;;;;
2022-03-10 07:00:00;0.0;;;;;;;
2022-03-10 08:00:00;0.0;;;;;;;
2022-03-10 09:00:00;0.0;;;;;;;
2022-03-10 10:00:00;0.0;;;;;;;
2022-03-10 11:00:00;0.0;;;;;;;
2022-03-10 12:00:00;0.0;;;;;;;
2022-03-10 13:00:00;0.0;;;;;;;
2022-03-10 14:00:00;0.0;;;;;;;
2022-03-10 15:00:00;0.0;;;;;;;
2022-03-10 16:00:00;0.0;;;;;;;
2022-03-10 17:00:00;0.0;;;;;;;
2022-03-10 18:00:00;0.0;;;;;;;
2022-03-10 19:00:00;0.0;;;;;;;
2022-03-10 20:00:00;0.0;;;;;;;
2022-03-10 21:00:00;0.0;;;;;;;
2022-03-10 22:00:00;0.0;;;;;;;
2022-03-10 23:00:00;0.0;;;;;;;
2022-03-11 00:00:00;0.0;;;;;;;
2022-03-11 01:00:00;0.0;;;;;;;
2022-03-11 02:00:00;0.0;;;;;;;
2022-03-11 03:00:00;0.0;;;;;;;
2022-03-11 04:00:00;0.0;;;;;;;
2022-03-11 05:00:00;0.0;;;;;;;
2022-03-11 06:00:00;0.0;;;;;;;
2022-03-11 07:00:00;0.0;;;;;;;
2022-03-11 08:00:00;0.0;;;;;;;
2022-03-11 09:00:00;0.0;;;;;;;
2022-03-11 10:00:00;0.0;;;;;;;
2022-03-11 11:00:00;0.0;;;;;;;
2022-03-11 12:00:00;0.0;;;;;;;
2022-03-11 13:00:00;0.0;;;;;;;
2022-03-11 14:00:00;0.0;;;;;;;
2022-03-11 15:00:00;0.0;;;;;;;
2022-03-11 16:00:00;0.0;;;;;;;
2022-03-11 17:00:00;977.3125920336342;;;;;;;
2022-03-11 18:00:00;987.1634591941139;;;;;;;
2022-03-11 19:00:00;988.4500380072598;;;;;;;
2022-03-11 20:00:00;994.3364207187346;;;;;;;
2022-03-11 21:00:00;984.2464548407678;;;;;;;
2022-03-11 22:00:00;979.6193253747267;;;;;;;
2022-03-11 23:00:00;976.8731058195859;;;;;;;
2022-03-12 00:00:00;958.3577565634932;;;;;;;
2022-03-12 01:00:00;0.0;;;;;;;
2022-03-12 02:00:00;0.0;;;;;;;
2022-03-12 03:00:00;0.0;;;;;;;
2022-03-12 04:00:00;99.44229516831587;;;;;;;
2022-03-12 05:00:00;909.0464924950279;;;;;;;
2022-03-12 06:00:00;948.3383817354513;;;;;;;
2022-03-12 07:00:00;1009.2425179060897;;;;;;;
2022-03-12 08:00:00;1015.684520494392;;;;;;;
2022-03-12 09:00:00;1029.0808800656127;;;;;;;
2022-03-12 10:00:00;1023.807045497034;;;;;;;
2022-03-12 11:00:00;1037.6201199758757;;;;;;;
2022-03-12 12:00:00;34.257153389332345;;;;;;;
2022-03-12 13:00:00;59.34202454972089;;;;;;;
2022-03-12 14:00:00;1057.629266933604;;;;;;;
2022-03-12 15:00:00;1066.573836098274;;;;;;;
2022-03-12 16:00:00;1071.8681648426366;;;;;;;
2022-03-12 17:00:00;1075.9237345173512;;;;;;;
2022-03-12 18:00:00;1076.0148197430608;;;;;;;
2022-03-12 19:00:00;1069.9121096205263;;;;;;;
2022-03-12 20:00:00;1091.091701728621;;;;;;;
2022-03-12 21:00:00;1091.629104560307;;;;;;;
2022-03-12 22:00:00;1060.364100835531;;;;;;;
2022-03-12 23:00:00;1020.530254502136;;;;;;;
2022-03-13 00:00:00;970.731684476125;;;;;;;
2022-03-13 01:00:00;927.8077718605363;;;;;;;
2022-03-13 02:00:00;912.3460547963537;;;;;;;
2022-03-13 03:00:00;892.8720335396685;;;;;;;
2022-03-13 04:00:00;905.4509032101465;;;;;;;
2022-03-13 05:00:00;907.9489155252288;;;;;;;
2022-03-13 06:00:00;917.0141726139638;;;;;;;
2022-03-13 07:00:00;995.8734839025814;;;;;;;
2022-03-13 08:00:00;1063.0898262148867;;;;;;;
2022-03-13 09:00:00;1102.9828779449924;;;;;;;
2022-03-13 10:00:00;1113.9723104268403;;;;;;;
2022-03-13 11:00:00;1132.8724947615558;;;;;;;
2022-03-13 12:00:00;1092.8974663283113;;;;;;;
2022-03-13 13:00:00;1136.798267989634;;;;;;;
2022-03-13 14:00:00;1123.950696903313;;;;;;;
2022-03-13 15:00:00;1104.6679546206176;;;;;;;
2022-03-13 16:00:00;1089.782351609047;;;;;;;
2022-03-13 17:00:00;1101.7350103527726;;;;;;;
2022-03-13 18:00:00;1122.429573633965;;;;;;;
2022-03-13 19:00:00;1078.8270760868409;;;;;;;
2022-03-13 20:00:00;1089.2540572999326;;;;;;;
2022-03-13 21:00:00;1088.3568678266943;;;;;;;
2022-03-13 22:00:00;1067.2820237281646;;;;;;;
2022-03-13 23:00:00;1014.0723119993345;;;;;;;
2022-03-14 00:00:00;981.2133168246427;;;;;;;
2022-03-14 01:00:00;956.6499085814406;;;;;;;
2022-03-14 02:00:00;920.4025430103565;;;;;;;
2022-03-14 03:00:00;926.7671231568057;;;;;;;
2022-03-14 04:00:00;894.9965964293419;;;;;;;
2022-03-14 05:00:00;880.5117684108932;;;;;;;
2022-03-14 06:00:00;907.4274526080422;;;;;;;
2022-03-14 07:00:00;945.6923559285913;;;;;;;
2022-03-14 08:00:00;1017.0758473171044;;;;;;;
2022-03-14 09:00:00;1052.1823704361775;;;;;;;
2022-03-14 10:00:00;1060.8331897479345;;;;;;;
2022-03-14 11:00:00;1064.2261144056117;;;;;;;
2022-03-14 12:00:00;1057.4174937838293;;;;;;;
2022-03-14 13:00:00;1041.3568913606068;;;;;;;
2022-03-14 14:00:00;1028.9192037899777;;;;;;;
2022-03-14 15:00:00;1012.2551617464304;;;;;;;
2022-03-14 16:00:00;1016.0966811407274;;;;;;;
2022-03-14 17:00:00;1029.2448334718897;;;;;;;
2022-03-14 18:00:00;1043.9414346401131;;;;;;;
2022-03-14 19:00:00;1035.0537937415113;;;;;;;
2022-03-14 20:00:00;1051.2806267016538;;;;;;;
2022-03-14 21:00:00;1054.3183189790645;;;;;;;
2022-03-14 22:00:00;1016.7365548513366;;;;;;;
2022-03-14 23:00:00;973.7534368390367;;;;;;;
2022-03-15 00:00:00;960.0792673294023;;;;;;;
2022-03-15 01:00:00;914.98069495;;;;;;;
2022-03-15 02:00:00;903.6747413088119;;;;;;;
2022-03-15 03:00:00;899.6442200711678;;;;;;;
2022-03-15 04:00:00;898.9633580089894;;;;;;;
2022-03-15 05:00:00;910.7270149093678;;;;;;;
2022-03-15 06:00:00;952.6307729970102;;;;;;;
2022-03-15 07:00:00;943.6679867871981;;;;;;;
2022-03-15 08:00:00;956.4540753461653;;;;;;;
2022-03-15 09:00:00;956.0464689611154;;;;;;;
2022-03-15 10:00:00;952.3370231440972;;;;;;;
2022-03-15 11:00:00;936.6521472769261;;;;;;;
2022-03-15 12:00:00;933.2683311418193;;;;;;;
2022-03-15 13:00:00;923.8501188034593;;;;;;;
2022-03-15 14:00:00;915.8596673780966;;;;;;;
2022-03-15 15:00:00;938.2985127316249;;;;;;;
2022-03-15 16:00:00;950.3217625252751;;;;;;;
2022-03-15 17:00:00;933.486935683522;;;;;;;
2022-03-15 18:00:00;935.6411012715508;;;;;;;
2022-03-15 19:00:00;923.8865528937437;;;;;;;
2022-03-15 20:00:00;931.2075279101425;;;;;;;
2022-03-15 21:00:00;930.3308326126889;;;;;;;
2022-03-15 22:00:00;920.2977950007905;;;;;;;
2022-03-15 23:00:00;906.8877726457132;;;;;;;
2022-03-16 00:00:00;884.4238788551149;;;;;;;
2022-03-16 01:00:00;836.2967227208728;;;;;;;
2022-03-16 02:00:00;802.5245981584434;;;;;;;
2022-03-16 03:00:00;804.1709636131422;;;;;;;
2022-03-16 04:00:00;809.2671819915871;;;;;;;
2022-03-16 05:00:00;813.6005616047152;;;;;;;
2022-03-16 06:00:00;806.404828773667;;;;;;;
2022-03-16 07:00:00;809.0349146660279;;;;;;;
2022-03-16 08:00:00;784.5124947743953;;;;;;;
2022-03-16 09:00:00;778.8242224288389;;;;;;;
2022-03-16 10:00:00;780.5070219738213;;;;;;;
2022-03-16 11:00:00;0.0;;;;;;;
2022-03-16 12:00:00;253.85224692165522;;;;;;;
2022-03-16 13:00:00;0.0;;;;;;;
2022-03-16 14:00:00;0.0;;;;;;;
2022-03-16 15:00:00;0.0;;;;;;;
2022-03-16 16:00:00;783.1234450823258;;;;;;;
2022-03-16 17:00:00;780.0128846243474;;;;;;;
2022-03-16 18:00:00;782.5108969394297;;;;;;;
2022-03-16 19:00:00;783.6039196479434;;;;;;;
2022-03-16 20:00:00;786.3273678966566;;;;;;;
2022-03-16 21:00:00;778.7877883385551;;;;;;;
2022-03-16 22:00:00;761.875539054949;;;;;;;
2022-03-16 23:00:00;750.1938588577091;;;;;;;
2022-03-17 00:00:00;764.4282025054569;;;;;;;
2022-03-17 01:00:00;757.8768976463031;;;;;;;
2022-03-17 02:00:00;740.1904239441665;;;;;;;
2022-03-17 03:00:00;735.8023931956126;;;;;;;
2022-03-17 04:00:00;744.5852860846483;;;;;;;
2022-03-17 05:00:00;765.5371651284695;;;;;;;
2022-03-17 06:00:00;793.7143797016947;;;;;;;
2022-03-17 07:00:00;821.4771564979418;;;;;;;
2022-03-17 08:00:00;822.0487162892687;;;;;;;
2022-03-17 09:00:00;845.1752550969036;;;;;;;
2022-03-17 10:00:00;0.0;;;;;;;
2022-03-17 11:00:00;0.0;;;;;;;
2022-03-17 12:00:00;0.0;;;;;;;
2022-03-17 13:00:00;0.0;;;;;;;
2022-03-17 14:00:00;0.0;;;;;;;
2022-03-17 15:00:00;0.0;;;;;;;
2022-03-17 16:00:00;0.0;;;;;;;
2022-03-17 17:00:00;850.4194869671264;;;;;;;
2022-03-17 18:00:00;849.3879467859667;;;;;;;
2022-03-17 19:00:00;869.0600784085699;;;;;;;
2022-03-17 20:00:00;875.7525653675732;;;;;;;
2022-03-17 21:00:00;858.9268470483912;;;;;;;
2022-03-17 22:00:00;862.6066901670538;;;;;;;
2022-03-17 23:00:00;856.651993536297;;;;;;;
2022-03-18 00:00:00;850.1735568577108;;;;;;;
2022-03-18 01:00:00;849.7340706436628;;;;;;;
2022-03-18 02:00:00;755.61115265678;;;;;;;
2022-03-18 03:00:00;870.7815891744788;;;;;;;
2022-03-18 04:00:00;880.3933576174708;;;;;;;
2022-03-18 05:00:00;898.8631642607087;;;;;;;
2022-03-18 06:00:00;938.2165360284864;;;;;;;
2022-03-18 07:00:00;1008.4250280053471;;;;;;;
2022-03-18 08:00:00;1052.7266046597915;;;;;;;
2022-03-18 09:00:00;1075.7187927595048;;;;;;;
2022-03-18 10:00:00;54.23897477934773;;;;;;;
2022-03-18 11:00:00;50.72991645889032;;;;;;;
2022-03-18 12:00:00;50.81872455395707;;;;;;;
2022-03-18 13:00:00;0.4850288269029375;;;;;;;
2022-03-18 14:00:00;0.9928289602332427;;;;;;;
2022-03-18 15:00:00;1019.5351484112597;;;;;;;
2022-03-18 16:00:00;1064.0393896929081;;;;;;;
2022-03-18 17:00:00;1052.585422559942;;;;;;;
2022-03-18 18:00:00;1069.2039219906349;;;;;;;
2022-03-18 19:00:00;1089.1105980694401;;;;;;;
2022-03-18 20:00:00;1101.878469583265;;;;;;;
2022-03-18 21:00:00;1094.8011475456387;;;;;;;
2022-03-18 22:00:00;1090.2241149537383;;;;;;;
2022-03-18 23:00:00;1083.7775581041503;;;;;;;
2022-03-19 00:00:00;1084.5107941711117;;;;;;;
2022-03-19 01:00:00;1064.6952033180162;;;;;;;
2022-03-19 02:00:00;1074.0929214805908;;;;;;;
2022-03-19 03:00:00;1083.7730038428651;;;;;;;
2022-03-19 04:00:00;1127.3641157367756;;;;;;;
2022-03-19 05:00:00;1153.5875522185324;;;;;;;
2022-03-19 06:00:00;1197.7729952101968;;;;;;;
2022-03-19 07:00:00;1227.0728351902917;;;;;;;
2022-03-19 08:00:00;1238.9708427985913;;;;;;;
2022-03-19 09:00:00;198.68647997071363;;;;;;;
2022-03-19 10:00:00;469.37127660347926;;;;;;;
2022-03-19 11:00:00;164.3769525765983;;;;;;;
2022-03-19 12:00:00;192.3423940000489;;;;;;;
2022-03-19 13:00:00;180.61061692866895;;;;;;;
2022-03-19 14:00:00;187.46933442459215;;;;;;;
2022-03-19 15:00:00;200.2759171593439;;;;;;;
2022-03-19 16:00:00;200.24859159163105;;;;;;;
2022-03-19 17:00:00;1202.3272564956708;;;;;;;
2022-03-19 18:00:00;1205.8272062935573;;;;;;;
2022-03-19 19:00:00;1214.8469207694375;;;;;;;
2022-03-19 20:00:00;1224.8253072459104;;;;;;;
2022-03-19 21:00:00;1222.7371784465204;;;;;;;
2022-03-19 22:00:00;1215.571048313828;;;;;;;
2022-03-19 23:00:00;1209.3977471413684;;;;;;;
2022-03-20 00:00:00;1221.4369368495181;;;;;;;
2022-03-20 01:00:00;1178.932016272193;;;;;;;
2022-03-20 02:00:00;1138.838577045526;;;;;;;
2022-03-20 03:00:00;1110.4518664531693;;;;;;;
2022-03-20 04:00:00;1106.4691649590225;;;;;;;
2022-03-20 05:00:00;1124.7454154976283;;;;;;;
2022-03-20 06:00:00;1143.0808714329448;;;;;;;
2022-03-20 07:00:00;1203.1925661399107;;;;;;;
2022-03-20 08:00:00;1196.3930540406984;;;;;;;
2022-03-20 09:00:00;553.9644028505085;;;;;;;
2022-03-20 10:00:00;189.21133936628584;;;;;;;
2022-03-20 11:00:00;191.3017452963182;;;;;;;
2022-03-20 12:00:00;174.39860453528294;;;;;;;
2022-03-20 13:00:00;170.75974976818955;;;;;;;
2022-03-20 14:00:00;137.73680118722055;;;;;;;
2022-03-20 15:00:00;142.2705682969095;;;;;;;
2022-03-20 16:00:00;173.9682268438057;;;;;;;
2022-03-20 17:00:00;198.5566835240776;;;;;;;
2022-03-20 18:00:00;222.65555711616113;;;;;;;
2022-03-20 19:00:00;595.3626379354633;;;;;;;
2022-03-20 20:00:00;365.85747184595004;;;;;;;
2022-03-20 21:00:00;216.13385495536295;;;;;;;
2022-03-20 22:00:00;1212.1690151335793;;;;;;;
2022-03-20 23:00:00;1178.6906404240628;;;;;;;
2022-03-21 00:00:00;168.53727026087842;;;;;;;
2022-03-21 01:00:00;190.01972074445737;;;;;;;
2022-03-21 02:00:00;176.93532807129174;;;;;;;
2022-03-21 03:00:00;170.86905203904092;;;;;;;
2022-03-21 04:00:00;161.3233203846883;;;;;;;
2022-03-21 05:00:00;1188.1976608574887;;;;;;;
2022-03-21 06:00:00;1214.523568218169;;;;;;;
2022-03-21 07:00:00;1180.357500054546;;;;;;;
2022-03-21 08:00:00;1164.0874016121918;;;;;;;
2022-03-21 09:00:00;145.87982036564733;;;;;;;
2022-03-21 10:00:00;148.43476094679804;;;;;;;
2022-03-21 11:00:00;142.5916437175354;;;;;;;
2022-03-21 12:00:00;138.44954307839717;;;;;;;
2022-03-21 13:00:00;120.56040474905691;;;;;;;
2022-03-21 14:00:00;150.86901360388367;;;;;;;
2022-03-21 15:00:00;153.8862117055099;;;;;;;
2022-03-21 16:00:00;161.52826214253457;;;;;;;
2022-03-21 17:00:00;1183.9781377764978;;;;;;;
2022-03-21 18:00:00;1193.3599160245733;;;;;;;
2022-03-21 19:00:00;1187.4052193938164;;;;;;;
2022-03-21 20:00:00;1193.8927645949736;;;;;;;
2022-03-21 21:00:00;1202.6665489614384;;;;;;;
2022-03-21 22:00:00;1208.3411585231388;;;;;;;
2022-03-21 23:00:00;1186.1482432790258;;;;;;;
2022-03-22 00:00:00;1178.8910279206232;;;;;;;
2022-03-22 01:00:00;1166.915597870471;;;;;;;
2022-03-22 02:00:00;1137.5155641420959;;;;;;;
2022-03-22 03:00:00;1139.2507376918613;;;;;;;
2022-03-22 04:00:00;1140.2390123908092;;;;;;;
2022-03-22 05:00:00;1163.9849307332686;;;;;;;
2022-03-22 06:00:00;1204.8617029010368;;;;;;;
2022-03-22 07:00:00;1218.5677522396697;;;;;;;
2022-03-22 08:00:00;1219.118817855212;;;;;;;
2022-03-22 09:00:00;1224.620365488064;;;;;;;
2022-03-22 10:00:00;1213.2529293195219;;;;;;;
2022-03-22 11:00:00;190.62543749542536;;;;;;;
2022-03-22 12:00:00;151.87778247861607;;;;;;;
2022-03-22 13:00:00;134.471395845536;;;;;;;
2022-03-22 14:00:00;107.63541122088286;;;;;;;
2022-03-22 15:00:00;115.16815938705618;;;;;;;
2022-03-22 16:00:00;1138.4537419669036;;;;;;;
2022-03-22 17:00:00;1153.9769415584403;;;;;;;
2022-03-22 18:00:00;1178.4948071887877;;;;;;;
2022-03-22 19:00:00;1192.2600619241312;;;;;;;
2022-03-22 20:00:00;1202.402401806881;;;;;;;
2022-03-22 21:00:00;1206.4420315670964;;;;;;;
2022-03-22 22:00:00;1176.7277538100234;;;;;;;
2022-03-22 23:00:00;1137.0328124458358;;;;;;;
2022-03-23 00:00:00;1069.313224261486;;;;;;;
2022-03-23 01:00:00;1062.7459794878334;;;;;;;
2022-03-23 02:00:00;1010.909377536573;;;;;;;
2022-03-23 03:00:00;960.0268933246191;;;;;;;
2022-03-23 04:00:00;939.9949750604635;;;;;;;
2022-03-23 05:00:00;950.667886382971;;;;;;;
2022-03-23 06:00:00;961.9419601951608;;;;;;;
2022-03-23 07:00:00;928.260920858441;;;;;;;
2022-03-23 08:00:00;931.1915879956433;;;;;;;
2022-03-23 09:00:00;942.7138690478914;;;;;;;
2022-03-23 10:00:00;0.0;;;;;;;
2022-03-23 11:00:00;0.0;;;;;;;
2022-03-23 12:00:00;0.0;;;;;;;
2022-03-23 13:00:00;0.0;;;;;;;
2022-03-23 14:00:00;0.0;;;;;;;
2022-03-23 15:00:00;0.0;;;;;;;
2022-03-23 16:00:00;0.0;;;;;;;
2022-03-23 17:00:00;916.8957618205416;;;;;;;
2022-03-23 18:00:00;958.6059638035512;;;;;;;
2022-03-23 19:00:00;958.0457896654378;;;;;;;
2022-03-23 20:00:00;959.5509730202873;;;;;;;
2022-03-23 21:00:00;967.6074612342901;;;;;;;
2022-03-23 22:00:00;972.3894355840371;;;;;;;
2022-03-23 23:00:00;964.8270847195083;;;;;;;
2022-03-24 00:00:00;961.466039890829;;;;;;;
2022-03-24 01:00:00;933.2865481869611;;;;;;;
2022-03-24 02:00:00;849.3628983488966;;;;;;;
2022-03-24 03:00:00;818.2276910707564;;;;;;;
2022-03-24 04:00:00;806.2044412771062;;;;;;;
2022-03-24 05:00:00;806.377503205954;;;;;;;
2022-03-24 06:00:00;821.1606353386014;;;;;;;
2022-03-24 07:00:00;835.005589646441;;;;;;;
2022-03-24 08:00:00;844.0571839513198;;;;;;;
2022-03-24 09:00:00;843.5858179082733;;;;;;;
2022-03-24 10:00:00;835.3494363734943;;;;;;;
2022-03-24 11:00:00;0.0;;;;;;;
2022-03-24 12:00:00;0.0;;;;;;;
2022-03-24 13:00:00;0.0;;;;;;;
2022-03-24 14:00:00;0.0;;;;;;;
2022-03-24 15:00:00;0.0;;;;;;;
2022-03-24 16:00:00;797.0526532239468;;;;;;;
2022-03-24 17:00:00;813.5732360370024;;;;;;;
2022-03-24 18:00:00;836.8432340751297;;;;;;;
2022-03-24 19:00:00;858.2938047297102;;;;;;;
2022-03-24 20:00:00;870.296560347576;;;;;;;
2022-03-24 21:00:00;868.8801850877933;;;;;;;
2022-03-24 22:00:00;840.6938619919974;;;;;;;
2022-03-24 23:00:00;819.5552582354718;;;;;;;
2022-03-25 00:00:00;809.8956700489824;;;;;;;
2022-03-25 01:00:00;783.6449079995126;;;;;;;
2022-03-25 02:00:00;774.0855135613033;;;;;;;
2022-03-25 03:00:00;785.3869129412063;;;;;;;
2022-03-25 04:00:00;806.2499838899607;;;;;;;
2022-03-25 05:00:00;806.1839471013215;;;;;;;
2022-03-25 06:00:00;837.6834952822995;;;;;;;
2022-03-25 07:00:00;902.3767768424519;;;;;;;
2022-03-25 08:00:00;947.8784013456185;;;;;;;
2022-03-25 09:00:00;962.6524249556949;;;;;;;
2022-03-25 10:00:00;949.1126061539819;;;;;;;
2022-03-25 11:00:00;0.0;;;;;;;
2022-03-25 12:00:00;0.0;;;;;;;
2022-03-25 13:00:00;0.0;;;;;;;
2022-03-25 14:00:00;0.0;;;;;;;
2022-03-25 15:00:00;954.1177393067178;;;;;;;
2022-03-25 16:00:00;965.0411349999258;;;;;;;
2022-03-25 17:00:00;989.6182060269841;;;;;;;
2022-03-25 18:00:00;999.7628230403759;;;;;;;
2022-03-25 19:00:00;1035.0287453044411;;;;;;;
2022-03-25 20:00:00;1039.380341962711;;;;;;;
2022-03-25 21:00:00;1041.6939066957316;;;;;;;
2022-03-25 22:00:00;1000.4391308412692;;;;;;;
2022-03-25 23:00:00;957.9979699219407;;;;;;;
2022-03-26 00:00:00;950.3308710478461;;;;;;;
2022-03-26 01:00:00;948.1675969372461;;;;;;;
2022-03-26 02:00:00;949.7410942113767;;;;;;;
2022-03-26 03:00:00;947.6188084523466;;;;;;;
2022-03-26 04:00:00;968.632170023522;;;;;;;
2022-03-26 05:00:00;980.2273192563375;;;;;;;
2022-03-26 06:00:00;1014.3751703748184;;;;;;;
2022-03-26 07:00:00;1070.5132721102086;;;;;;;
2022-03-26 08:00:00;1115.998956698876;;;;;;;
2022-03-26 09:00:00;1110.123959640615;;;;;;;
2022-03-26 10:00:00;1087.7352111612272;;;;;;;
2022-03-26 11:00:00;75.79201631285149;;;;;;;
2022-03-26 12:00:00;77.78905988653169;;;;;;;
2022-03-26 13:00:00;50.260827546486546;;;;;;;
2022-03-26 14:00:00;74.89482683961322;;;;;;;
2022-03-26 15:00:00;69.71207749674426;;;;;;;
2022-03-26 16:00:00;1111.5836003826093;;;;;;;
2022-03-26 17:00:00;1119.8040420028892;;;;;;;
2022-03-26 18:00:00;1130.8663426653047;;;;;;;
2022-03-26 19:00:00;1129.4180875765242;;;;;;;
2022-03-26 20:00:00;1123.9916852548822;;;;;;;
2022-03-26 21:00:00;1119.7357280836068;;;;;;;
2022-03-26 22:00:00;1126.1708992799813;;;;;;;
2022-03-26 23:00:00;1121.8101940991405;;;;;;;
2022-03-27 00:00:00;1120.2959022217203;;;;;;;
2022-03-27 01:00:00;1102.6549711324385;;;;;;;
2022-03-27 02:00:00;1094.5415546523668;;;;;;;
2022-03-27 03:00:00;1087.789862296653;;;;;;;
2022-03-27 04:00:00;1085.6789621908356;;;;;;;
2022-03-27 05:00:00;1101.395717887005;;;;;;;
2022-03-27 06:00:00;1156.6594014555842;;;;;;;
2022-03-27 07:00:00;1187.910742396504;;;;;;;
2022-03-27 08:00:00;1218.5176553655288;;;;;;;
2022-03-27 09:00:00;1205.8841345596252;;;;;;;
2022-03-27 10:00:00;1177.2218911594975;;;;;;;
2022-03-27 11:00:00;168.05679569526103;;;;;;;
2022-03-27 12:00:00;170.25878102678743;;;;;;;
2022-03-27 13:00:00;173.3761728766941;;;;;;;
2022-03-27 14:00:00;173.5082464539729;;;;;;;
2022-03-27 15:00:00;143.11993802665035;;;;;;;
2022-03-27 16:00:00;1166.7106561126243;;;;;;;
2022-03-27 17:00:00;1209.3726987042985;;;;;;;
2022-03-27 18:00:00;1220.7105321744848;;;;;;;
2022-03-27 19:00:00;1224.622642618707;;;;;;;
2022-03-27 20:00:00;1239.1370733355113;;;;;;;
2022-03-27 21:00:00;1235.8215711196865;;;;;;;
2022-03-27 22:00:00;1219.0026841924325;;;;;;;
2022-03-27 23:00:00;1211.841108321025;;;;;;;
2022-03-28 00:00:00;1205.85453186127;;;;;;;
2022-03-28 01:00:00;1192.9910208604497;;;;;;;
2022-03-28 02:00:00;1176.7505251164512;;;;;;;
2022-03-28 03:00:00;1146.3417225133442;;;;;;;
2022-03-28 04:00:00;1153.44409298804;;;;;;;
2022-03-28 05:00:00;1139.3828112691403;;;;;;;
2022-03-28 06:00:00;1161.6417633018925;;;;;;;
2022-03-28 07:00:00;1197.1558928060156;;;;;;;
2022-03-28 08:00:00;1212.3079201027863;;;;;;;
2022-03-28 09:00:00;1193.9815726900404;;;;;;;
2022-03-28 10:00:00;1192.738259359106;;;;;;;
2022-03-28 11:00:00;171.8573267379887;;;;;;;
2022-03-28 12:00:00;183.1701117711051;;;;;;;
2022-03-28 13:00:00;165.22176804505366;;;;;;;
2022-03-28 14:00:00;149.6780742777323;;;;;;;
2022-03-28 15:00:00;168.02263873561992;;;;;;;
2022-03-28 16:00:00;188.78551593609404;;;;;;;
2022-03-28 17:00:00;1231.4130461953478;;;;;;;
2022-03-28 18:00:00;1219.888488012457;;;;;;;
2022-03-28 19:00:00;1224.7911502862694;;;;;;;
2022-03-28 20:00:00;1231.5382883806983;;;;;;;
2022-03-28 21:00:00;1231.1488990407904;;;;;;;
2022-03-28 22:00:00;1220.7492433954114;;;;;;;
2022-03-28 23:00:00;1214.6715817099468;;;;;;;
2022-03-29 00:00:00;1200.510106242767;;;;;;;
2022-03-29 01:00:00;1184.269610498768;;;;;;;
2022-03-29 02:00:00;1163.777711844779;;;;;;;
2022-03-29 03:00:00;1135.2293249767881;;;;;;;
2022-03-29 04:00:00;1149.5615852421738;;;;;;;
2022-03-29 05:00:00;1157.8503407817357;;;;;;;
2022-03-29 06:00:00;1169.8234937012458;;;;;;;
2022-03-29 07:00:00;1200.0273545465066;;;;;;;
2022-03-29 08:00:00;1217.4451268328005;;;;;;;
2022-03-29 09:00:00;1194.9948958260584;;;;;;;
2022-03-29 10:00:00;161.66716711174152;;;;;;;
2022-03-29 11:00:00;147.17550770136455;;;;;;;
2022-03-29 12:00:00;109.26811389172512;;;;;;;
2022-03-29 13:00:00;90.9850319611914;;;;;;;
2022-03-29 14:00:00;81.54404831640466;;;;;;;
2022-03-29 15:00:00;86.27820292265444;;;;;;;
2022-03-29 16:00:00;110.76191159336047;;;;;;;
2022-03-29 17:00:00;119.66093814517585;;;;;;;
2022-03-29 18:00:00;1156.3451574268868;;;;;;;
2022-03-29 19:00:00;1159.7426363458499;;;;;;;
2022-03-29 20:00:00;1147.2070321575836;;;;;;;
2022-03-29 21:00:00;1149.6891045581667;;;;;;;
2022-03-29 22:00:00;1156.9212714794992;;;;;;;
2022-03-29 23:00:00;1097.8206227779085;;;;;;;
2022-03-30 00:00:00;1085.6470823618372;;;;;;;
2022-03-30 01:00:00;1019.541979803188;;;;;;;
2022-03-30 02:00:00;965.9610957795913;;;;;;;
2022-03-30 03:00:00;933.1453660871114;;;;;;;
2022-03-30 04:00:00;581.1624512473568;;;;;;;
2022-03-30 05:00:00;0.0;;;;;;;
2022-03-30 06:00:00;0.0;;;;;;;
2022-03-30 07:00:00;0.0;;;;;;;
2022-03-30 08:00:00;0.0;;;;;;;
2022-03-30 09:00:00;0.0;;;;;;;
2022-03-30 10:00:00;0.0;;;;;;;
2022-03-30 11:00:00;0.0;;;;;;;
2022-03-30 12:00:00;0.0;;;;;;;
2022-03-30 13:00:00;0.0;;;;;;;
2022-03-30 14:00:00;0.0;;;;;;;
2022-03-30 15:00:00;0.0;;;;;;;
2022-03-30 16:00:00;0.0;;;;;;;
2022-03-30 17:00:00;0.0;;;;;;;
2022-03-30 18:00:00;0.0;;;;;;;
2022-03-30 19:00:00;0.0;;;;;;;
2022-03-30 20:00:00;0.0;;;;;;;
2022-03-30 21:00:00;0.0;;;;;;;
2022-03-30 22:00:00;0.0;;;;;;;
2022-03-30 23:00:00;0.0;;;;;;;
2022-03-31 00:00:00;0.0;;;;;;;
2022-03-31 01:00:00;0.0;;;;;;;
2022-03-31 02:00:00;0.0;;;;;;;
2022-03-31 03:00:00;0.0;;;;;;;
2022-03-31 04:00:00;0.0;;;;;;;
2022-03-31 05:00:00;0.0;;;;;;;
2022-03-31 06:00:00;0.0;;;;;;;
2022-03-31 07:00:00;0.0;;;;;;;
2022-03-31 08:00:00;0.0;;;;;;;
2022-03-31 09:00:00;0.0;;;;;;;
2022-03-31 10:00:00;0.0;;;;;;;
2022-03-31 11:00:00;0.0;;;;;;;
2022-03-31 12:00:00;0.0;;;;;;;
2022-03-31 13:00:00;0.0;;;;;;;
2022-03-31 14:00:00;0.0;;;;;;;
2022-03-31 15:00:00;0.0;;;;;;;
2022-03-31 16:00:00;0.0;;;;;;;
2022-03-31 17:00:00;0.0;;;;;;;
2022-03-31 18:00:00;0.0;;;;;;;
2022-03-31 19:00:00;0.0;;;;;;;
2022-03-31 20:00:00;0.0;;;;;;;
2022-03-31 21:00:00;0.0;;;;;;;
2022-03-31 22:00:00;0.0;;;;;;;
2022-03-31 23:00:00;0.0;;;;;;;
2022-04-01 00:00:00;780.5958300688881;;;;;;;
2022-04-01 01:00:00;0.0;;;;;;;
2022-04-01 02:00:00;0.0;;;;;;;
2022-04-01 03:00:00;0.0;;;;;;;
2022-04-01 04:00:00;0.0;;;;;;;
2022-04-01 05:00:00;0.0;;;;;;;
2022-04-01 06:00:00;0.0;;;;;;;
2022-04-01 07:00:00;0.0;;;;;;;
2022-04-01 08:00:00;0.0;;;;;;;
2022-04-01 09:00:00;0.0;;;;;;;
2022-04-01 10:00:00;0.0;;;;;;;
2022-04-01 11:00:00;0.0;;;;;;;
2022-04-01 12:00:00;0.0;;;;;;;
2022-04-01 13:00:00;0.0;;;;;;;
2022-04-01 14:00:00;0.0;;;;;;;
2022-04-01 15:00:00;0.0;;;;;;;
2022-04-01 16:00:00;0.0;;;;;;;
2022-04-01 17:00:00;0.0;;;;;;;
2022-04-01 18:00:00;0.0;;;;;;;
2022-04-01 19:00:00;0.0;;;;;;;
2022-04-01 20:00:00;0.0;;;;;;;
2022-04-01 21:00:00;0.0;;;;;;;
2022-04-01 22:00:00;0.0;;;;;;;
2022-04-01 23:00:00;0.0;;;;;;;
2022-04-02 00:00:00;0.0;;;;;;;
2022-04-02 01:00:00;0.0;;;;;;;
2022-04-02 02:00:00;0.0;;;;;;;
2022-04-02 03:00:00;0.0;;;;;;;
2022-04-02 04:00:00;0.0;;;;;;;
2022-04-02 05:00:00;0.0;;;;;;;
2022-04-02 06:00:00;216.6188837822659;;;;;;;
2022-04-02 07:00:00;38.50400203803648;;;;;;;
2022-04-02 08:00:00;33.54441149815573;;;;;;;
2022-04-02 09:00:00;26.99538376964471;;;;;;;
2022-04-02 10:00:00;2.614145977861841;;;;;;;
2022-04-02 11:00:00;0.0;;;;;;;
2022-04-02 12:00:00;0.0;;;;;;;
2022-04-02 13:00:00;0.0;;;;;;;
2022-04-02 14:00:00;0.0;;;;;;;
2022-04-02 15:00:00;0.0;;;;;;;
2022-04-02 16:00:00;0.0;;;;;;;
2022-04-02 17:00:00;0.0;;;;;;;
2022-04-02 18:00:00;0.0;;;;;;;
2022-04-02 19:00:00;0.0;;;;;;;
2022-04-02 20:00:00;0.0;;;;;;;
2022-04-02 21:00:00;0.0;;;;;;;
2022-04-02 22:00:00;0.0;;;;;;;
2022-04-02 23:00:00;0.0;;;;;;;
2022-04-03 00:00:00;0.0;;;;;;;
2022-04-03 01:00:00;894.6800752700015;;;;;;;
2022-04-03 02:00:00;895.4770709949595;;;;;;;
2022-04-03 03:00:00;903.1510012609824;;;;;;;
2022-04-03 04:00:00;924.2782193642942;;;;;;;
2022-04-03 05:00:00;981.7917080078975;;;;;;;
2022-04-03 06:00:00;1060.8331897479345;;;;;;;
2022-04-03 07:00:00;1086.6968395881393;;;;;;;
2022-04-03 08:00:00;1090.4882621082959;;;;;;;
2022-04-03 09:00:00;1089.2062375564349;;;;;;;
2022-04-03 10:00:00;1081.8738768868222;;;;;;;
2022-04-03 11:00:00;1067.2615295523804;;;;;;;
2022-04-03 12:00:00;1076.7731042470923;;;;;;;
2022-04-03 13:00:00;1080.733034434811;;;;;;;
2022-04-03 14:00:00;1075.3066321131696;;;;;;;
2022-04-03 15:00:00;1061.1360481234185;;;;;;;
2022-04-03 16:00:00;1062.45222963492;;;;;;;
2022-04-03 17:00:00;1073.393842373271;;;;;;;
2022-04-03 18:00:00;1071.572137859081;;;;;;;
2022-04-03 19:00:00;1089.5819641124867;;;;;;;
2022-04-03 20:00:00;1097.4858845734263;;;;;;;
2022-04-03 21:00:00;1095.3795387288947;;;;;;;
2022-04-03 22:00:00;1082.0537702075987;;;;;;;
2022-04-03 23:00:00;1055.1221460959507;;;;;;;
2022-04-04 00:00:00;1062.6252915637683;;;;;;;
2022-04-04 01:00:00;1055.1699658394482;;;;;;;
2022-04-04 02:00:00;1039.312028043429;;;;;;;
2022-04-04 03:00:00;1029.3518586120983;;;;;;;
2022-04-04 04:00:00;1051.5903164690656;;;;;;;
2022-04-04 05:00:00;1072.8154511900157;;;;;;;
2022-04-04 06:00:00;1061.0290229832099;;;;;;;
2022-04-04 07:00:00;1074.9946652151148;;;;;;;
2022-04-04 08:00:00;1066.1024700552275;;;;;;;
2022-04-04 09:00:00;51.777396554549256;;;;;;;
2022-04-04 10:00:00;42.356907085547135;;;;;;;
2022-04-04 11:00:00;40.39629760215075;;;;;;;
2022-04-04 12:00:00;10.470246695303786;;;;;;;
2022-04-04 13:00:00;5.886382711474616;;;;;;;
2022-04-04 14:00:00;18.886521550858983;;;;;;;
2022-04-04 15:00:00;15.37063183847337;;;;;;;
2022-04-04 16:00:00;30.22890928233096;;;;;;;
2022-04-04 17:00:00;40.46233439079012;;;;;;;
2022-04-04 18:00:00;45.856856883433586;;;;;;;
2022-04-04 19:00:00;27.91989881059585;;;;;;;
2022-04-04 20:00:00;48.65545044335711;;;;;;;
2022-04-04 21:00:00;45.65874651751549;;;;;;;
2022-04-04 22:00:00;27.373387456339017;;;;;;;
2022-04-04 23:00:00;23.69354433767636;;;;;;;
2022-04-05 00:00:00;12.772425775110685;;;;;;;
2022-04-05 01:00:00;0.0;;;;;;;
2022-04-05 02:00:00;0.0;;;;;;;
2022-04-05 03:00:00;0.0;;;;;;;
2022-04-05 04:00:00;30.219800759760016;;;;;;;
2022-04-05 05:00:00;25.4105008422999;;;;;;;
2022-04-05 06:00:00;79.3375087235927;;;;;;;
2022-04-05 07:00:00;96.76666666310014;;;;;;;
2022-04-05 08:00:00;106.09607090639278;;;;;;;
2022-04-05 09:00:00;93.65382907447892;;;;;;;
2022-04-05 10:00:00;81.12277914749833;;;;;;;
2022-04-05 11:00:00;67.13664273980895;;;;;;;
2022-04-05 12:00:00;75.03828607010563;;;;;;;
2022-04-05 13:00:00;90.62069105835351;;;;;;;
2022-04-05 14:00:00;91.06017727240172;;;;;;;
2022-04-05 15:00:00;88.48018825418093;;;;;;;
2022-04-05 16:00:00;87.67863826793757;;;;;;;
2022-04-05 17:00:00;85.68159469425741;;;;;;;
2022-04-05 18:00:00;82.27045299143768;;;;;;;
2022-04-05 19:00:00;103.96012236350563;;;;;;;
2022-04-05 20:00:00;113.31912930515391;;;;;;;
2022-04-05 21:00:00;107.25285327290307;;;;;;;
2022-04-05 22:00:00;76.53208377174096;;;;;;;
2022-04-05 23:00:00;59.42172412221669;;;;;;;
2022-04-06 00:00:00;0.0;;;;;;;
2022-04-06 01:00:00;0.0;;;;;;;
2022-04-06 02:00:00;0.0;;;;;;;
2022-04-06 03:00:00;0.0;;;;;;;
2022-04-06 04:00:00;0.0;;;;;;;
2022-04-06 05:00:00;0.0;;;;;;;
2022-04-06 06:00:00;0.0;;;;;;;
2022-04-06 07:00:00;875.8686990303528;;;;;;;
2022-04-06 08:00:00;582.9226732341923;;;;;;;
2022-04-06 09:00:00;0.0;;;;;;;
2022-04-06 10:00:00;0.0;;;;;;;
2022-04-06 11:00:00;0.0;;;;;;;
2022-04-06 12:00:00;0.0;;;;;;;
2022-04-06 13:00:00;0.0;;;;;;;
2022-04-06 14:00:00;0.0;;;;;;;
2022-04-06 15:00:00;0.0;;;;;;;
2022-04-06 16:00:00;0.0;;;;;;;
2022-04-06 17:00:00;827.6163007107602;;;;;;;
2022-04-06 18:00:00;837.8337859047201;;;;;;;
2022-04-06 19:00:00;841.5682801588085;;;;;;;
2022-04-06 20:00:00;845.457619296603;;;;;;;
2022-04-06 21:00:00;839.407283178851;;;;;;;
2022-04-06 22:00:00;842.4495297175476;;;;;;;
2022-04-06 23:00:00;833.5573345576605;;;;;;;
2022-04-07 00:00:00;779.5733984102994;;;;;;;
2022-04-07 01:00:00;699.3387002134683;;;;;;;
2022-04-07 02:00:00;661.3424983087621;;;;;;;
2022-04-07 03:00:00;667.2744236330914;;;;;;;
2022-04-07 04:00:00;674.9028112862596;;;;;;;
2022-04-07 05:00:00;691.5076479330965;;;;;;;
2022-04-07 06:00:00;698.6168497997206;;;;;;;
2022-04-07 07:00:00;702.8409271419974;;;;;;;
2022-04-07 08:00:00;704.2231454421386;;;;;;;
2022-04-07 09:00:00;0.0;;;;;;;
2022-04-07 10:00:00;0.0;;;;;;;
2022-04-07 11:00:00;0.0;;;;;;;
2022-04-07 12:00:00;0.0;;;;;;;
2022-04-07 13:00:00;0.0;;;;;;;
2022-04-07 14:00:00;0.0;;;;;;;
2022-04-07 15:00:00;0.0;;;;;;;
2022-04-07 16:00:00;0.0;;;;;;;
2022-04-07 17:00:00;746.1428434442804;;;;;;;
2022-04-07 18:00:00;768.2515048546118;;;;;;;
2022-04-07 19:00:00;294.7768388329209;;;;;;;
2022-04-07 20:00:00;768.5634717526667;;;;;;;
2022-04-07 21:00:00;758.8537866920373;;;;;;;
2022-04-07 22:00:00;0.0;;;;;;;
2022-04-07 23:00:00;0.0;;;;;;;
2022-04-08 00:00:00;0.0;;;;;;;
2022-04-08 01:00:00;0.0;;;;;;;
2022-04-08 02:00:00;0.0;;;;;;;
2022-04-08 03:00:00;0.0;;;;;;;
2022-04-08 04:00:00;0.0;;;;;;;
2022-04-08 05:00:00;835.0898434802222;;;;;;;
2022-04-08 06:00:00;0.0;;;;;;;
2022-04-08 07:00:00;361.9453614017282;;;;;;;
2022-04-08 08:00:00;0.0;;;;;;;
2022-04-08 09:00:00;0.0;;;;;;;
2022-04-08 10:00:00;0.0;;;;;;;
2022-04-08 11:00:00;0.0;;;;;;;
2022-04-08 12:00:00;0.0;;;;;;;
2022-04-08 13:00:00;0.0;;;;;;;
2022-04-08 14:00:00;0.0;;;;;;;
2022-04-08 15:00:00;0.0;;;;;;;
2022-04-08 16:00:00;0.0;;;;;;;
2022-04-08 17:00:00;959.1251495900956;;;;;;;
2022-04-08 18:00:00;970.6383221197729;;;;;;;
2022-04-08 19:00:00;981.0607490715789;;;;;;;
2022-04-08 20:00:00;988.2450962494137;;;;;;;
2022-04-08 21:00:00;981.4729097179145;;;;;;;
2022-04-08 22:00:00;959.1524751578083;;;;;;;
2022-04-08 23:00:00;940.131602899028;;;;;;;
2022-04-09 00:00:00;937.0506451394051;;;;;;;
2022-04-09 01:00:00;929.8162010874305;;;;;;;
2022-04-09 02:00:00;927.7098552428986;;;;;;;
2022-04-09 03:00:00;912.5077310719879;;;;;;;
2022-04-09 04:00:00;923.3787527604134;;;;;;;
2022-04-09 05:00:00;957.8977761736605;;;;;;;
2022-04-09 06:00:00;937.9614973964998;;;;;;;
2022-04-09 07:00:00;935.8187174616845;;;;;;;
2022-04-09 08:00:00;927.7166866348269;;;;;;;
2022-04-09 09:00:00;0.0;;;;;;;
2022-04-09 10:00:00;0.0;;;;;;;
2022-04-09 11:00:00;0.0;;;;;;;
2022-04-09 12:00:00;0.0;;;;;;;
2022-04-09 13:00:00;0.0;;;;;;;
2022-04-09 14:00:00;0.0;;;;;;;
2022-04-09 15:00:00;0.0;;;;;;;
2022-04-09 16:00:00;0.0;;;;;;;
2022-04-09 17:00:00;0.0;;;;;;;
2022-04-09 18:00:00;0.0;;;;;;;
2022-04-09 19:00:00;0.0;;;;;;;
2022-04-09 20:00:00;0.0;;;;;;;
2022-04-09 21:00:00;0.0;;;;;;;
2022-04-09 22:00:00;0.0;;;;;;;
2022-04-09 23:00:00;0.0;;;;;;;
2022-04-10 00:00:00;0.0;;;;;;;
2022-04-10 01:00:00;0.0;;;;;;;
2022-04-10 02:00:00;0.0;;;;;;;
2022-04-10 03:00:00;0.0;;;;;;;
2022-04-10 04:00:00;0.0;;;;;;;
2022-04-10 05:00:00;0.0;;;;;;;
2022-04-10 06:00:00;0.0;;;;;;;
2022-04-10 07:00:00;0.0;;;;;;;
2022-04-10 08:00:00;0.0;;;;;;;
2022-04-10 09:00:00;0.0;;;;;;;
2022-04-10 10:00:00;0.0;;;;;;;
2022-04-10 11:00:00;0.0;;;;;;;
2022-04-10 12:00:00;0.0;;;;;;;
2022-04-10 13:00:00;0.0;;;;;;;
2022-04-10 14:00:00;0.0;;;;;;;
2022-04-10 15:00:00;0.0;;;;;;;
2022-04-10 16:00:00;0.0;;;;;;;
2022-04-10 17:00:00;0.0;;;;;;;
2022-04-10 18:00:00;0.0;;;;;;;
2022-04-10 19:00:00;0.0;;;;;;;
2022-04-10 20:00:00;0.0;;;;;;;
2022-04-10 21:00:00;0.0;;;;;;;
2022-04-10 22:00:00;0.0;;;;;;;
2022-04-10 23:00:00;0.0;;;;;;;
2022-04-11 00:00:00;0.0;;;;;;;
2022-04-11 01:00:00;0.0;;;;;;;
2022-04-11 02:00:00;0.0;;;;;;;
2022-04-11 03:00:00;0.0;;;;;;;
2022-04-11 04:00:00;0.0;;;;;;;
2022-04-11 05:00:00;0.0;;;;;;;
2022-04-11 06:00:00;0.0;;;;;;;
2022-04-11 07:00:00;0.0;;;;;;;
2022-04-11 08:00:00;0.0;;;;;;;
2022-04-11 09:00:00;0.0;;;;;;;
2022-04-11 10:00:00;0.0;;;;;;;
2022-04-11 11:00:00;0.0;;;;;;;
2022-04-11 12:00:00;0.0;;;;;;;
2022-04-11 13:00:00;0.0;;;;;;;
2022-04-11 14:00:00;0.0;;;;;;;
2022-04-11 15:00:00;0.0;;;;;;;
2022-04-11 16:00:00;0.0;;;;;;;
2022-04-11 17:00:00;0.0;;;;;;;
2022-04-11 18:00:00;0.0;;;;;;;
2022-04-11 19:00:00;912.4826826349176;;;;;;;
2022-04-11 20:00:00;912.7718782265448;;;;;;;
2022-04-11 21:00:00;905.6626763599211;;;;;;;
2022-04-11 22:00:00;888.9121033519489;;;;;;;
2022-04-11 23:00:00;877.269134375636;;;;;;;
2022-04-12 00:00:00;892.8765878009539;;;;;;;
2022-04-12 01:00:00;902.0784727282532;;;;;;;
2022-04-12 02:00:00;923.8819986324582;;;;;;;
2022-04-12 03:00:00;947.0335858771632;;;;;;;
2022-04-12 04:00:00;989.1468399839374;;;;;;;
2022-04-12 05:00:00;1023.0760865607157;;;;;;;
2022-04-12 06:00:00;1072.9201991995812;;;;;;;
2022-04-12 07:00:00;1108.9125261386794;;;;;;;
2022-04-12 08:00:00;1120.0977918558024;;;;;;;
2022-04-12 09:00:00;1100.1660673399267;;;;;;;
2022-04-12 10:00:00;1088.0585637124952;;;;;;;
2022-04-12 11:00:00;113.34873200350944;;;;;;;
2022-04-12 12:00:00;138.39716907361424;;;;;;;
2022-04-12 13:00:00;107.07751421341233;;;;;;;
2022-04-12 14:00:00;106.56971408008202;;;;;;;
2022-04-12 15:00:00;104.73890104332165;;;;;;;
2022-04-12 16:00:00;1109.9918860633366;;;;;;;
2022-04-12 17:00:00;1123.839117501819;;;;;;;
2022-04-12 18:00:00;1112.2462453996459;;;;;;;
2022-04-12 19:00:00;1112.8109737990446;;;;;;;
2022-04-12 20:00:00;1110.6135427288036;;;;;;;
2022-04-12 21:00:00;1110.4928548047385;;;;;;;
2022-04-12 22:00:00;1108.3774004376362;;;;;;;
2022-04-12 23:00:00;1103.1992053560527;;;;;;;
2022-04-13 00:00:00;1040.9492849755568;;;;;;;
2022-04-13 01:00:00;966.7216574142655;;;;;;;
2022-04-13 02:00:00;915.2334564513438;;;;;;;
2022-04-13 03:00:00;900.6347719007582;;;;;;;
2022-04-13 04:00:00;911.0936329428481;;;;;;;
2022-04-13 05:00:00;922.240187439045;;;;;;;
2022-04-13 06:00:00;923.7430936632512;;;;;;;
2022-04-13 07:00:00;926.1705149284087;;;;;;;
2022-04-13 08:00:00;919.4279310952651;;;;;;;
2022-04-13 09:00:00;905.9791975192616;;;;;;;
2022-04-13 10:00:00;893.445870461638;;;;;;;
2022-04-13 11:00:00;866.2933646776446;;;;;;;
2022-04-13 12:00:00;844.8086370634228;;;;;;;
2022-04-13 13:00:00;828.3950793905761;;;;;;;
2022-04-13 14:00:00;829.1078212817529;;;;;;;
2022-04-13 15:00:00;827.7324343735398;;;;;;;
2022-04-13 16:00:00;831.2938666987801;;;;;;;
2022-04-13 17:00:00;850.5652233282616;;;;;;;
2022-04-13 18:00:00;860.7849856528641;;;;;;;
2022-04-13 19:00:00;872.7581385723744;;;;;;;
2022-04-13 20:00:00;868.0239839661245;;;;;;;
2022-04-13 21:00:00;854.1266556535019;;;;;;;
2022-04-13 22:00:00;847.6436647136303;;;;;;;
2022-04-13 23:00:00;847.4933740912096;;;;;;;
2022-04-14 00:00:00;814.5592336053073;;;;;;;
2022-04-14 01:00:00;779.7942800826447;;;;;;;
2022-04-14 02:00:00;769.1691885036348;;;;;;;
2022-04-14 03:00:00;768.7615821185849;;;;;;;
2022-04-14 04:00:00;780.3612856126862;;;;;;;
2022-04-14 05:00:00;794.1766372221703;;;;;;;
2022-04-14 06:00:00;786.0450036969573;;;;;;;
2022-04-14 07:00:00;794.6434490039314;;;;;;;
2022-04-14 08:00:00;800.3681554397717;;;;;;;
2022-04-14 09:00:00;801.0717888083774;;;;;;;
2022-04-14 10:00:00;783.4786774625927;;;;;;;
2022-04-14 11:00:00;764.8950142872178;;;;;;;
2022-04-14 12:00:00;0.0;;;;;;;
2022-04-14 13:00:00;0.0;;;;;;;
2022-04-14 14:00:00;0.0;;;;;;;
2022-04-14 15:00:00;755.082858347665;;;;;;;
2022-04-14 16:00:00;760.9897352349242;;;;;;;
2022-04-14 17:00:00;776.1303768784812;;;;;;;
2022-04-14 18:00:00;789.07586458244;;;;;;;
2022-04-14 19:00:00;810.5879177643743;;;;;;;
2022-04-14 20:00:00;851.382713229004;;;;;;;
2022-04-14 21:00:00;866.0610973520854;;;;;;;
2022-04-14 22:00:00;863.0302364666028;;;;;;;
2022-04-14 23:00:00;857.3943381258292;;;;;;;
2022-04-15 00:00:00;858.0319347057955;;;;;;;
2022-04-15 01:00:00;853.6735066555971;;;;;;;
2022-04-15 02:00:00;865.7855645443143;;;;;;;
2022-04-15 03:00:00;871.2666180013819;;;;;;;
2022-04-15 04:00:00;885.9040137728939;;;;;;;
2022-04-15 05:00:00;951.7130893479873;;;;;;;
2022-04-15 06:00:00;1000.3480456155597;;;;;;;
2022-04-15 07:00:00;1005.3304074618679;;;;;;;
2022-04-15 08:00:00;969.1832356390639;;;;;;;
2022-04-15 09:00:00;0.0;;;;;;;
2022-04-15 10:00:00;0.0;;;;;;;
2022-04-15 11:00:00;0.0;;;;;;;
2022-04-15 12:00:00;0.0;;;;;;;
2022-04-15 13:00:00;0.0;;;;;;;
2022-04-15 14:00:00;0.0;;;;;;;
2022-04-15 15:00:00;0.0;;;;;;;
2022-04-15 16:00:00;0.0;;;;;;;
2022-04-15 17:00:00;0.0;;;;;;;
2022-04-15 18:00:00;0.0;;;;;;;
2022-04-15 19:00:00;0.0;;;;;;;
2022-04-15 20:00:00;0.0;;;;;;;
2022-04-15 21:00:00;0.0;;;;;;;
2022-04-15 22:00:00;0.0;;;;;;;
2022-04-15 23:00:00;0.0;;;;;;;
2022-04-16 00:00:00;0.0;;;;;;;
2022-04-16 01:00:00;0.0;;;;;;;
2022-04-16 02:00:00;0.0;;;;;;;
2022-04-16 03:00:00;0.0;;;;;;;
2022-04-16 04:00:00;0.0;;;;;;;
2022-04-16 05:00:00;0.0;;;;;;;
2022-04-16 06:00:00;0.0;;;;;;;
2022-04-16 07:00:00;0.0;;;;;;;
2022-04-16 08:00:00;0.0;;;;;;;
2022-04-16 09:00:00;0.0;;;;;;;
2022-04-16 10:00:00;0.0;;;;;;;
2022-04-16 11:00:00;0.0;;;;;;;
2022-04-16 12:00:00;0.0;;;;;;;
2022-04-16 13:00:00;0.0;;;;;;;
2022-04-16 14:00:00;0.0;;;;;;;
2022-04-16 15:00:00;0.0;;;;;;;
2022-04-16 16:00:00;0.0;;;;;;;
2022-04-16 17:00:00;0.0;;;;;;;
2022-04-16 18:00:00;0.0;;;;;;;
2022-04-16 19:00:00;0.0;;;;;;;
2022-04-16 20:00:00;0.0;;;;;;;
2022-04-16 21:00:00;0.0;;;;;;;
2022-04-16 22:00:00;0.0;;;;;;;
2022-04-16 23:00:00;0.0;;;;;;;
2022-04-17 00:00:00;0.0;;;;;;;
2022-04-17 01:00:00;0.0;;;;;;;
2022-04-17 02:00:00;0.0;;;;;;;
2022-04-17 03:00:00;0.0;;;;;;;
2022-04-17 04:00:00;0.0;;;;;;;
2022-04-17 05:00:00;0.0;;;;;;;
2022-04-17 06:00:00;0.0;;;;;;;
2022-04-17 07:00:00;0.0;;;;;;;
2022-04-17 08:00:00;0.0;;;;;;;
2022-04-17 09:00:00;0.0;;;;;;;
2022-04-17 10:00:00;0.0;;;;;;;
2022-04-17 11:00:00;0.0;;;;;;;
2022-04-17 12:00:00;0.0;;;;;;;
2022-04-17 13:00:00;0.0;;;;;;;
2022-04-17 14:00:00;0.0;;;;;;;
2022-04-17 15:00:00;0.0;;;;;;;
2022-04-17 16:00:00;0.0;;;;;;;
2022-04-17 17:00:00;0.0;;;;;;;
2022-04-17 18:00:00;0.0;;;;;;;
2022-04-17 19:00:00;0.0;;;;;;;
2022-04-17 20:00:00;45.66785504008644;;;;;;;
2022-04-17 21:00:00;0.18444758206168044;;;;;;;
2022-04-17 22:00:00;594.9800799874836;;;;;;;
2022-04-17 23:00:00;0.0;;;;;;;
2022-04-18 00:00:00;0.0;;;;;;;
2022-04-18 01:00:00;0.0;;;;;;;
2022-04-18 02:00:00;0.0;;;;;;;
2022-04-18 03:00:00;0.0;;;;;;;
2022-04-18 04:00:00;0.0;;;;;;;
2022-04-18 05:00:00;0.0;;;;;;;
2022-04-18 06:00:00;0.0;;;;;;;
2022-04-18 07:00:00;0.0;;;;;;;
2022-04-18 08:00:00;0.0;;;;;;;
2022-04-18 09:00:00;0.0;;;;;;;
2022-04-18 10:00:00;0.0;;;;;;;
2022-04-18 11:00:00;0.0;;;;;;;
2022-04-18 12:00:00;0.0;;;;;;;
2022-04-18 13:00:00;0.0;;;;;;;
2022-04-18 14:00:00;0.0;;;;;;;
2022-04-18 15:00:00;0.0;;;;;;;
2022-04-18 16:00:00;0.0;;;;;;;
2022-04-18 17:00:00;0.0;;;;;;;
2022-04-18 18:00:00;0.0;;;;;;;
2022-04-18 19:00:00;0.0;;;;;;;
2022-04-18 20:00:00;0.0;;;;;;;
2022-04-18 21:00:00;0.0;;;;;;;
2022-04-18 22:00:00;0.0;;;;;;;
2022-04-18 23:00:00;0.0;;;;;;;
2022-04-19 00:00:00;0.0;;;;;;;
2022-04-19 01:00:00;0.0;;;;;;;
2022-04-19 02:00:00;0.0;;;;;;;
2022-04-19 03:00:00;0.0;;;;;;;
2022-04-19 04:00:00;0.0;;;;;;;
2022-04-19 05:00:00;0.0;;;;;;;
2022-04-19 06:00:00;0.0;;;;;;;
2022-04-19 07:00:00;0.0;;;;;;;
2022-04-19 08:00:00;0.0;;;;;;;
2022-04-19 09:00:00;0.0;;;;;;;
2022-04-19 10:00:00;0.0;;;;;;;
2022-04-19 11:00:00;0.0;;;;;;;
2022-04-19 12:00:00;0.0;;;;;;;
2022-04-19 13:00:00;0.0;;;;;;;
2022-04-19 14:00:00;0.0;;;;;;;
2022-04-19 15:00:00;0.0;;;;;;;
2022-04-19 16:00:00;0.0;;;;;;;
2022-04-19 17:00:00;0.0;;;;;;;
2022-04-19 18:00:00;0.0;;;;;;;
2022-04-19 19:00:00;0.0;;;;;;;
2022-04-19 20:00:00;0.0;;;;;;;
2022-04-19 21:00:00;0.0;;;;;;;
2022-04-19 22:00:00;0.0;;;;;;;
2022-04-19 23:00:00;0.0;;;;;;;
2022-04-20 00:00:00;0.0;;;;;;;
2022-04-20 01:00:00;0.0;;;;;;;
2022-04-20 02:00:00;0.0;;;;;;;
2022-04-20 03:00:00;0.0;;;;;;;
2022-04-20 04:00:00;0.0;;;;;;;
2022-04-20 05:00:00;0.0;;;;;;;
2022-04-20 06:00:00;0.0;;;;;;;
2022-04-20 07:00:00;0.0;;;;;;;
2022-04-20 08:00:00;0.0;;;;;;;
2022-04-20 09:00:00;0.0;;;;;;;
2022-04-20 10:00:00;0.0;;;;;;;
2022-04-20 11:00:00;0.0;;;;;;;
2022-04-20 12:00:00;0.0;;;;;;;
2022-04-20 13:00:00;0.0;;;;;;;
2022-04-20 14:00:00;0.0;;;;;;;
2022-04-20 15:00:00;0.0;;;;;;;
2022-04-20 16:00:00;0.0;;;;;;;
2022-04-20 17:00:00;0.0;;;;;;;
2022-04-20 18:00:00;0.0;;;;;;;
2022-04-20 19:00:00;775.8252413723545;;;;;;;
2022-04-20 20:00:00;774.090067822589;;;;;;;
2022-04-20 21:00:00;771.0546526758209;;;;;;;
2022-04-20 22:00:00;771.7059120396436;;;;;;;
2022-04-20 23:00:00;772.5188476791006;;;;;;;
2022-04-21 00:00:00;763.8976310656992;;;;;;;
2022-04-21 01:00:00;739.9103368751097;;;;;;;
2022-04-21 02:00:00;740.0879530652431;;;;;;;
2022-04-21 03:00:00;744.9405184649153;;;;;;;
2022-04-21 04:00:00;751.9836835429003;;;;;;;
2022-04-21 05:00:00;749.4469600068915;;;;;;;
2022-04-21 06:00:00;742.1624190807764;;;;;;;
2022-04-21 07:00:00;738.2184288075563;;;;;;;
2022-04-21 08:00:00;733.4706114174498;;;;;;;
2022-04-21 09:00:00;0.0;;;;;;;
2022-04-21 10:00:00;0.0;;;;;;;
2022-04-21 11:00:00;0.0;;;;;;;
2022-04-21 12:00:00;0.0;;;;;;;
2022-04-21 13:00:00;0.0;;;;;;;
2022-04-21 14:00:00;0.0;;;;;;;
2022-04-21 15:00:00;0.0;;;;;;;
2022-04-21 16:00:00;0.0;;;;;;;
2022-04-21 17:00:00;771.6307667284333;;;;;;;
2022-04-21 18:00:00;796.6883123211089;;;;;;;
2022-04-21 19:00:00;791.3120068736073;;;;;;;
2022-04-21 20:00:00;796.8590971193142;;;;;;;
2022-04-21 21:00:00;794.9053190278461;;;;;;;
2022-04-21 22:00:00;793.2635078344329;;;;;;;
2022-04-21 23:00:00;790.0277051911039;;;;;;;
2022-04-22 00:00:00;743.2098991764353;;;;;;;
2022-04-22 01:00:00;715.8866085942366;;;;;;;
2022-04-22 02:00:00;694.7684990134954;;;;;;;
2022-04-22 03:00:00;704.428087199985;;;;;;;
2022-04-22 04:00:00;667.399665818442;;;;;;;
2022-04-22 05:00:00;666.2633776277163;;;;;;;
2022-04-22 06:00:00;691.6010102894486;;;;;;;
2022-04-22 07:00:00;686.1632223145931;;;;;;;
2022-04-22 08:00:00;681.8639996611062;;;;;;;
2022-04-22 09:00:00;0.0;;;;;;;
2022-04-22 10:00:00;0.0;;;;;;;
2022-04-22 11:00:00;0.0;;;;;;;
2022-04-22 12:00:00;0.0;;;;;;;
2022-04-22 13:00:00;0.0;;;;;;;
2022-04-22 14:00:00;0.0;;;;;;;
2022-04-22 15:00:00;0.0;;;;;;;
2022-04-22 16:00:00;0.0;;;;;;;
2022-04-22 17:00:00;722.4447448453185;;;;;;;
2022-04-22 18:00:00;752.2432764361722;;;;;;;
2022-04-22 19:00:00;763.767834619063;;;;;;;
2022-04-22 20:00:00;778.9676816593309;;;;;;;
2022-04-22 21:00:00;788.2879773800531;;;;;;;
2022-04-22 22:00:00;770.5514068037762;;;;;;;
2022-04-22 23:00:00;772.9082370190087;;;;;;;
2022-04-23 00:00:00;0.0;;;;;;;
2022-04-23 01:00:00;284.03561359113144;;;;;;;
2022-04-23 02:00:00;725.9378632512767;;;;;;;
2022-04-23 03:00:00;761.7480197389557;;;;;;;
2022-04-23 04:00:00;771.1867262530996;;;;;;;
2022-04-23 05:00:00;786.5505266996447;;;;;;;
2022-04-23 06:00:00;866.1066399649401;;;;;;;
2022-04-23 07:00:00;891.5490206362381;;;;;;;
2022-04-23 08:00:00;283.59612737708323;;;;;;;
2022-04-23 09:00:00;0.0;;;;;;;
2022-04-23 10:00:00;0.0;;;;;;;
2022-04-23 11:00:00;0.0;;;;;;;
2022-04-23 12:00:00;0.0;;;;;;;
2022-04-23 13:00:00;0.0;;;;;;;
2022-04-23 14:00:00;0.0;;;;;;;
2022-04-23 15:00:00;0.0;;;;;;;
2022-04-23 16:00:00;0.0;;;;;;;
2022-04-23 17:00:00;0.0;;;;;;;
2022-04-23 18:00:00;939.0476887130852;;;;;;;
2022-04-23 19:00:00;942.5613012948277;;;;;;;
2022-04-23 20:00:00;834.6435258742459;;;;;;;
2022-04-23 21:00:00;947.5937600152765;;;;;;;
2022-04-23 22:00:00;935.8187174616845;;;;;;;
2022-04-23 23:00:00;908.342859126422;;;;;;;
2022-04-24 00:00:00;889.2764442547871;;;;;;;
2022-04-24 01:00:00;884.6447605274604;;;;;;;
2022-04-24 02:00:00;885.0660296963669;;;;;;;
2022-04-24 03:00:00;884.95217316423;;;;;;;
2022-04-24 04:00:00;878.6058100629224;;;;;;;
2022-04-24 05:00:00;885.7263975827605;;;;;;;
2022-04-24 06:00:00;884.9498960335872;;;;;;;
2022-04-24 07:00:00;900.1861771641389;;;;;;;
2022-04-24 08:00:00;0.0;;;;;;;
2022-04-24 09:00:00;0.0;;;;;;;
2022-04-24 10:00:00;0.0;;;;;;;
2022-04-24 11:00:00;0.0;;;;;;;
2022-04-24 12:00:00;0.0;;;;;;;
2022-04-24 13:00:00;0.0;;;;;;;
2022-04-24 14:00:00;0.0;;;;;;;
2022-04-24 15:00:00;0.0;;;;;;;
2022-04-24 16:00:00;0.0;;;;;;;
2022-04-24 17:00:00;935.5955586586962;;;;;;;
2022-04-24 18:00:00;939.6260798963401;;;;;;;
2022-04-24 19:00:00;943.704420877482;;;;;;;
2022-04-24 20:00:00;940.2727849988777;;;;;;;
2022-04-24 21:00:00;927.8943028249604;;;;;;;
2022-04-24 22:00:00;900.2863709124194;;;;;;;
2022-04-24 23:00:00;896.6702874517534;;;;;;;
2022-04-25 00:00:00;846.5847989647577;;;;;;;
2022-04-25 01:00:00;819.2364599454888;;;;;;;
2022-04-25 02:00:00;828.2971627729385;;;;;;;
2022-04-25 03:00:00;808.2105933733571;;;;;;;
2022-04-25 04:00:00;781.3131262213502;;;;;;;
2022-04-25 05:00:00;848.9507377025611;;;;;;;
2022-04-25 06:00:00;882.6272227779957;;;;;;;
2022-04-25 07:00:00;901.0742581148064;;;;;;;
2022-04-25 08:00:00;900.0563807175031;;;;;;;
2022-04-25 09:00:00;868.6023751493797;;;;;;;
2022-04-25 10:00:00;827.4569015657685;;;;;;;
2022-04-25 11:00:00;0.0;;;;;;;
2022-04-25 12:00:00;458.0767086155047;;;;;;;
2022-04-25 13:00:00;0.0;;;;;;;
2022-04-25 14:00:00;0.0;;;;;;;
2022-04-25 15:00:00;0.0;;;;;;;
2022-04-25 16:00:00;968.1790210256171;;;;;;;
2022-04-25 17:00:00;969.1650185939222;;;;;;;
2022-04-25 18:00:00;998.6219805883651;;;;;;;
2022-04-25 19:00:00;993.758029535479;;;;;;;
2022-04-25 20:00:00;999.6421351163112;;;;;;;
2022-04-25 21:00:00;992.9792508556636;;;;;;;
2022-04-25 22:00:00;978.6857018112046;;;;;;;
2022-04-25 23:00:00;915.1674196627046;;;;;;;
2022-04-26 00:00:00;876.8273710309451;;;;;;;
2022-04-26 01:00:00;872.0567823344115;;;;;;;
2022-04-26 02:00:00;878.3280001245085;;;;;;;
2022-04-26 03:00:00;888.1538188479178;;;;;;;
2022-04-26 04:00:00;899.0999858475536;;;;;;;
2022-04-26 05:00:00;922.6569023466658;;;;;;;
2022-04-26 06:00:00;957.5106639643951;;;;;;;
2022-04-26 07:00:00;0.0;;;;;;;
2022-04-26 08:00:00;0.0;;;;;;;
2022-04-26 09:00:00;0.0;;;;;;;
2022-04-26 10:00:00;0.0;;;;;;;
2022-04-26 11:00:00;0.0;;;;;;;
2022-04-26 12:00:00;0.0;;;;;;;
2022-04-26 13:00:00;0.0;;;;;;;
2022-04-26 14:00:00;0.0;;;;;;;
2022-04-26 15:00:00;0.0;;;;;;;
2022-04-26 16:00:00;0.0;;;;;;;
2022-04-26 17:00:00;0.0;;;;;;;
2022-04-26 18:00:00;0.0;;;;;;;
2022-04-26 19:00:00;0.0;;;;;;;
2022-04-26 20:00:00;0.0;;;;;;;
2022-04-26 21:00:00;0.0;;;;;;;
2022-04-26 22:00:00;0.0;;;;;;;
2022-04-26 23:00:00;0.0;;;;;;;
2022-04-27 00:00:00;0.0;;;;;;;
2022-04-27 01:00:00;0.0;;;;;;;
2022-04-27 02:00:00;0.0;;;;;;;
2022-04-27 03:00:00;0.0;;;;;;;
2022-04-27 04:00:00;0.0;;;;;;;
2022-04-27 05:00:00;0.0;;;;;;;
2022-04-27 06:00:00;0.0;;;;;;;
2022-04-27 07:00:00;0.0;;;;;;;
2022-04-27 08:00:00;0.0;;;;;;;
2022-04-27 09:00:00;0.0;;;;;;;
2022-04-27 10:00:00;0.0;;;;;;;
2022-04-27 11:00:00;0.0;;;;;;;
2022-04-27 12:00:00;0.0;;;;;;;
2022-04-27 13:00:00;0.0;;;;;;;
2022-04-27 14:00:00;0.0;;;;;;;
2022-04-27 15:00:00;0.0;;;;;;;
2022-04-27 16:00:00;0.0;;;;;;;
2022-04-27 17:00:00;0.0;;;;;;;
2022-04-27 18:00:00;0.0;;;;;;;
2022-04-27 19:00:00;0.0;;;;;;;
2022-04-27 20:00:00;0.0;;;;;;;
2022-04-27 21:00:00;0.0;;;;;;;
2022-04-27 22:00:00;0.0;;;;;;;
2022-04-27 23:00:00;0.0;;;;;;;
2022-04-28 00:00:00;0.0;;;;;;;
2022-04-28 01:00:00;0.0;;;;;;;
2022-04-28 02:00:00;0.0;;;;;;;
2022-04-28 03:00:00;0.0;;;;;;;
2022-04-28 04:00:00;0.0;;;;;;;
2022-04-28 05:00:00;0.0;;;;;;;
2022-04-28 06:00:00;0.0;;;;;;;
2022-04-28 07:00:00;0.0;;;;;;;
2022-04-28 08:00:00;0.0;;;;;;;
2022-04-28 09:00:00;0.0;;;;;;;
2022-04-28 10:00:00;0.0;;;;;;;
2022-04-28 11:00:00;0.0;;;;;;;
2022-04-28 12:00:00;0.0;;;;;;;
2022-04-28 13:00:00;0.0;;;;;;;
2022-04-28 14:00:00;0.0;;;;;;;
2022-04-28 15:00:00;0.0;;;;;;;
2022-04-28 16:00:00;0.0;;;;;;;
2022-04-28 17:00:00;757.4829540451096;;;;;;;
2022-04-28 18:00:00;808.1673278911452;;;;;;;
2022-04-28 19:00:00;869.863905525456;;;;;;;
2022-04-28 20:00:00;871.8837204055635;;;;;;;
2022-04-28 21:00:00;889.0327912760143;;;;;;;
2022-04-28 22:00:00;889.9277036186099;;;;;;;
2022-04-28 23:00:00;888.6775588957473;;;;;;;
2022-04-29 00:00:00;863.157755782596;;;;;;;
2022-04-29 01:00:00;829.1351468494656;;;;;;;
2022-04-29 02:00:00;828.9711934431886;;;;;;;
2022-04-29 03:00:00;706.0402956950427;;;;;;;
2022-04-29 04:00:00;0.0;;;;;;;
2022-04-29 05:00:00;0.0;;;;;;;
2022-04-29 06:00:00;0.0;;;;;;;
2022-04-29 07:00:00;0.0;;;;;;;
2022-04-29 08:00:00;0.0;;;;;;;
2022-04-29 09:00:00;0.0;;;;;;;
2022-04-29 10:00:00;0.0;;;;;;;
2022-04-29 11:00:00;0.0;;;;;;;
2022-04-29 12:00:00;0.0;;;;;;;
2022-04-29 13:00:00;0.0;;;;;;;
2022-04-29 14:00:00;0.0;;;;;;;
2022-04-29 15:00:00;0.0;;;;;;;
2022-04-29 16:00:00;0.0;;;;;;;
2022-04-29 17:00:00;0.0;;;;;;;
2022-04-29 18:00:00;0.0;;;;;;;
2022-04-29 19:00:00;0.0;;;;;;;
2022-04-29 20:00:00;7.714918617592263;;;;;;;
2022-04-29 21:00:00;80.82219790265708;;;;;;;
2022-04-29 22:00:00;62.851082870178296;;;;;;;
2022-04-29 23:00:00;20.020532610941906;;;;;;;
2022-04-30 00:00:00;0.0;;;;;;;
2022-04-30 01:00:00;0.0;;;;;;;
2022-04-30 02:00:00;3.7140000783037133;;;;;;;
2022-04-30 03:00:00;9.698299407416012;;;;;;;
2022-04-30 04:00:00;14.680661253724123;;;;;;;
2022-04-30 05:00:00;37.415533590808295;;;;;;;
2022-04-30 06:00:00;109.78274541698366;;;;;;;
2022-04-30 07:00:00;134.33249087632905;;;;;;;
2022-04-30 08:00:00;143.14954072500592;;;;;;;
2022-04-30 09:00:00;135.88777110531828;;;;;;;
2022-04-30 10:00:00;147.66736792019572;;;;;;;
2022-04-30 11:00:00;148.02032316981987;;;;;;;
2022-04-30 12:00:00;136.5777416900675;;;;;;;
2022-04-30 13:00:00;137.47037690202038;;;;;;;
2022-04-30 14:00:00;126.20768874304416;;;;;;;
2022-04-30 15:00:00;114.64669646986943;;;;;;;
2022-04-30 16:00:00;124.83457896547388;;;;;;;
2022-04-30 17:00:00;148.9789951704121;;;;;;;
2022-04-30 18:00:00;151.36315095335752;;;;;;;
2022-04-30 19:00:00;153.95224849414927;;;;;;;
2022-04-30 20:00:00;1159.9088668827696;;;;;;;
2022-04-30 21:00:00;1138.3171141283397;;;;;;;
2022-04-30 22:00:00;1125.886257949639;;;;;;;
2022-04-30 23:00:00;1107.4574396579703;;;;;;;
2022-05-01 00:00:00;1028.1859677230173;;;;;;;
2022-05-01 01:00:00;881.9805176754584;;;;;;;
2022-05-01 02:00:00;837.0527300942612;;;;;;;
2022-05-01 03:00:00;808.2584131168546;;;;;;;
2022-05-01 04:00:00;816.3946009033532;;;;;;;
2022-05-01 05:00:00;799.4117605698221;;;;;;;
2022-05-01 06:00:00;826.9923669146503;;;;;;;
2022-05-01 07:00:00;880.072282196845;;;;;;;
2022-05-01 08:00:00;877.0846867935742;;;;;;;
2022-05-01 09:00:00;0.0;;;;;;;
2022-05-01 10:00:00;0.0;;;;;;;
2022-05-01 11:00:00;0.0;;;;;;;
2022-05-01 12:00:00;0.0;;;;;;;
2022-05-01 13:00:00;0.0;;;;;;;
2022-05-01 14:00:00;0.0;;;;;;;
2022-05-01 15:00:00;0.0;;;;;;;
2022-05-01 16:00:00;0.0;;;;;;;
2022-05-01 17:00:00;0.0;;;;;;;
2022-05-01 18:00:00;0.0;;;;;;;
2022-05-01 19:00:00;0.0;;;;;;;
2022-05-01 20:00:00;0.0;;;;;;;
2022-05-01 21:00:00;0.0;;;;;;;
2022-05-01 22:00:00;0.0;;;;;;;
2022-05-01 23:00:00;0.0;;;;;;;
2022-05-02 00:00:00;0.0;;;;;;;
2022-05-02 01:00:00;0.0;;;;;;;
2022-05-02 02:00:00;0.0;;;;;;;
2022-05-02 03:00:00;0.0;;;;;;;
2022-05-02 04:00:00;0.0;;;;;;;
2022-05-02 05:00:00;0.0;;;;;;;
2022-05-02 06:00:00;0.0;;;;;;;
2022-05-02 07:00:00;0.0;;;;;;;
2022-05-02 08:00:00;0.0;;;;;;;
2022-05-02 09:00:00;0.0;;;;;;;
2022-05-02 10:00:00;0.0;;;;;;;
2022-05-02 11:00:00;0.0;;;;;;;
2022-05-02 12:00:00;0.0;;;;;;;
2022-05-02 13:00:00;0.0;;;;;;;
2022-05-02 14:00:00;0.0;;;;;;;
2022-05-02 15:00:00;0.0;;;;;;;
2022-05-02 16:00:00;29.352213984877295;;;;;;;
2022-05-02 17:00:00;1071.4468956737308;;;;;;;
2022-05-02 18:00:00;1082.3566285830825;;;;;;;
2022-05-02 19:00:00;1092.5308482948308;;;;;;;
2022-05-02 20:00:00;1112.895227632826;;;;;;;
2022-05-02 21:00:00;1107.8696003043058;;;;;;;
2022-05-02 22:00:00;1086.4440780867953;;;;;;;
2022-05-02 23:00:00;1054.7259253641143;;;;;;;
2022-05-03 00:00:00;1038.1438600237052;;;;;;;
2022-05-03 01:00:00;1030.8228850073065;;;;;;;
2022-05-03 02:00:00;1037.5540831872363;;;;;;;
2022-05-03 03:00:00;1032.7675545762036;;;;;;;
2022-05-03 04:00:00;1036.8140157283467;;;;;;;
2022-05-03 05:00:00;1075.5138510016584;;;;;;;
2022-05-03 06:00:00;1125.2145044100314;;;;;;;
2022-05-03 07:00:00;1134.2433274084835;;;;;;;
2022-05-03 08:00:00;1109.2495414738044;;;;;;;
2022-05-03 09:00:00;38.26490332054911;;;;;;;
2022-05-03 10:00:00;70.29730007192762;;;;;;;
2022-05-03 11:00:00;79.49690786858427;;;;;;;
2022-05-03 12:00:00;50.581902967112434;;;;;;;
2022-05-03 13:00:00;82.12471663030254;;;;;;;
2022-05-03 14:00:00;85.89336784403193;;;;;;;
2022-05-03 15:00:00;86.59244695135213;;;;;;;
2022-05-03 16:00:00;89.24530415014048;;;;;;;
2022-05-03 17:00:00;78.39933089878514;;;;;;;
2022-05-03 18:00:00;84.51570380517617;;;;;;;
2022-05-03 19:00:00;88.89462603115902;;;;;;;
2022-05-03 20:00:00;86.61749538842224;;;;;;;
2022-05-03 21:00:00;87.14578969753717;;;;;;;
2022-05-03 22:00:00;71.45635956908065;;;;;;;
2022-05-03 23:00:00;38.26262618990637;;;;;;;
2022-05-04 00:00:00;0.0;;;;;;;
2022-05-04 01:00:00;0.0;;;;;;;
2022-05-04 02:00:00;0.0;;;;;;;
2022-05-04 03:00:00;0.0;;;;;;;
2022-05-04 04:00:00;0.0;;;;;;;
2022-05-04 05:00:00;0.0;;;;;;;
2022-05-04 06:00:00;0.0;;;;;;;
2022-05-04 07:00:00;0.0;;;;;;;
2022-05-04 08:00:00;0.0;;;;;;;
2022-05-04 09:00:00;815.7342330169596;;;;;;;
2022-05-04 10:00:00;361.280439254049;;;;;;;
2022-05-04 11:00:00;821.5363618946529;;;;;;;
2022-05-04 12:00:00;642.3762771854073;;;;;;;
2022-05-04 13:00:00;811.5420355036813;;;;;;;
2022-05-04 14:00:00;809.9457669231225;;;;;;;
2022-05-04 15:00:00;839.5598509319145;;;;;;;
2022-05-04 16:00:00;850.9386727536702;;;;;;;
2022-05-04 17:00:00;887.6323559307311;;;;;;;
2022-05-04 18:00:00;895.1468870517625;;;;;;;
2022-05-04 19:00:00;897.1279907109435;;;;;;;
2022-05-04 20:00:00;902.297077269956;;;;;;;
2022-05-04 21:00:00;911.1596697314877;;;;;;;
2022-05-04 22:00:00;899.3026504747572;;;;;;;
2022-05-04 23:00:00;887.5754276646627;;;;;;;
2022-05-05 00:00:00;818.4030301302472;;;;;;;
2022-05-05 01:00:00;781.0558104587208;;;;;;;
2022-05-05 02:00:00;774.7185558799844;;;;;;;
2022-05-05 03:00:00;786.1656916210223;;;;;;;
2022-05-05 04:00:00;757.9839227865117;;;;;;;
2022-05-05 05:00:00;757.1163360116288;;;;;;;
2022-05-05 06:00:00;744.5351892105081;;;;;;;
2022-05-05 07:00:00;757.2210840211949;;;;;;;
2022-05-05 08:00:00;754.1287406083583;;;;;;;
2022-05-05 09:00:00;748.5292763578686;;;;;;;
2022-05-05 10:00:00;0.0;;;;;;;
2022-05-05 11:00:00;0.0;;;;;;;
2022-05-05 12:00:00;0.0;;;;;;;
2022-05-05 13:00:00;0.0;;;;;;;
2022-05-05 14:00:00;0.0;;;;;;;
2022-05-05 15:00:00;0.0;;;;;;;
2022-05-05 16:00:00;0.0;;;;;;;
2022-05-05 17:00:00;786.7418056736348;;;;;;;
2022-05-05 18:00:00;807.7528901141671;;;;;;;
2022-05-05 19:00:00;822.5610706838842;;;;;;;
2022-05-05 20:00:00;849.9253496176525;;;;;;;
2022-05-05 21:00:00;816.7703274594047;;;;;;;
2022-05-05 22:00:00;827.3384907723463;;;;;;;
2022-05-05 23:00:00;837.0026332201212;;;;;;;
2022-05-06 00:00:00;842.4927951997596;;;;;;;
2022-05-06 01:00:00;688.3583762541914;;;;;;;
2022-05-06 02:00:00;495.4740251611712;;;;;;;
2022-05-06 03:00:00;883.8136078428615;;;;;;;
2022-05-06 04:00:00;0.0;;;;;;;
2022-05-06 05:00:00;963.1420080438835;;;;;;;
2022-05-06 06:00:00;1068.1450562417624;;;;;;;
2022-05-06 07:00:00;1111.3741043634777;;;;;;;
2022-05-06 08:00:00;1075.702852845006;;;;;;;
2022-05-06 09:00:00;57.64556222088198;;;;;;;
2022-05-06 10:00:00;42.47759500961219;;;;;;;
2022-05-06 11:00:00;29.891893947205915;;;;;;;
2022-05-06 12:00:00;63.3338345664385;;;;;;;
2022-05-06 13:00:00;70.4202651266354;;;;;;;
2022-05-06 14:00:00;75.40490410358625;;;;;;;
2022-05-06 15:00:00;89.11778483414724;;;;;;;
2022-05-06 16:00:00;89.86240655432218;;;;;;;
2022-05-06 17:00:00;1106.407682431669;;;;;;;
2022-05-06 18:00:00;1123.684272618113;;;;;;;
2022-05-06 19:00:00;1129.7004517762234;;;;;;;
2022-05-06 20:00:00;1128.7645510820587;;;;;;;
2022-05-06 21:00:00;1128.5641635854977;;;;;;;
2022-05-06 22:00:00;1129.7141145600797;;;;;;;
2022-05-06 23:00:00;1106.4896591348072;;;;;;;
2022-05-07 00:00:00;1103.7457167103096;;;;;;;
2022-05-07 01:00:00;1097.5610298846361;;;;;;;
2022-05-07 02:00:00;1102.668633916295;;;;;;;
2022-05-07 03:00:00;1108.3865089602068;;;;;;;
2022-05-07 04:00:00;1106.9109283037137;;;;;;;
2022-05-07 05:00:00;1119.617317290185;;;;;;;
2022-05-07 06:00:00;1158.8158441742562;;;;;;;
2022-05-07 07:00:00;1151.4720978514301;;;;;;;
2022-05-07 08:00:00;1156.0627932271875;;;;;;;
2022-05-07 09:00:00;1144.3150762413081;;;;;;;
2022-05-07 10:00:00;1136.5500607495756;;;;;;;
2022-05-07 11:00:00;1145.1849401468337;;;;;;;
2022-05-07 12:00:00;1143.0398830813758;;;;;;;
2022-05-07 13:00:00;1147.0544644045206;;;;;;;
2022-05-07 14:00:00;1133.8379981540763;;;;;;;
2022-05-07 15:00:00;1118.9022982683655;;;;;;;
2022-05-07 16:00:00;1123.6683327036137;;;;;;;
2022-05-07 17:00:00;1134.304809935837;;;;;;;
2022-05-07 18:00:00;1136.9235101749846;;;;;;;
2022-05-07 19:00:00;1138.5220558861859;;;;;;;
2022-05-07 20:00:00;1183.6821107929418;;;;;;;
2022-05-07 21:00:00;1157.6977730286724;;;;;;;
2022-05-07 22:00:00;1111.9160614564491;;;;;;;
2022-05-07 23:00:00;1094.930943992275;;;;;;;
2022-05-08 00:00:00;1042.3315032756977;;;;;;;
2022-05-08 01:00:00;1015.4795787365459;;;;;;;
2022-05-08 02:00:00;987.6575965435877;;;;;;;
2022-05-08 03:00:00;1019.4053519646238;;;;;;;
2022-05-08 04:00:00;983.6840035720119;;;;;;;
2022-05-08 05:00:00;1002.9508059402079;;;;;;;
2022-05-08 06:00:00;1078.1120570650212;;;;;;;
2022-05-08 07:00:00;1084.9981001286574;;;;;;;
2022-05-08 08:00:00;1079.9701956694946;;;;;;;
2022-05-08 09:00:00;1080.3960190996866;;;;;;;
2022-05-08 10:00:00;53.303074085182914;;;;;;;
2022-05-08 11:00:00;60.266539590672025;;;;;;;
2022-05-08 12:00:00;58.60651135211691;;;;;;;
2022-05-08 13:00:00;44.70918303949424;;;;;;;
2022-05-08 14:00:00;48.828512372205104;;;;;;;
2022-05-08 15:00:00;39.55831352562362;;;;;;;
2022-05-08 16:00:00;46.667515392247886;;;;;;;
2022-05-08 17:00:00;26.218882220471464;;;;;;;
2022-05-08 18:00:00;39.6129646610493;;;;;;;
2022-05-08 19:00:00;1043.1899815280094;;;;;;;
2022-05-08 20:00:00;1038.9363014873775;;;;;;;
2022-05-08 21:00:00;14.990351021136325;;;;;;;
2022-05-08 22:00:00;7.751352707876051;;;;;;;
2022-05-08 23:00:00;0.0;;;;;;;
2022-05-09 00:00:00;0.0;;;;;;;
2022-05-09 01:00:00;0.0;;;;;;;
2022-05-09 02:00:00;0.0;;;;;;;
2022-05-09 03:00:00;0.0;;;;;;;
2022-05-09 04:00:00;0.0;;;;;;;
2022-05-09 05:00:00;0.0;;;;;;;
2022-05-09 06:00:00;0.0;;;;;;;
2022-05-09 07:00:00;285.71385887482853;;;;;;;
2022-05-09 08:00:00;80.1299501872651;;;;;;;
2022-05-09 09:00:00;70.27908302678573;;;;;;;
2022-05-09 10:00:00;88.4346456413262;;;;;;;
2022-05-09 11:00:00;75.65311134364457;;;;;;;
2022-05-09 12:00:00;42.01078322785114;;;;;;;
2022-05-09 13:00:00;58.2102906202807;;;;;;;
2022-05-09 14:00:00;116.709776832189;;;;;;;
2022-05-09 15:00:00;114.82203552936015;;;;;;;
2022-05-09 16:00:00;116.70294544026076;;;;;;;
2022-05-09 17:00:00;1123.0853872590733;;;;;;;
2022-05-09 18:00:00;1141.9764630712173;;;;;;;
2022-05-09 19:00:00;1152.1005859088255;;;;;;;
2022-05-09 20:00:00;1143.1628481360835;;;;;;;
2022-05-09 21:00:00;1136.816485034776;;;;;;;
2022-05-09 22:00:00;1127.4916350527685;;;;;;;
2022-05-09 23:00:00;1117.2832583813797;;;;;;;
2022-05-10 00:00:00;1110.0784170277607;;;;;;;
2022-05-10 01:00:00;1113.2572914050209;;;;;;;
2022-05-10 02:00:00;1075.1904984503901;;;;;;;
2022-05-10 03:00:00;1063.6112891320731;;;;;;;
2022-05-10 04:00:00;1070.6999968229131;;;;;;;
2022-05-10 05:00:00;1079.6172404198703;;;;;;;
2022-05-10 06:00:00;1121.2545742223128;;;;;;;
2022-05-10 07:00:00;1144.1943883172435;;;;;;;
2022-05-10 08:00:00;1139.3737027465693;;;;;;;
2022-05-10 09:00:00;1152.1597913055366;;;;;;;
2022-05-10 10:00:00;155.4961430699248;;;;;;;
2022-05-10 11:00:00;150.50922696233124;;;;;;;
2022-05-10 12:00:00;140.84280738391354;;;;;;;
2022-05-10 13:00:00;133.10056319860846;;;;;;;
2022-05-10 14:00:00;130.89857786708197;;;;;;;
2022-05-10 15:00:00;119.71786641124429;;;;;;;
2022-05-10 16:00:00;120.09587009793862;;;;;;;
2022-05-10 17:00:00;1133.259606970821;;;;;;;
2022-05-10 18:00:00;1145.7724398526593;;;;;;;
2022-05-10 19:00:00;1147.6829524619156;;;;;;;
2022-05-10 20:00:00;1117.1557390653866;;;;;;;
2022-05-10 21:00:00;1106.674106716869;;;;;;;
2022-05-10 22:00:00;1122.8349028883717;;;;;;;
2022-05-10 23:00:00;1088.705268815033;;;;;;;
2022-05-11 00:00:00;878.1799866327306;;;;;;;
2022-05-11 01:00:00;0.0;;;;;;;
2022-05-11 02:00:00;0.0;;;;;;;
2022-05-11 03:00:00;0.0;;;;;;;
2022-05-11 04:00:00;0.0;;;;;;;
2022-05-11 05:00:00;0.0;;;;;;;
2022-05-11 06:00:00;0.0;;;;;;;
2022-05-11 07:00:00;0.0;;;;;;;
2022-05-11 08:00:00;0.0;;;;;;;
2022-05-11 09:00:00;0.0;;;;;;;
2022-05-11 10:00:00;0.0;;;;;;;
2022-05-11 11:00:00;0.0;;;;;;;
2022-05-11 12:00:00;0.0;;;;;;;
2022-05-11 13:00:00;0.0;;;;;;;
2022-05-11 14:00:00;0.0;;;;;;;
2022-05-11 15:00:00;0.0;;;;;;;
2022-05-11 16:00:00;0.0;;;;;;;
2022-05-11 17:00:00;0.0;;;;;;;
2022-05-11 18:00:00;0.0;;;;;;;
2022-05-11 19:00:00;0.0;;;;;;;
2022-05-11 20:00:00;0.0;;;;;;;
2022-05-11 21:00:00;0.0;;;;;;;
2022-05-11 22:00:00;0.0;;;;;;;
2022-05-11 23:00:00;0.0;;;;;;;
2022-05-12 00:00:00;0.0;;;;;;;
2022-05-12 01:00:00;0.0;;;;;;;
2022-05-12 02:00:00;0.0;;;;;;;
2022-05-12 03:00:00;0.0;;;;;;;
2022-05-12 04:00:00;0.0;;;;;;;
2022-05-12 05:00:00;0.0;;;;;;;
2022-05-12 06:00:00;0.0;;;;;;;
2022-05-12 07:00:00;0.0;;;;;;;
2022-05-12 08:00:00;0.0;;;;;;;
2022-05-12 09:00:00;0.0;;;;;;;
2022-05-12 10:00:00;0.0;;;;;;;
2022-05-12 11:00:00;0.0;;;;;;;
2022-05-12 12:00:00;0.0;;;;;;;
2022-05-12 13:00:00;0.0;;;;;;;
2022-05-12 14:00:00;0.0;;;;;;;
2022-05-12 15:00:00;0.0;;;;;;;
2022-05-12 16:00:00;0.0;;;;;;;
2022-05-12 17:00:00;0.0;;;;;;;
2022-05-12 18:00:00;0.0;;;;;;;
2022-05-12 19:00:00;0.0;;;;;;;
2022-05-12 20:00:00;0.0;;;;;;;
2022-05-12 21:00:00;0.0;;;;;;;
2022-05-12 22:00:00;0.0;;;;;;;
2022-05-12 23:00:00;0.0;;;;;;;
2022-05-13 00:00:00;0.0;;;;;;;
2022-05-13 01:00:00;0.0;;;;;;;
2022-05-13 02:00:00;0.0;;;;;;;
2022-05-13 03:00:00;0.0;;;;;;;
2022-05-13 04:00:00;0.0;;;;;;;
2022-05-13 05:00:00;0.0;;;;;;;
2022-05-13 06:00:00;0.0;;;;;;;
2022-05-13 07:00:00;0.0;;;;;;;
2022-05-13 08:00:00;0.0;;;;;;;
2022-05-13 09:00:00;0.0;;;;;;;
2022-05-13 10:00:00;0.0;;;;;;;
2022-05-13 11:00:00;0.0;;;;;;;
2022-05-13 12:00:00;0.0;;;;;;;
2022-05-13 13:00:00;0.0;;;;;;;
2022-05-13 14:00:00;0.0;;;;;;;
2022-05-13 15:00:00;0.0;;;;;;;
2022-05-13 16:00:00;0.0;;;;;;;
2022-05-13 17:00:00;0.0;;;;;;;
2022-05-13 18:00:00;0.0;;;;;;;
2022-05-13 19:00:00;0.0;;;;;;;
2022-05-13 20:00:00;1016.9301109559692;;;;;;;
2022-05-13 21:00:00;1000.2660689124212;;;;;;;
2022-05-13 22:00:00;1025.237083540673;;;;;;;
2022-05-13 23:00:00;880.6575047720283;;;;;;;
2022-05-14 00:00:00;0.0;;;;;;;
2022-05-14 01:00:00;267.2440522315904;;;;;;;
2022-05-14 02:00:00;952.8334376242138;;;;;;;
2022-05-14 03:00:00;991.036858417409;;;;;;;
2022-05-14 04:00:00;1005.6104945309245;;;;;;;
2022-05-14 05:00:00;1073.0568270381455;;;;;;;
2022-05-14 06:00:00;1055.627669098638;;;;;;;
2022-05-14 07:00:00;109.24306545465501;;;;;;;
2022-05-14 08:00:00;80.70606423987752;;;;;;;
2022-05-14 09:00:00;70.8529199487554;;;;;;;
2022-05-14 10:00:00;45.39459936295802;;;;;;;
2022-05-14 11:00:00;26.08680864319273;;;;;;;
2022-05-14 12:00:00;12.089286582289649;;;;;;;
2022-05-14 13:00:00;12.940933442673211;;;;;;;
2022-05-14 14:00:00;39.81562928825287;;;;;;;
2022-05-14 15:00:00;48.174975877739655;;;;;;;
2022-05-14 16:00:00;35.26364513342202;;;;;;;
2022-05-14 17:00:00;42.013060358493874;;;;;;;
2022-05-14 18:00:00;71.46774522229434;;;;;;;
2022-05-14 19:00:00;77.57045534482894;;;;;;;
2022-05-14 20:00:00;88.45513981711082;;;;;;;
2022-05-14 21:00:00;98.55876847893396;;;;;;;
2022-05-14 22:00:00;66.64478252097778;;;;;;;
2022-05-14 23:00:00;63.62758441935155;;;;;;;
2022-05-15 00:00:00;45.007487153692765;;;;;;;
2022-05-15 01:00:00;30.294946070970326;;;;;;;
2022-05-15 02:00:00;16.11753068929104;;;;;;;
2022-05-15 03:00:00;35.38888731877255;;;;;;;
2022-05-15 04:00:00;41.52575440094821;;;;;;;
2022-05-15 05:00:00;65.79996705252245;;;;;;;
2022-05-15 06:00:00;98.6703478804281;;;;;;;
2022-05-15 07:00:00;100.37819586248068;;;;;;;
2022-05-15 08:00:00;102.32286543137792;;;;;;;
2022-05-15 09:00:00;101.98357296561014;;;;;;;
2022-05-15 10:00:00;90.55465426971415;;;;;;;
2022-05-15 11:00:00;77.2402714016321;;;;;;;
2022-05-15 12:00:00;69.77128289345542;;;;;;;
2022-05-15 13:00:00;12.947764834601418;;;;;;;
2022-05-15 14:00:00;0.0;;;;;;;
2022-05-15 15:00:00;0.0;;;;;;;
2022-05-15 16:00:00;0.7286818056757746;;;;;;;
2022-05-15 17:00:00;37.89828528706849;;;;;;;
2022-05-15 18:00:00;48.539316780577536;;;;;;;
2022-05-15 19:00:00;1051.5379424642829;;;;;;;
2022-05-15 20:00:00;1071.230568262671;;;;;;;
2022-05-15 21:00:00;1045.1710851871906;;;;;;;
2022-05-15 22:00:00;1042.8301948864573;;;;;;;
2022-05-15 23:00:00;999.8652939192996;;;;;;;
2022-05-16 00:00:00;973.1522743493541;;;;;;;
2022-05-16 01:00:00;939.5099462335608;;;;;;;
2022-05-16 02:00:00;941.7597513085849;;;;;;;
2022-05-16 03:00:00;941.6481719070908;;;;;;;
2022-05-16 04:00:00;952.8106663177862;;;;;;;
2022-05-16 05:00:00;980.0975228097014;;;;;;;
2022-05-16 06:00:00;1027.295609641707;;;;;;;
2022-05-16 07:00:00;1104.754485585042;;;;;;;
2022-05-16 08:00:00;89.08362787450619;;;;;;;
2022-05-16 09:00:00;83.95325253642018;;;;;;;
2022-05-16 10:00:00;82.1657049818718;;;;;;;
2022-05-16 11:00:00;67.78562497298893;;;;;;;
2022-05-16 12:00:00;76.32031062196644;;;;;;;
2022-05-16 13:00:00;83.52970623687115;;;;;;;
2022-05-16 14:00:00;52.47419853122671;;;;;;;
2022-05-16 15:00:00;46.00259324456874;;;;;;;
2022-05-16 16:00:00;52.490138445725876;;;;;;;
2022-05-16 17:00:00;66.86338706268053;;;;;;;
2022-05-16 18:00:00;62.25675177242399;;;;;;;
2022-05-16 19:00:00;54.70578656110878;;;;;;;
2022-05-16 20:00:00;61.48252735389348;;;;;;;
2022-05-16 21:00:00;58.335532805631225;;;;;;;
2022-05-16 22:00:00;55.73960387291128;;;;;;;
2022-05-16 23:00:00;32.23733850922481;;;;;;;
2022-05-17 00:00:00;28.905896378900884;;;;;;;
2022-05-17 01:00:00;57.60457386931272;;;;;;;
2022-05-17 02:00:00;47.3620402382826;;;;;;;
2022-05-17 03:00:00;40.02057104609918;;;;;;;
2022-05-17 04:00:00;66.24400752785611;;;;;;;
2022-05-17 05:00:00;86.33513118872287;;;;;;;
2022-05-17 06:00:00;61.56222692638927;;;;;;;
2022-05-17 07:00:00;80.93150017350844;;;;;;;
2022-05-17 08:00:00;90.20853041201816;;;;;;;
2022-05-17 09:00:00;98.40164646458514;;;;;;;
2022-05-17 10:00:00;96.2520351378416;;;;;;;
2022-05-17 11:00:00;93.73808290826018;;;;;;;
2022-05-17 12:00:00;82.45262344285663;;;;;;;
2022-05-17 13:00:00;109.16792014344472;;;;;;;
2022-05-17 14:00:00;116.30900183906732;;;;;;;
2022-05-17 15:00:00;119.63361257746303;;;;;;;
2022-05-17 16:00:00;145.40617719195808;;;;;;;
2022-05-17 17:00:00;159.1167807918763;;;;;;;
2022-05-17 18:00:00;166.22825978914335;;;;;;;
2022-05-17 19:00:00;1178.4606502291465;;;;;;;
2022-05-17 20:00:00;1171.0098787661116;;;;;;;
2022-05-17 21:00:00;1151.1441910388753;;;;;;;
2022-05-17 22:00:00;1094.9924265196291;;;;;;;
2022-05-17 23:00:00;1025.0025390844712;;;;;;;
2022-05-18 00:00:00;958.2666713377838;;;;;;;
2022-05-18 01:00:00;909.556569759001;;;;;;;
2022-05-18 02:00:00;874.6936996187006;;;;;;;
2022-05-18 03:00:00;874.9441839894017;;;;;;;
2022-05-18 04:00:00;879.4642883152343;;;;;;;
2022-05-18 05:00:00;881.8051786159677;;;;;;;
2022-05-18 06:00:00;880.9512546249415;;;;;;;
2022-05-18 07:00:00;899.7876793016602;;;;;;;
2022-05-18 08:00:00;932.913098761552;;;;;;;
2022-05-18 09:00:00;0.0;;;;;;;
2022-05-18 10:00:00;0.0;;;;;;;
2022-05-18 11:00:00;0.0;;;;;;;
2022-05-18 12:00:00;0.0;;;;;;;
2022-05-18 13:00:00;0.0;;;;;;;
2022-05-18 14:00:00;0.0;;;;;;;
2022-05-18 15:00:00;0.0;;;;;;;
2022-05-18 16:00:00;0.0;;;;;;;
2022-05-18 17:00:00;0.0;;;;;;;
2022-05-18 18:00:00;886.5484417447883;;;;;;;
2022-05-18 19:00:00;892.8743106703114;;;;;;;
2022-05-18 20:00:00;896.4653456939072;;;;;;;
2022-05-18 21:00:00;893.5642812550606;;;;;;;
2022-05-18 22:00:00;886.6349727092125;;;;;;;
2022-05-18 23:00:00;885.6193724425517;;;;;;;
2022-05-19 00:00:00;894.1927693124559;;;;;;;
2022-05-19 01:00:00;839.5029226658462;;;;;;;
2022-05-19 02:00:00;848.8528210849234;;;;;;;
2022-05-19 03:00:00;830.4490512303246;;;;;;;
2022-05-19 04:00:00;824.874635416905;;;;;;;
2022-05-19 05:00:00;0.0;;;;;;;
2022-05-19 06:00:00;0.0;;;;;;;
2022-05-19 07:00:00;0.0;;;;;;;
2022-05-19 08:00:00;0.0;;;;;;;
2022-05-19 09:00:00;0.0;;;;;;;
2022-05-19 10:00:00;0.0;;;;;;;
2022-05-19 11:00:00;0.0;;;;;;;
2022-05-19 12:00:00;0.0;;;;;;;
2022-05-19 13:00:00;0.0;;;;;;;
2022-05-19 14:00:00;0.0;;;;;;;
2022-05-19 15:00:00;0.0;;;;;;;
2022-05-19 16:00:00;0.0;;;;;;;
2022-05-19 17:00:00;0.0;;;;;;;
2022-05-19 18:00:00;0.0;;;;;;;
2022-05-19 19:00:00;824.0480369935917;;;;;;;
2022-05-19 20:00:00;827.2883938982061;;;;;;;
2022-05-19 21:00:00;829.1852437236058;;;;;;;
2022-05-19 22:00:00;819.527932667759;;;;;;;
2022-05-19 23:00:00;814.5296309069518;;;;;;;
2022-05-20 00:00:00;817.3327787281607;;;;;;;
2022-05-20 01:00:00;844.3190539752346;;;;;;;
2022-05-20 02:00:00;860.8692394866456;;;;;;;
2022-05-20 03:00:00;867.2565909395223;;;;;;;
2022-05-20 04:00:00;929.4222574862367;;;;;;;
2022-05-20 05:00:00;972.0137090279857;;;;;;;
2022-05-20 06:00:00;1038.515032318471;;;;;;;
2022-05-20 07:00:00;473.47011176040553;;;;;;;
2022-05-20 08:00:00;43.928127229035525;;;;;;;
2022-05-20 09:00:00;75.9901266787696;;;;;;;
2022-05-20 10:00:00;58.718090753611;;;;;;;
2022-05-20 11:00:00;53.78582578144311;;;;;;;
2022-05-20 12:00:00;69.56634113560911;;;;;;;
2022-05-20 13:00:00;70.14473231886424;;;;;;;
2022-05-20 14:00:00;59.29420480622341;;;;;;;
2022-05-20 15:00:00;53.8154284797987;;;;;;;
2022-05-20 16:00:00;58.77501901967943;;;;;;;
2022-05-20 17:00:00;1098.972850883133;;;;;;;
2022-05-20 18:00:00;1113.908550768844;;;;;;;
2022-05-20 19:00:00;1126.5807827956742;;;;;;;
2022-05-20 20:00:00;1130.1877577337693;;;;;;;
2022-05-20 21:00:00;1121.3046710964527;;;;;;;
2022-05-20 22:00:00;1111.2852962684108;;;;;;;
2022-05-20 23:00:00;1104.5313267820538;;;;;;;
2022-05-21 00:00:00;1076.4315346506814;;;;;;;
2022-05-21 01:00:00;43.304193432925636;;;;;;;
2022-05-21 02:00:00;0.0;;;;;;;
2022-05-21 03:00:00;0.0;;;;;;;
2022-05-21 04:00:00;0.0;;;;;;;
2022-05-21 05:00:00;0.0;;;;;;;
2022-05-21 06:00:00;23.347420479980368;;;;;;;
2022-05-21 07:00:00;71.37665999658486;;;;;;;
2022-05-21 08:00:00;86.96361924611821;;;;;;;
2022-05-21 09:00:00;128.92202846918642;;;;;;;
2022-05-21 10:00:00;89.73033297704343;;;;;;;
2022-05-21 11:00:00;90.83246420812804;;;;;;;
2022-05-21 12:00:00;54.8492457916012;;;;;;;
2022-05-21 13:00:00;46.075461425136325;;;;;;;
2022-05-21 14:00:00;60.104863315037726;;;;;;;
2022-05-21 15:00:00;100.95658704573583;;;;;;;
2022-05-21 16:00:00;106.36704945287846;;;;;;;
2022-05-21 17:00:00;126.34203945096563;;;;;;;
2022-05-21 18:00:00;164.4498207571659;;;;;;;
2022-05-21 19:00:00;170.37491468956702;;;;;;;
2022-05-21 20:00:00;174.27563948057517;;;;;;;
2022-05-21 21:00:00;172.6133341113773;;;;;;;
2022-05-21 22:00:00;165.49046946089663;;;;;;;
2022-05-21 23:00:00;144.90748558119876;;;;;;;
2022-05-22 00:00:00;66.22579048271423;;;;;;;
2022-05-22 01:00:00;26.223436481756934;;;;;;;
2022-05-22 02:00:00;0.0;;;;;;;
2022-05-22 03:00:00;0.0;;;;;;;
2022-05-22 04:00:00;0.0;;;;;;;
2022-05-22 05:00:00;0.0;;;;;;;
2022-05-22 06:00:00;0.0;;;;;;;
2022-05-22 07:00:00;0.0;;;;;;;
2022-05-22 08:00:00;0.0;;;;;;;
2022-05-22 09:00:00;10.388269992165261;;;;;;;
2022-05-22 10:00:00;12.569761147907112;;;;;;;
2022-05-22 11:00:00;11.180711455837667;;;;;;;
2022-05-22 12:00:00;2.5799890182207896;;;;;;;
2022-05-22 13:00:00;1.8171502529039625;;;;;;;
2022-05-22 14:00:00;0.0;;;;;;;
2022-05-22 15:00:00;0.0;;;;;;;
2022-05-22 16:00:00;0.0;;;;;;;
2022-05-22 17:00:00;0.0;;;;;;;
2022-05-22 18:00:00;50.09004274828129;;;;;;;
2022-05-22 19:00:00;76.10170608026371;;;;;;;
2022-05-22 20:00:00;66.6698309580479;;;;;;;
2022-05-22 21:00:00;75.00412911046458;;;;;;;
2022-05-22 22:00:00;66.01629446358244;;;;;;;
2022-05-22 23:00:00;55.40714279907171;;;;;;;
2022-05-23 00:00:00;54.858354314172146;;;;;;;
2022-05-23 01:00:00;37.11495234596703;;;;;;;
2022-05-23 02:00:00;17.88002980676932;;;;;;;
2022-05-23 03:00:00;36.94872180904725;;;;;;;
2022-05-23 04:00:00;41.780793032934724;;;;;;;
2022-05-23 05:00:00;63.61392163549512;;;;;;;
2022-05-23 06:00:00;147.71746479433594;;;;;;;
2022-05-23 07:00:00;137.957682859566;;;;;;;
2022-05-23 08:00:00;108.07034317364557;;;;;;;
2022-05-23 09:00:00;111.32891712340195;;;;;;;
2022-05-23 10:00:00;98.52461151929293;;;;;;;
2022-05-23 11:00:00;112.53579636405243;;;;;;;
2022-05-23 12:00:00;134.58525237767284;;;;;;;
2022-05-23 13:00:00;105.3856061458589;;;;;;;
2022-05-23 14:00:00;100.64689727832364;;;;;;;
2022-05-23 15:00:00;128.3777942455723;;;;;;;
2022-05-23 16:00:00;164.8597042728585;;;;;;;
2022-05-23 17:00:00;141.31417342696002;;;;;;;
2022-05-23 18:00:00;154.63766481761306;;;;;;;
2022-05-23 19:00:00;1184.8912671642352;;;;;;;
2022-05-23 20:00:00;1185.6950942811213;;;;;;;
2022-05-23 21:00:00;1178.3308537825105;;;;;;;
2022-05-23 22:00:00;1176.1675796719105;;;;;;;
2022-05-23 23:00:00;1166.5307627918482;;;;;;;
2022-05-24 00:00:00;1144.8911902939205;;;;;;;
2022-05-24 01:00:00;1158.01201705737;;;;;;;
2022-05-24 02:00:00;1167.218456245955;;;;;;;
2022-05-24 03:00:00;1160.3734015338882;;;;;;;
2022-05-24 04:00:00;1151.4857606352862;;;;;;;
2022-05-24 05:00:00;1156.8028606860767;;;;;;;
2022-05-24 06:00:00;1143.1833423118683;;;;;;;
2022-05-24 07:00:00;1148.8442890897115;;;;;;;
2022-05-24 08:00:00;408.67435932133;;;;;;;
2022-05-24 09:00:00;184.58648703088735;;;;;;;
2022-05-24 10:00:00;172.22166764082658;;;;;;;
2022-05-24 11:00:00;105.66569321491552;;;;;;;
2022-05-24 12:00:00;146.19861865563047;;;;;;;
2022-05-24 13:00:00;107.07523708276962;;;;;;;
2022-05-24 14:00:00;137.76868101621886;;;;;;;
2022-05-24 15:00:00;140.32134446672683;;;;;;;
2022-05-24 16:00:00;138.89813781501633;;;;;;;
2022-05-24 17:00:00;121.02949366146069;;;;;;;
2022-05-24 18:00:00;1116.2038984567225;;;;;;;
2022-05-24 19:00:00;1118.510631797815;;;;;;;
2022-05-24 20:00:00;1109.7414016926355;;;;;;;
2022-05-24 21:00:00;1111.8409161452387;;;;;;;
2022-05-24 22:00:00;1078.7883648659138;;;;;;;
2022-05-24 23:00:00;1047.470987136355;;;;;;;
2022-05-25 00:00:00;998.3851590015206;;;;;;;
2022-05-25 01:00:00;939.8424073074003;;;;;;;
2022-05-25 02:00:00;890.4081781842275;;;;;;;
2022-05-25 03:00:00;0.0;;;;;;;
2022-05-25 04:00:00;0.0;;;;;;;
2022-05-25 05:00:00;862.5338219864863;;;;;;;
2022-05-25 06:00:00;408.2029932782835;;;;;;;
2022-05-25 07:00:00;0.0;;;;;;;
2022-05-25 08:00:00;0.0;;;;;;;
2022-05-25 09:00:00;0.0;;;;;;;
2022-05-25 10:00:00;0.0;;;;;;;
2022-05-25 11:00:00;0.0;;;;;;;
2022-05-25 12:00:00;0.0;;;;;;;
2022-05-25 13:00:00;0.0;;;;;;;
2022-05-25 14:00:00;0.0;;;;;;;
2022-05-25 15:00:00;0.0;;;;;;;
2022-05-25 16:00:00;0.0;;;;;;;
2022-05-25 17:00:00;0.0;;;;;;;
2022-05-25 18:00:00;0.0;;;;;;;
2022-05-25 19:00:00;0.0;;;;;;;
2022-05-25 20:00:00;0.0;;;;;;;
2022-05-25 21:00:00;901.2063316920852;;;;;;;
2022-05-25 22:00:00;0.0;;;;;;;
2022-05-25 23:00:00;0.0;;;;;;;
2022-05-26 00:00:00;0.0;;;;;;;
2022-05-26 01:00:00;0.0;;;;;;;
2022-05-26 02:00:00;0.0;;;;;;;
2022-05-26 03:00:00;0.0;;;;;;;
2022-05-26 04:00:00;0.0;;;;;;;
2022-05-26 05:00:00;0.0;;;;;;;
2022-05-26 06:00:00;0.0;;;;;;;
2022-05-26 07:00:00;0.0;;;;;;;
2022-05-26 08:00:00;0.0;;;;;;;
2022-05-26 09:00:00;0.0;;;;;;;
2022-05-26 10:00:00;0.0;;;;;;;
2022-05-26 11:00:00;0.0;;;;;;;
2022-05-26 12:00:00;0.0;;;;;;;
2022-05-26 13:00:00;0.0;;;;;;;
2022-05-26 14:00:00;0.0;;;;;;;
2022-05-26 15:00:00;0.0;;;;;;;
2022-05-26 16:00:00;0.0;;;;;;;
2022-05-26 17:00:00;0.0;;;;;;;
2022-05-26 18:00:00;0.0;;;;;;;
2022-05-26 19:00:00;0.0;;;;;;;
2022-05-26 20:00:00;0.0;;;;;;;
2022-05-26 21:00:00;0.0;;;;;;;
2022-05-26 22:00:00;0.0;;;;;;;
2022-05-26 23:00:00;0.0;;;;;;;
2022-05-27 00:00:00;0.0;;;;;;;
2022-05-27 01:00:00;0.0;;;;;;;
2022-05-27 02:00:00;0.0;;;;;;;
2022-05-27 03:00:00;0.0;;;;;;;
2022-05-27 04:00:00;0.0;;;;;;;
2022-05-27 05:00:00;0.0;;;;;;;
2022-05-27 06:00:00;0.0;;;;;;;
2022-05-27 07:00:00;222.7785221708689;;;;;;;
2022-05-27 08:00:00;29.66645801357497;;;;;;;
2022-05-27 09:00:00;27.76277679624701;;;;;;;
2022-05-27 10:00:00;40.53064831007222;;;;;;;
2022-05-27 11:00:00;42.42066674354376;;;;;;;
2022-05-27 12:00:00;38.80686041352047;;;;;;;
2022-05-27 13:00:00;70.48630191527478;;;;;;;
2022-05-27 14:00:00;77.91202494123947;;;;;;;
2022-05-27 15:00:00;68.7921167170786;;;;;;;
2022-05-27 16:00:00;70.0559242237975;;;;;;;
2022-05-27 17:00:00;125.52682668086587;;;;;;;
2022-05-27 18:00:00;124.21975369193491;;;;;;;
2022-05-27 19:00:00;1140.5987990323615;;;;;;;
2022-05-27 20:00:00;1135.967115305035;;;;;;;
2022-05-27 21:00:00;1118.576668586454;;;;;;;
2022-05-27 22:00:00;1117.781949992139;;;;;;;
2022-05-27 23:00:00;1101.0564254212375;;;;;;;
2022-05-28 00:00:00;1089.4635533190642;;;;;;;
2022-05-28 01:00:00;1085.401152252422;;;;;;;
2022-05-28 02:00:00;1070.6567313407006;;;;;;;
2022-05-28 03:00:00;1057.877474173662;;;;;;;
2022-05-28 04:00:00;1039.3507392643555;;;;;;;
2022-05-28 05:00:00;1098.0870470631085;;;;;;;
2022-05-28 06:00:00;1120.6784601697;;;;;;;
2022-05-28 07:00:00;1131.3969141050625;;;;;;;
2022-05-28 08:00:00;1120.5190610247087;;;;;;;
2022-05-28 09:00:00;114.03187119633051;;;;;;;
2022-05-28 10:00:00;104.14684707621008;;;;;;;
2022-05-28 11:00:00;114.77421578586271;;;;;;;
2022-05-28 12:00:00;114.87668666478588;;;;;;;
2022-05-28 13:00:00;93.79956543561408;;;;;;;
2022-05-28 14:00:00;93.45116444727536;;;;;;;
2022-05-28 15:00:00;90.96226065476404;;;;;;;
2022-05-28 16:00:00;104.61593598861386;;;;;;;
2022-05-28 17:00:00;1119.7539451287491;;;;;;;
2022-05-28 18:00:00;1111.5335035084693;;;;;;;
2022-05-28 19:00:00;1100.4484315396264;;;;;;;
2022-05-28 20:00:00;1110.8640270995045;;;;;;;
2022-05-28 21:00:00;1103.3745444155431;;;;;;;
2022-05-28 22:00:00;1065.4512106914049;;;;;;;
2022-05-28 23:00:00;1056.9461277407827;;;;;;;
2022-05-29 00:00:00;1037.8614958240057;;;;;;;
2022-05-29 01:00:00;1042.8757374993122;;;;;;;
2022-05-29 02:00:00;1043.7524327967656;;;;;;;
2022-05-29 03:00:00;1048.7439031656445;;;;;;;
2022-05-29 04:00:00;1060.3845950113152;;;;;;;
2022-05-29 05:00:00;1053.701216574883;;;;;;;
2022-05-29 06:00:00;1079.922375925997;;;;;;;
2022-05-29 07:00:00;1090.4449966260836;;;;;;;
2022-05-29 08:00:00;1087.9196587432887;;;;;;;
2022-05-29 09:00:00;71.96643683305369;;;;;;;
2022-05-29 10:00:00;74.11377102915449;;;;;;;
2022-05-29 11:00:00;70.64797819090909;;;;;;;
2022-05-29 12:00:00;64.37220613952647;;;;;;;
2022-05-29 13:00:00;56.611744909079476;;;;;;;
2022-05-29 14:00:00;57.18785896169189;;;;;;;
2022-05-29 15:00:00;57.6341765676683;;;;;;;
2022-05-29 16:00:00;43.04232340901091;;;;;;;
2022-05-29 17:00:00;76.35219045096477;;;;;;;
2022-05-29 18:00:00;1117.2582099443098;;;;;;;
2022-05-29 19:00:00;1147.457516528285;;;;;;;
2022-05-29 20:00:00;1155.41608812465;;;;;;;
2022-05-29 21:00:00;1136.3861073432986;;;;;;;
2022-05-29 22:00:00;1113.3187739323748;;;;;;;
2022-05-29 23:00:00;1085.3943208604937;;;;;;;
2022-05-30 00:00:00;1010.1647558163979;;;;;;;
2022-05-30 01:00:00;883.8477648025026;;;;;;;
2022-05-30 02:00:00;815.2651441045558;;;;;;;
2022-05-30 03:00:00;794.5432552556509;;;;;;;
2022-05-30 04:00:00;784.5967486081767;;;;;;;
2022-05-30 05:00:00;778.8697650416937;;;;;;;
2022-05-30 06:00:00;737.7743883322225;;;;;;;
2022-05-30 07:00:00;771.6672008187171;;;;;;;
2022-05-30 08:00:00;786.6029007044276;;;;;;;
2022-05-30 09:00:00;832.3868894072938;;;;;;;
2022-05-30 10:00:00;0.0;;;;;;;
2022-05-30 11:00:00;0.0;;;;;;;
2022-05-30 12:00:00;0.0;;;;;;;
2022-05-30 13:00:00;0.0;;;;;;;
2022-05-30 14:00:00;0.0;;;;;;;
2022-05-30 15:00:00;0.0;;;;;;;
2022-05-30 16:00:00;0.0;;;;;;;
2022-05-30 17:00:00;798.9745514864168;;;;;;;
2022-05-30 18:00:00;812.1090410337225;;;;;;;
2022-05-30 19:00:00;815.4860257769012;;;;;;;
2022-05-30 20:00:00;824.3736666755029;;;;;;;
2022-05-30 21:00:00;816.3080699389293;;;;;;;
2022-05-30 22:00:00;812.9515793715351;;;;;;;
2022-05-30 23:00:00;863.2215154405926;;;;;;;
2022-05-31 00:00:00;845.5191018239568;;;;;;;
2022-05-31 01:00:00;810.5400980208769;;;;;;;
2022-05-31 02:00:00;794.652557526502;;;;;;;
2022-05-31 03:00:00;856.0485539159718;;;;;;;
2022-05-31 04:00:00;815.1125763514923;;;;;;;
2022-05-31 05:00:00;862.948259763464;;;;;;;
2022-05-31 06:00:00;928.4977424452857;;;;;;;
2022-05-31 07:00:00;973.3071192330603;;;;;;;
2022-05-31 08:00:00;976.3129316814727;;;;;;;
2022-05-31 09:00:00;967.6643895003585;;;;;;;
2022-05-31 10:00:00;950.2762199124203;;;;;;;
2022-05-31 11:00:00;0.0;;;;;;;
2022-05-31 12:00:00;945.8699721187247;;;;;;;
2022-05-31 13:00:00;801.4065270128597;;;;;;;
2022-05-31 14:00:00;0.0;;;;;;;
2022-05-31 15:00:00;0.0;;;;;;;
2022-05-31 16:00:00;960.2341122131079;;;;;;;
2022-05-31 17:00:00;1005.9862210869755;;;;;;;
2022-05-31 18:00:00;1030.581509159176;;;;;;;
2022-05-31 19:00:00;1046.018177786289;;;;;;;
2022-05-31 20:00:00;1033.4552480303098;;;;;;;
2022-05-31 21:00:00;1031.8225453594678;;;;;;;
2022-05-31 22:00:00;1041.2794689187538;;;;;;;
2022-05-31 23:00:00;1030.3310247884751;;;;;;;
2022-06-01 00:00:00;943.8774828063299;;;;;;;
2022-06-01 01:00:00;860.4047048355272;;;;;;;
2022-06-01 02:00:00;799.3092896908989;;;;;;;
2022-06-01 03:00:00;770.845156656689;;;;;;;
2022-06-01 04:00:00;731.4303023615579;;;;;;;
2022-06-01 05:00:00;746.9990445659495;;;;;;;
2022-06-01 06:00:00;754.5932752594766;;;;;;;
2022-06-01 07:00:00;770.1984515541519;;;;;;;
2022-06-01 08:00:00;794.0012981626795;;;;;;;
2022-06-01 09:00:00;803.4741616364646;;;;;;;
2022-06-01 10:00:00;765.2707408432693;;;;;;;
2022-06-01 11:00:00;109.21801701758493;;;;;;;
2022-06-01 12:00:00;0.0;;;;;;;
2022-06-01 13:00:00;0.0;;;;;;;
2022-06-01 14:00:00;0.0;;;;;;;
2022-06-01 15:00:00;0.0;;;;;;;
2022-06-01 16:00:00;0.0;;;;;;;
2022-06-01 17:00:00;0.0;;;;;;;
2022-06-01 18:00:00;0.0;;;;;;;
2022-06-01 19:00:00;0.0;;;;;;;
2022-06-01 20:00:00;0.0;;;;;;;
2022-06-01 21:00:00;0.0;;;;;;;
2022-06-01 22:00:00;0.0;;;;;;;
2022-06-01 23:00:00;0.0;;;;;;;
2022-06-02 00:00:00;0.0;;;;;;;
2022-06-02 01:00:00;0.0;;;;;;;
2022-06-02 02:00:00;0.0;;;;;;;
2022-06-02 03:00:00;0.0;;;;;;;
2022-06-02 04:00:00;700.4681570122657;;;;;;;
2022-06-02 05:00:00;681.7751915660393;;;;;;;
2022-06-02 06:00:00;688.9823100503012;;;;;;;
2022-06-02 07:00:00;683.5923418189433;;;;;;;
2022-06-02 08:00:00;702.33540413931;;;;;;;
2022-06-02 09:00:00;0.0;;;;;;;
2022-06-02 10:00:00;0.0;;;;;;;
2022-06-02 11:00:00;0.0;;;;;;;
2022-06-02 12:00:00;0.0;;;;;;;
2022-06-02 13:00:00;0.0;;;;;;;
2022-06-02 14:00:00;0.0;;;;;;;
2022-06-02 15:00:00;0.0;;;;;;;
2022-06-02 16:00:00;0.0;;;;;;;
2022-06-02 17:00:00;0.0;;;;;;;
2022-06-02 18:00:00;759.5892998896412;;;;;;;
2022-06-02 19:00:00;761.943852974231;;;;;;;
2022-06-02 20:00:00;771.8721425765634;;;;;;;
2022-06-02 21:00:00;773.2156496557782;;;;;;;
2022-06-02 22:00:00;777.3167619433472;;;;;;;
2022-06-02 23:00:00;769.5836262806129;;;;;;;
2022-06-03 00:00:00;772.9264540641504;;;;;;;
2022-06-03 01:00:00;737.0024410443349;;;;;;;
2022-06-03 02:00:00;729.0666407543971;;;;;;;
2022-06-03 03:00:00;736.6403772721396;;;;;;;
2022-06-03 04:00:00;742.806847052671;;;;;;;
2022-06-03 05:00:00;828.0261842264525;;;;;;;
2022-06-03 06:00:00;939.0112546228015;;;;;;;
2022-06-03 07:00:00;997.2283766350102;;;;;;;
2022-06-03 08:00:00;32.8430552601928;;;;;;;
2022-06-03 09:00:00;0.0;;;;;;;
2022-06-03 10:00:00;4.42674196948033;;;;;;;
2022-06-03 11:00:00;28.662243400128045;;;;;;;
2022-06-03 12:00:00;36.95327607033272;;;;;;;
2022-06-03 13:00:00;36.06747225030811;;;;;;;
2022-06-03 14:00:00;19.899844686876857;;;;;;;
2022-06-03 15:00:00;20.623972231267157;;;;;;;
2022-06-03 16:00:00;3.213031336901619;;;;;;;
2022-06-03 17:00:00;0.0;;;;;;;
2022-06-03 18:00:00;978.1710702859461;;;;;;;
2022-06-03 19:00:00;970.2512099105076;;;;;;;
2022-06-03 20:00:00;1011.8498324920233;;;;;;;
2022-06-03 21:00:00;1010.8501721398618;;;;;;;
2022-06-03 22:00:00;0.0;;;;;;;
2022-06-03 23:00:00;0.0;;;;;;;
2022-06-04 00:00:00;0.0;;;;;;;
2022-06-04 01:00:00;0.0;;;;;;;
2022-06-04 02:00:00;9.844035768551167;;;;;;;
2022-06-04 03:00:00;19.469466995399603;;;;;;;
2022-06-04 04:00:00;16.267821311711668;;;;;;;
2022-06-04 05:00:00;774.0581879935906;;;;;;;
2022-06-04 06:00:00;1018.883889047437;;;;;;;
2022-06-04 07:00:00;1029.7594649971481;;;;;;;
2022-06-04 08:00:00;1021.9807867215595;;;;;;;
2022-06-04 09:00:00;1030.7636796105953;;;;;;;
2022-06-04 10:00:00;1020.6281711197736;;;;;;;
2022-06-04 11:00:00;1012.2232819174322;;;;;;;
2022-06-04 12:00:00;1022.9941098575772;;;;;;;
2022-06-04 13:00:00;19.439864297044018;;;;;;;
2022-06-04 14:00:00;10.210653802031791;;;;;;;
2022-06-04 15:00:00;8.59844530697414;;;;;;;
2022-06-04 16:00:00;995.5250829142434;;;;;;;
2022-06-04 17:00:00;993.3663630649288;;;;;;;
2022-06-04 18:00:00;974.5481554333519;;;;;;;
2022-06-04 19:00:00;958.7721943404712;;;;;;;
2022-06-04 20:00:00;962.9689461150351;;;;;;;
2022-06-04 21:00:00;988.5388461023268;;;;;;;
2022-06-04 22:00:00;995.4772631707456;;;;;;;
2022-06-04 23:00:00;975.7345404982177;;;;;;;
2022-06-05 00:00:00;974.4525159463568;;;;;;;
2022-06-05 01:00:00;949.8549507435141;;;;;;;
2022-06-05 02:00:00;920.7600525212661;;;;;;;
2022-06-05 03:00:00;926.3868423394687;;;;;;;
2022-06-05 04:00:00;954.4342604660577;;;;;;;
2022-06-05 05:00:00;987.306918424606;;;;;;;
2022-06-05 06:00:00;1006.9790500472093;;;;;;;
2022-06-05 07:00:00;0.0;;;;;;;
2022-06-05 08:00:00;0.0;;;;;;;
2022-06-05 09:00:00;0.0;;;;;;;
2022-06-05 10:00:00;0.0;;;;;;;
2022-06-05 11:00:00;0.0;;;;;;;
2022-06-05 12:00:00;0.0;;;;;;;
2022-06-05 13:00:00;0.0;;;;;;;
2022-06-05 14:00:00;0.0;;;;;;;
2022-06-05 15:00:00;14.213849471963078;;;;;;;
2022-06-05 16:00:00;5.544813115064097;;;;;;;
2022-06-05 17:00:00;27.5145695561887;;;;;;;
2022-06-05 18:00:00;25.679202258142844;;;;;;;
2022-06-05 19:00:00;22.84872886922101;;;;;;;
2022-06-05 20:00:00;23.921257401950037;;;;;;;
2022-06-05 21:00:00;4.923156449596952;;;;;;;
2022-06-05 22:00:00;11.442581479752393;;;;;;;
2022-06-05 23:00:00;899.1774082894066;;;;;;;
2022-06-06 00:00:00;0.0;;;;;;;
2022-06-06 01:00:00;0.0;;;;;;;
2022-06-06 02:00:00;0.0;;;;;;;
2022-06-06 03:00:00;0.0;;;;;;;
2022-06-06 04:00:00;0.0;;;;;;;
2022-06-06 05:00:00;900.2157798624946;;;;;;;
2022-06-06 06:00:00;54.25946895513237;;;;;;;
2022-06-06 07:00:00;265.8345083637362;;;;;;;
2022-06-06 08:00:00;3.9781472328611818;;;;;;;
2022-06-06 09:00:00;4.674949209538642;;;;;;;
2022-06-06 10:00:00;31.00313370086147;;;;;;;
2022-06-06 11:00:00;34.466649408464136;;;;;;;
2022-06-06 12:00:00;35.42532140905633;;;;;;;
2022-06-06 13:00:00;37.520281600374176;;;;;;;
2022-06-06 14:00:00;42.60739145624818;;;;;;;
2022-06-06 15:00:00;46.883842803307886;;;;;;;
2022-06-06 16:00:00;35.48224967512475;;;;;;;
2022-06-06 17:00:00;28.73055731941015;;;;;;;
2022-06-06 18:00:00;34.243490605475934;;;;;;;
2022-06-06 19:00:00;1056.479315959022;;;;;;;
2022-06-06 20:00:00;1063.7524712319232;;;;;;;
2022-06-06 21:00:00;47.06145899344136;;;;;;;
2022-06-06 22:00:00;1065.0549899595685;;;;;;;
2022-06-06 23:00:00;1046.8128963806041;;;;;;;
2022-06-07 00:00:00;15.363800446545158;;;;;;;
2022-06-07 01:00:00;0.043265482211999114;;;;;;;
2022-06-07 02:00:00;0.0;;;;;;;
2022-06-07 03:00:00;0.0;;;;;;;
2022-06-07 04:00:00;0.0;;;;;;;
2022-06-07 05:00:00;0.0;;;;;;;
2022-06-07 06:00:00;4.321993959914438;;;;;;;
2022-06-07 07:00:00;7.694424441807631;;;;;;;
2022-06-07 08:00:00;15.787346746094201;;;;;;;
2022-06-07 09:00:00;31.319654860201883;;;;;;;
2022-06-07 10:00:00;22.17925246025639;;;;;;;
2022-06-07 11:00:00;13.660506725778035;;;;;;;
2022-06-07 12:00:00;0.0;;;;;;;
2022-06-07 13:00:00;0.0;;;;;;;
2022-06-07 14:00:00;0.0;;;;;;;
2022-06-07 15:00:00;0.0;;;;;;;
2022-06-07 16:00:00;0.0;;;;;;;
2022-06-07 17:00:00;0.0;;;;;;;
2022-06-07 18:00:00;0.0;;;;;;;
2022-06-07 19:00:00;0.0;;;;;;;
2022-06-07 20:00:00;0.0;;;;;;;
2022-06-07 21:00:00;0.0;;;;;;;
2022-06-07 22:00:00;0.0;;;;;;;
2022-06-07 23:00:00;0.0;;;;;;;
2022-06-08 00:00:00;0.0;;;;;;;
2022-06-08 01:00:00;0.0;;;;;;;
2022-06-08 02:00:00;722.3126712680398;;;;;;;
2022-06-08 03:00:00;704.8379707156776;;;;;;;
2022-06-08 04:00:00;138.09886495941572;;;;;;;
2022-06-08 05:00:00;705.8330768065535;;;;;;;
2022-06-08 06:00:00;724.7195983574126;;;;;;;
2022-06-08 07:00:00;739.1839322000766;;;;;;;
2022-06-08 08:00:00;226.50163077174358;;;;;;;
2022-06-08 09:00:00;0.0;;;;;;;
2022-06-08 10:00:00;0.0;;;;;;;
2022-06-08 11:00:00;0.0;;;;;;;
2022-06-08 12:00:00;0.0;;;;;;;
2022-06-08 13:00:00;0.0;;;;;;;
2022-06-08 14:00:00;0.0;;;;;;;
2022-06-08 15:00:00;0.0;;;;;;;
2022-06-08 16:00:00;0.0;;;;;;;
2022-06-08 17:00:00;0.0;;;;;;;
2022-06-08 18:00:00;0.0;;;;;;;
2022-06-08 19:00:00;0.0;;;;;;;
2022-06-08 20:00:00;0.0;;;;;;;
2022-06-08 21:00:00;0.0;;;;;;;
2022-06-08 22:00:00;0.0;;;;;;;
2022-06-08 23:00:00;0.0;;;;;;;
2022-06-09 00:00:00;0.0;;;;;;;
2022-06-09 01:00:00;0.0;;;;;;;
2022-06-09 02:00:00;0.0;;;;;;;
2022-06-09 03:00:00;0.0;;;;;;;
2022-06-09 04:00:00;0.0;;;;;;;
2022-06-09 05:00:00;0.0;;;;;;;
2022-06-09 06:00:00;0.0;;;;;;;
2022-06-09 07:00:00;0.0;;;;;;;
2022-06-09 08:00:00;0.0;;;;;;;
2022-06-09 09:00:00;0.0;;;;;;;
2022-06-09 10:00:00;0.0;;;;;;;
2022-06-09 11:00:00;0.0;;;;;;;
2022-06-09 12:00:00;0.0;;;;;;;
2022-06-09 13:00:00;0.0;;;;;;;
2022-06-09 14:00:00;0.0;;;;;;;
2022-06-09 15:00:00;0.0;;;;;;;
2022-06-09 16:00:00;0.0;;;;;;;
2022-06-09 17:00:00;0.0;;;;;;;
2022-06-09 18:00:00;0.0;;;;;;;
2022-06-09 19:00:00;0.0;;;;;;;
2022-06-09 20:00:00;0.0;;;;;;;
2022-06-09 21:00:00;0.0;;;;;;;
2022-06-09 22:00:00;0.0;;;;;;;
2022-06-09 23:00:00;0.0;;;;;;;
2022-06-10 00:00:00;0.0;;;;;;;
2022-06-10 01:00:00;0.0;;;;;;;
2022-06-10 02:00:00;0.0;;;;;;;
2022-06-10 03:00:00;0.0;;;;;;;
2022-06-10 04:00:00;0.0;;;;;;;
2022-06-10 05:00:00;0.0;;;;;;;
2022-06-10 06:00:00;0.0;;;;;;;
2022-06-10 07:00:00;0.0;;;;;;;
2022-06-10 08:00:00;0.0;;;;;;;
2022-06-10 09:00:00;0.0;;;;;;;
2022-06-10 10:00:00;0.0;;;;;;;
2022-06-10 11:00:00;0.0;;;;;;;
2022-06-10 12:00:00;0.0;;;;;;;
2022-06-10 13:00:00;0.0;;;;;;;
2022-06-10 14:00:00;0.0;;;;;;;
2022-06-10 15:00:00;0.0;;;;;;;
2022-06-10 16:00:00;0.0;;;;;;;
2022-06-10 17:00:00;0.0;;;;;;;
2022-06-10 18:00:00;0.0;;;;;;;
2022-06-10 19:00:00;0.0;;;;;;;
2022-06-10 20:00:00;0.0;;;;;;;
2022-06-10 21:00:00;0.0;;;;;;;
2022-06-10 22:00:00;0.0;;;;;;;
2022-06-10 23:00:00;0.0;;;;;;;
2022-06-11 00:00:00;0.0;;;;;;;
2022-06-11 01:00:00;0.0;;;;;;;
2022-06-11 02:00:00;0.0;;;;;;;
2022-06-11 03:00:00;0.0;;;;;;;
2022-06-11 04:00:00;0.0;;;;;;;
2022-06-11 05:00:00;0.0;;;;;;;
2022-06-11 06:00:00;0.0;;;;;;;
2022-06-11 07:00:00;0.0;;;;;;;
2022-06-11 08:00:00;0.0;;;;;;;
2022-06-11 09:00:00;0.0;;;;;;;
2022-06-11 10:00:00;0.0;;;;;;;
2022-06-11 11:00:00;0.0;;;;;;;
2022-06-11 12:00:00;0.0;;;;;;;
2022-06-11 13:00:00;0.0;;;;;;;
2022-06-11 14:00:00;0.0;;;;;;;
2022-06-11 15:00:00;0.0;;;;;;;
2022-06-11 16:00:00;1007.8329740382355;;;;;;;
2022-06-11 17:00:00;1013.9926124268387;;;;;;;
2022-06-11 18:00:00;1025.7631007191453;;;;;;;
2022-06-11 19:00:00;1032.8039886664872;;;;;;;
2022-06-11 20:00:00;1038.1871255059173;;;;;;;
2022-06-11 21:00:00;1017.7384923341406;;;;;;;
2022-06-11 22:00:00;1024.581269915565;;;;;;;
2022-06-11 23:00:00;1008.0060359670837;;;;;;;
2022-06-12 00:00:00;995.7026991043763;;;;;;;
2022-06-12 01:00:00;1000.147658118999;;;;;;;
2022-06-12 02:00:00;1000.2478518672795;;;;;;;
2022-06-12 03:00:00;989.2242624257907;;;;;;;
2022-06-12 04:00:00;1004.8431015043222;;;;;;;
2022-06-12 05:00:00;1010.5131568047369;;;;;;;
2022-06-12 06:00:00;1014.664365966446;;;;;;;
2022-06-12 07:00:00;1027.703216026757;;;;;;;
2022-06-12 08:00:00;1030.5541835914635;;;;;;;
2022-06-12 09:00:00;1040.7557288709243;;;;;;;
2022-06-12 10:00:00;606.4955296478037;;;;;;;
2022-06-12 11:00:00;62.81009451860904;;;;;;;
2022-06-12 12:00:00;119.93419382230428;;;;;;;
2022-06-12 13:00:00;108.89694159695902;;;;;;;
2022-06-12 14:00:00;56.267898182026215;;;;;;;
2022-06-12 15:00:00;54.824197354531094;;;;;;;
2022-06-12 16:00:00;50.160633798206135;;;;;;;
2022-06-12 17:00:00;1027.571142449478;;;;;;;
2022-06-12 18:00:00;1024.9615507329017;;;;;;;
2022-06-12 19:00:00;1019.6034623305422;;;;;;;
2022-06-12 20:00:00;1027.935483352316;;;;;;;
2022-06-12 21:00:00;1017.9798681822708;;;;;;;
2022-06-12 22:00:00;1018.713104249232;;;;;;;
2022-06-12 23:00:00;975.5660328306553;;;;;;;
2022-06-13 00:00:00;964.6198658310195;;;;;;;
2022-06-13 01:00:00;907.7849621189517;;;;;;;
2022-06-13 02:00:00;890.9774608449115;;;;;;;
2022-06-13 03:00:00;885.8311455923264;;;;;;;
2022-06-13 04:00:00;906.3298756382429;;;;;;;
2022-06-13 05:00:00;929.4495830539493;;;;;;;
2022-06-13 06:00:00;946.186493278065;;;;;;;
2022-06-13 07:00:00;967.0427328348914;;;;;;;
2022-06-13 08:00:00;959.5782985880002;;;;;;;
2022-06-13 09:00:00;0.0;;;;;;;
2022-06-13 10:00:00;0.0;;;;;;;
2022-06-13 11:00:00;0.0;;;;;;;
2022-06-13 12:00:00;0.0;;;;;;;
2022-06-13 13:00:00;0.0;;;;;;;
2022-06-13 14:00:00;0.0;;;;;;;
2022-06-13 15:00:00;0.0;;;;;;;
2022-06-13 16:00:00;0.0;;;;;;;
2022-06-13 17:00:00;0.0;;;;;;;
2022-06-13 18:00:00;0.0;;;;;;;
2022-06-13 19:00:00;0.0;;;;;;;
2022-06-13 20:00:00;0.0;;;;;;;
2022-06-13 21:00:00;0.0;;;;;;;
2022-06-13 22:00:00;954.1769447034285;;;;;;;
2022-06-13 23:00:00;929.5201741038745;;;;;;;
2022-06-14 00:00:00;945.813043852656;;;;;;;
2022-06-14 01:00:00;938.1573306317752;;;;;;;
2022-06-14 02:00:00;933.2250656596074;;;;;;;
2022-06-14 03:00:00;921.4318060608732;;;;;;;
2022-06-14 04:00:00;929.2970153008863;;;;;;;
2022-06-14 05:00:00;944.7678408876402;;;;;;;
2022-06-14 06:00:00;971.3146299206653;;;;;;;
2022-06-14 07:00:00;990.353719224588;;;;;;;
2022-06-14 08:00:00;995.8097242445856;;;;;;;
2022-06-14 09:00:00;3.8688449620098155;;;;;;;
2022-06-14 10:00:00;1.200047848722291;;;;;;;
2022-06-14 11:00:00;0.0;;;;;;;
2022-06-14 12:00:00;0.0;;;;;;;
2022-06-14 13:00:00;0.0;;;;;;;
2022-06-14 14:00:00;0.0;;;;;;;
2022-06-14 15:00:00;0.0;;;;;;;
2022-06-14 16:00:00;948.0150291841823;;;;;;;
2022-06-14 17:00:00;956.4973408283772;;;;;;;
2022-06-14 18:00:00;967.4822190489394;;;;;;;
2022-06-14 19:00:00;976.7820205938762;;;;;;;
2022-06-14 20:00:00;980.3411757884742;;;;;;;
2022-06-14 21:00:00;969.4974796677617;;;;;;;
2022-06-14 22:00:00;946.637365145327;;;;;;;
2022-06-14 23:00:00;882.6044514715684;;;;;;;
2022-06-15 00:00:00;831.9565117158164;;;;;;;
2022-06-15 01:00:00;789.809100649401;;;;;;;
2022-06-15 02:00:00;783.5970882560151;;;;;;;
2022-06-15 03:00:00;786.2089571032343;;;;;;;
2022-06-15 04:00:00;789.335457475712;;;;;;;
2022-06-15 05:00:00;783.9955861184941;;;;;;;
2022-06-15 06:00:00;815.8663065942382;;;;;;;
2022-06-15 07:00:00;834.9805412093709;;;;;;;
2022-06-15 08:00:00;848.8847009139218;;;;;;;
2022-06-15 09:00:00;0.0;;;;;;;
2022-06-15 10:00:00;0.0;;;;;;;
2022-06-15 11:00:00;0.0;;;;;;;
2022-06-15 12:00:00;0.0;;;;;;;
2022-06-15 13:00:00;0.0;;;;;;;
2022-06-15 14:00:00;0.0;;;;;;;
2022-06-15 15:00:00;0.0;;;;;;;
2022-06-15 16:00:00;0.0;;;;;;;
2022-06-15 17:00:00;0.0;;;;;;;
2022-06-15 18:00:00;0.0;;;;;;;
2022-06-15 19:00:00;848.103645103463;;;;;;;
2022-06-15 20:00:00;845.7832489785143;;;;;;;
2022-06-15 21:00:00;854.1425955680011;;;;;;;
2022-06-15 22:00:00;840.5504027615052;;;;;;;
2022-06-15 23:00:00;818.4872839640284;;;;;;;
2022-06-16 00:00:00;600.4907361429066;;;;;;;
2022-06-16 01:00:00;260.715518678864;;;;;;;
2022-06-16 02:00:00;0.0;;;;;;;
2022-06-16 03:00:00;0.0;;;;;;;
2022-06-16 04:00:00;0.0;;;;;;;
2022-06-16 05:00:00;0.0;;;;;;;
2022-06-16 06:00:00;0.0;;;;;;;
2022-06-16 07:00:00;0.0;;;;;;;
2022-06-16 08:00:00;0.0;;;;;;;
2022-06-16 09:00:00;0.0;;;;;;;
2022-06-16 10:00:00;0.0;;;;;;;
2022-06-16 11:00:00;0.0;;;;;;;
2022-06-16 12:00:00;0.0;;;;;;;
2022-06-16 13:00:00;0.0;;;;;;;
2022-06-16 14:00:00;0.0;;;;;;;
2022-06-16 15:00:00;0.0;;;;;;;
2022-06-16 16:00:00;0.0;;;;;;;
2022-06-16 17:00:00;0.0;;;;;;;
2022-06-16 18:00:00;0.0;;;;;;;
2022-06-16 19:00:00;0.0;;;;;;;
2022-06-16 20:00:00;0.0;;;;;;;
2022-06-16 21:00:00;0.0;;;;;;;
2022-06-16 22:00:00;0.0;;;;;;;
2022-06-16 23:00:00;0.0;;;;;;;
2022-06-17 00:00:00;0.0;;;;;;;
2022-06-17 01:00:00;0.0;;;;;;;
2022-06-17 02:00:00;0.0;;;;;;;
2022-06-17 03:00:00;0.0;;;;;;;
2022-06-17 04:00:00;0.0;;;;;;;
2022-06-17 05:00:00;0.0;;;;;;;
2022-06-17 06:00:00;0.0;;;;;;;
2022-06-17 07:00:00;0.0;;;;;;;
2022-06-17 08:00:00;0.0;;;;;;;
2022-06-17 09:00:00;0.0;;;;;;;
2022-06-17 10:00:00;0.0;;;;;;;
2022-06-17 11:00:00;0.0;;;;;;;
2022-06-17 12:00:00;0.0;;;;;;;
2022-06-17 13:00:00;0.0;;;;;;;
2022-06-17 14:00:00;0.0;;;;;;;
2022-06-17 15:00:00;0.0;;;;;;;
2022-06-17 16:00:00;0.0;;;;;;;
2022-06-17 17:00:00;0.0;;;;;;;
2022-06-17 18:00:00;0.0;;;;;;;
2022-06-17 19:00:00;0.0;;;;;;;
2022-06-17 20:00:00;0.0;;;;;;;
2022-06-17 21:00:00;0.0;;;;;;;
2022-06-17 22:00:00;0.0;;;;;;;
2022-06-17 23:00:00;0.0;;;;;;;
2022-06-18 00:00:00;0.0;;;;;;;
2022-06-18 01:00:00;0.0;;;;;;;
2022-06-18 02:00:00;0.0;;;;;;;
2022-06-18 03:00:00;0.0;;;;;;;
2022-06-18 04:00:00;0.0;;;;;;;
2022-06-18 05:00:00;0.0;;;;;;;
2022-06-18 06:00:00;0.0;;;;;;;
2022-06-18 07:00:00;0.0;;;;;;;
2022-06-18 08:00:00;0.0;;;;;;;
2022-06-18 09:00:00;0.0;;;;;;;
2022-06-18 10:00:00;0.0;;;;;;;
2022-06-18 11:00:00;0.0;;;;;;;
2022-06-18 12:00:00;0.0;;;;;;;
2022-06-18 13:00:00;0.0;;;;;;;
2022-06-18 14:00:00;0.0;;;;;;;
2022-06-18 15:00:00;0.0;;;;;;;
2022-06-18 16:00:00;0.0;;;;;;;
2022-06-18 17:00:00;0.0;;;;;;;
2022-06-18 18:00:00;912.3506090576391;;;;;;;
2022-06-18 19:00:00;955.7686590227012;;;;;;;
2022-06-18 20:00:00;959.5395873670738;;;;;;;
2022-06-18 21:00:00;953.5985535201734;;;;;;;
2022-06-18 22:00:00;938.0298113157819;;;;;;;
2022-06-18 23:00:00;900.356961962344;;;;;;;
2022-06-19 00:00:00;895.6205302254517;;;;;;;
2022-06-19 01:00:00;896.1647644490657;;;;;;;
2022-06-19 02:00:00;898.9906835767023;;;;;;;
2022-06-19 03:00:00;900.1975628173528;;;;;;;
2022-06-19 04:00:00;883.066708992044;;;;;;;
2022-06-19 05:00:00;860.486681538666;;;;;;;
2022-06-19 06:00:00;877.9613820910279;;;;;;;
2022-06-19 07:00:00;892.6010549931829;;;;;;;
2022-06-19 08:00:00;912.3938745398508;;;;;;;
2022-06-19 09:00:00;911.6333129051766;;;;;;;
2022-06-19 10:00:00;903.604150258887;;;;;;;
2022-06-19 11:00:00;910.9182938833575;;;;;;;
2022-06-19 12:00:00;0.0;;;;;;;
2022-06-19 13:00:00;0.0;;;;;;;
2022-06-19 14:00:00;0.0;;;;;;;
2022-06-19 15:00:00;0.0;;;;;;;
2022-06-19 16:00:00;0.0;;;;;;;
2022-06-19 17:00:00;941.3794704912477;;;;;;;
2022-06-19 18:00:00;951.7472463076283;;;;;;;
2022-06-19 19:00:00;955.6912365808483;;;;;;;
2022-06-19 20:00:00;963.2786358824477;;;;;;;
2022-06-19 21:00:00;946.5485570502602;;;;;;;
2022-06-19 22:00:00;939.6146942431265;;;;;;;
2022-06-19 23:00:00;936.6885813672097;;;;;;;
2022-06-20 00:00:00;923.451620940981;;;;;;;
2022-06-20 01:00:00;922.3130556196126;;;;;;;
2022-06-20 02:00:00;920.9991512387534;;;;;;;
2022-06-20 03:00:00;911.1596697314877;;;;;;;
2022-06-20 04:00:00;904.3055064968498;;;;;;;
2022-06-20 05:00:00;909.1239149368812;;;;;;;
2022-06-20 06:00:00;927.9261826539587;;;;;;;
2022-06-20 07:00:00;954.7553358866835;;;;;;;
2022-06-20 08:00:00;973.6122547391873;;;;;;;
2022-06-20 09:00:00;983.7773659283641;;;;;;;
2022-06-20 10:00:00;962.4679773736333;;;;;;;
2022-06-20 11:00:00;961.4865340666137;;;;;;;
2022-06-20 12:00:00;958.3668650860641;;;;;;;
2022-06-20 13:00:00;942.6045667770401;;;;;;;
2022-06-20 14:00:00;946.0339255250018;;;;;;;
2022-06-20 15:00:00;950.5335356750497;;;;;;;
2022-06-20 16:00:00;957.4878926579677;;;;;;;
2022-06-20 17:00:00;969.2879836486298;;;;;;;
2022-06-20 18:00:00;929.1376161558946;;;;;;;
2022-06-20 19:00:00;937.4445887405985;;;;;;;
2022-06-20 20:00:00;940.8443447902047;;;;;;;
2022-06-20 21:00:00;945.2915809354695;;;;;;;
2022-06-20 22:00:00;922.7821445320162;;;;;;;
2022-06-20 23:00:00;961.25882100234;;;;;;;
2022-06-21 00:00:00;965.3644875511943;;;;;;;
2022-06-21 01:00:00;963.6748566142835;;;;;;;
2022-06-21 02:00:00;960.4390539709545;;;;;;;
2022-06-21 03:00:00;966.3140510292158;;;;;;;
2022-06-21 04:00:00;972.3939898453228;;;;;;;
2022-06-21 05:00:00;966.2411828486482;;;;;;;
2022-06-21 06:00:00;972.8471388432275;;;;;;;
2022-06-21 07:00:00;983.3970851110272;;;;;;;
2022-06-21 08:00:00;985.5057080862014;;;;;;;
2022-06-21 09:00:00;990.7294457806397;;;;;;;
2022-06-21 10:00:00;0.0;;;;;;;
2022-06-21 11:00:00;0.0;;;;;;;
2022-06-21 12:00:00;0.0;;;;;;;
2022-06-21 13:00:00;0.0;;;;;;;
2022-06-21 14:00:00;0.0;;;;;;;
2022-06-21 15:00:00;0.0;;;;;;;
2022-06-21 16:00:00;0.0;;;;;;;
2022-06-21 17:00:00;978.3965062195771;;;;;;;
2022-06-21 18:00:00;975.2426802793864;;;;;;;
2022-06-21 19:00:00;958.4101305682763;;;;;;;
2022-06-21 20:00:00;979.8538698309287;;;;;;;
2022-06-21 21:00:00;972.8653558883691;;;;;;;
2022-06-21 22:00:00;971.5605600300812;;;;;;;
2022-06-21 23:00:00;976.7683578100202;;;;;;;
2022-06-22 00:00:00;955.4248122956483;;;;;;;
2022-06-22 01:00:00;935.6137757038381;;;;;;;
2022-06-22 02:00:00;149.43897556024496;;;;;;;
2022-06-22 03:00:00;0.0;;;;;;;
2022-06-22 04:00:00;0.0;;;;;;;
2022-06-22 05:00:00;0.0;;;;;;;
2022-06-22 06:00:00;0.0;;;;;;;
2022-06-22 07:00:00;0.0;;;;;;;
2022-06-22 08:00:00;0.0;;;;;;;
2022-06-22 09:00:00;0.0;;;;;;;
2022-06-22 10:00:00;0.0;;;;;;;
2022-06-22 11:00:00;0.0;;;;;;;
2022-06-22 12:00:00;0.0;;;;;;;
2022-06-22 13:00:00;0.0;;;;;;;
2022-06-22 14:00:00;0.0;;;;;;;
2022-06-22 15:00:00;0.0;;;;;;;
2022-06-22 16:00:00;0.0;;;;;;;
2022-06-22 17:00:00;0.0;;;;;;;
2022-06-22 18:00:00;0.0;;;;;;;
2022-06-22 19:00:00;0.0;;;;;;;
2022-06-22 20:00:00;0.0;;;;;;;
2022-06-22 21:00:00;0.0;;;;;;;
2022-06-22 22:00:00;0.0;;;;;;;
2022-06-22 23:00:00;0.0;;;;;;;
2022-06-23 00:00:00;0.0;;;;;;;
2022-06-23 01:00:00;0.0;;;;;;;
2022-06-23 02:00:00;0.0;;;;;;;
2022-06-23 03:00:00;0.0;;;;;;;
2022-06-23 04:00:00;0.0;;;;;;;
2022-06-23 05:00:00;0.0;;;;;;;
2022-06-23 06:00:00;0.0;;;;;;;
2022-06-23 07:00:00;0.0;;;;;;;
2022-06-23 08:00:00;0.0;;;;;;;
2022-06-23 09:00:00;0.0;;;;;;;
2022-06-23 10:00:00;0.0;;;;;;;
2022-06-23 11:00:00;0.0;;;;;;;
2022-06-23 12:00:00;0.0;;;;;;;
2022-06-23 13:00:00;0.0;;;;;;;
2022-06-23 14:00:00;0.0;;;;;;;
2022-06-23 15:00:00;0.0;;;;;;;
2022-06-23 16:00:00;0.0;;;;;;;
2022-06-23 17:00:00;0.0;;;;;;;
2022-06-23 18:00:00;0.0;;;;;;;
2022-06-23 19:00:00;0.0;;;;;;;
2022-06-23 20:00:00;0.0;;;;;;;
2022-06-23 21:00:00;0.0;;;;;;;
2022-06-23 22:00:00;0.0;;;;;;;
2022-06-23 23:00:00;0.0;;;;;;;
2022-06-24 00:00:00;0.0;;;;;;;
2022-06-24 01:00:00;0.0;;;;;;;
2022-06-24 02:00:00;0.0;;;;;;;
2022-06-24 03:00:00;0.0;;;;;;;
2022-06-24 04:00:00;0.0;;;;;;;
2022-06-24 05:00:00;0.0;;;;;;;
2022-06-24 06:00:00;0.0;;;;;;;
2022-06-24 07:00:00;0.0;;;;;;;
2022-06-24 08:00:00;0.0;;;;;;;
2022-06-24 09:00:00;0.0;;;;;;;
2022-06-24 10:00:00;0.0;;;;;;;
2022-06-24 11:00:00;0.0;;;;;;;
2022-06-24 12:00:00;0.0;;;;;;;
2022-06-24 13:00:00;0.0;;;;;;;
2022-06-24 14:00:00;0.0;;;;;;;
2022-06-24 15:00:00;0.0;;;;;;;
2022-06-24 16:00:00;0.0;;;;;;;
2022-06-24 17:00:00;0.0;;;;;;;
2022-06-24 18:00:00;0.0;;;;;;;
2022-06-24 19:00:00;0.0;;;;;;;
2022-06-24 20:00:00;0.0;;;;;;;
2022-06-24 21:00:00;0.0;;;;;;;
2022-06-24 22:00:00;0.0;;;;;;;
2022-06-24 23:00:00;0.0;;;;;;;
2022-06-25 00:00:00;0.0;;;;;;;
2022-06-25 01:00:00;0.0;;;;;;;
2022-06-25 02:00:00;0.0;;;;;;;
2022-06-25 03:00:00;0.0;;;;;;;
2022-06-25 04:00:00;0.0;;;;;;;
2022-06-25 05:00:00;0.0;;;;;;;
2022-06-25 06:00:00;0.0;;;;;;;
2022-06-25 07:00:00;0.0;;;;;;;
2022-06-25 08:00:00;0.0;;;;;;;
2022-06-25 09:00:00;0.0;;;;;;;
2022-06-25 10:00:00;0.0;;;;;;;
2022-06-25 11:00:00;0.0;;;;;;;
2022-06-25 12:00:00;0.0;;;;;;;
2022-06-25 13:00:00;0.0;;;;;;;
2022-06-25 14:00:00;0.0;;;;;;;
2022-06-25 15:00:00;0.0;;;;;;;
2022-06-25 16:00:00;0.0;;;;;;;
2022-06-25 17:00:00;0.0;;;;;;;
2022-06-25 18:00:00;0.0;;;;;;;
2022-06-25 19:00:00;0.0;;;;;;;
2022-06-25 20:00:00;0.0;;;;;;;
2022-06-25 21:00:00;0.0;;;;;;;
2022-06-25 22:00:00;0.0;;;;;;;
2022-06-25 23:00:00;0.0;;;;;;;
2022-06-26 00:00:00;0.0;;;;;;;
2022-06-26 01:00:00;0.0;;;;;;;
2022-06-26 02:00:00;0.0;;;;;;;
2022-06-26 03:00:00;0.0;;;;;;;
2022-06-26 04:00:00;0.0;;;;;;;
2022-06-26 05:00:00;0.0;;;;;;;
2022-06-26 06:00:00;0.0;;;;;;;
2022-06-26 07:00:00;0.0;;;;;;;
2022-06-26 08:00:00;0.0;;;;;;;
2022-06-26 09:00:00;0.0;;;;;;;
2022-06-26 10:00:00;0.0;;;;;;;
2022-06-26 11:00:00;0.0;;;;;;;
2022-06-26 12:00:00;0.0;;;;;;;
2022-06-26 13:00:00;0.0;;;;;;;
2022-06-26 14:00:00;0.0;;;;;;;
2022-06-26 15:00:00;0.0;;;;;;;
2022-06-26 16:00:00;0.0;;;;;;;
2022-06-26 17:00:00;0.0;;;;;;;
2022-06-26 18:00:00;0.0;;;;;;;
2022-06-26 19:00:00;0.0;;;;;;;
2022-06-26 20:00:00;949.5703094131715;;;;;;;
2022-06-26 21:00:00;959.5714671960719;;;;;;;
2022-06-26 22:00:00;995.7596273704452;;;;;;;
2022-06-26 23:00:00;965.867733423239;;;;;;;
2022-06-27 00:00:00;988.527460449113;;;;;;;
2022-06-27 01:00:00;938.1823790688453;;;;;;;
2022-06-27 02:00:00;929.1353390252519;;;;;;;
2022-06-27 03:00:00;919.1000242827108;;;;;;;
2022-06-27 04:00:00;952.4281083698066;;;;;;;
2022-06-27 05:00:00;963.8388100205607;;;;;;;
2022-06-27 06:00:00;976.7569721568059;;;;;;;
2022-06-27 07:00:00;447.6019076589155;;;;;;;
2022-06-27 08:00:00;255.48722672314025;;;;;;;
2022-06-27 09:00:00;0.0;;;;;;;
2022-06-27 10:00:00;0.0;;;;;;;
2022-06-27 11:00:00;0.0;;;;;;;
2022-06-27 12:00:00;0.0;;;;;;;
2022-06-27 13:00:00;0.0;;;;;;;
2022-06-27 14:00:00;0.0;;;;;;;
2022-06-27 15:00:00;0.0;;;;;;;
2022-06-27 16:00:00;0.0;;;;;;;
2022-06-27 17:00:00;1003.4677145961091;;;;;;;
2022-06-27 18:00:00;1017.7179981583561;;;;;;;
2022-06-27 19:00:00;1019.4622802306922;;;;;;;
2022-06-27 20:00:00;986.790009768705;;;;;;;
2022-06-27 21:00:00;971.544620115582;;;;;;;
2022-06-27 22:00:00;978.6196650225652;;;;;;;
2022-06-27 23:00:00;1006.6648060185115;;;;;;;
2022-06-28 00:00:00;1000.0269701949338;;;;;;;
2022-06-28 01:00:00;985.9338086470356;;;;;;;
2022-06-28 02:00:00;990.8455794434191;;;;;;;
2022-06-28 03:00:00;991.6721778667326;;;;;;;
2022-06-28 04:00:00;1008.547993060055;;;;;;;
2022-06-28 05:00:00;1024.7110663622007;;;;;;;
2022-06-28 06:00:00;1050.2263152140667;;;;;;;
2022-06-28 07:00:00;1060.9174435817156;;;;;;;
2022-06-28 08:00:00;1075.242872455173;;;;;;;
2022-06-28 09:00:00;1073.400673765199;;;;;;;
2022-06-28 10:00:00;1049.0148817121305;;;;;;;
2022-06-28 11:00:00;1040.8718625337037;;;;;;;
2022-06-28 12:00:00;1047.8694849988337;;;;;;;
2022-06-28 13:00:00;1034.9923112141573;;;;;;;
2022-06-28 14:00:00;1025.9111142109232;;;;;;;
2022-06-28 15:00:00;1025.5513275693704;;;;;;;
2022-06-28 16:00:00;1007.3729936484026;;;;;;;
2022-06-28 17:00:00;1013.4984750773647;;;;;;;
2022-06-28 18:00:00;1046.642111582399;;;;;;;
2022-06-28 19:00:00;1053.7444820570947;;;;;;;
2022-06-28 20:00:00;1051.5128940272127;;;;;;;
2022-06-28 21:00:00;1043.419971722926;;;;;;;
2022-06-28 22:00:00;1053.7991331925207;;;;;;;
2022-06-28 23:00:00;1018.7540926008015;;;;;;;
2022-06-29 00:00:00;957.9159932188023;;;;;;;
2022-06-29 01:00:00;963.8775212414869;;;;;;;
2022-06-29 02:00:00;1007.6667435013159;;;;;;;
2022-06-29 03:00:00;1002.4589457213768;;;;;;;
2022-06-29 04:00:00;978.0708765376656;;;;;;;
2022-06-29 05:00:00;978.5217484049276;;;;;;;
2022-06-29 06:00:00;1034.4754025582558;;;;;;;
2022-06-29 07:00:00;1043.283343884362;;;;;;;
2022-06-29 08:00:00;1038.1210887172776;;;;;;;
2022-06-29 09:00:00;22.094998626475128;;;;;;;
2022-06-29 10:00:00;4.5246585871180125;;;;;;;
2022-06-29 11:00:00;0.0;;;;;;;
2022-06-29 12:00:00;0.0;;;;;;;
2022-06-29 13:00:00;0.0;;;;;;;
2022-06-29 14:00:00;0.0;;;;;;;
2022-06-29 15:00:00;0.0;;;;;;;
2022-06-29 16:00:00;0.0;;;;;;;
2022-06-29 17:00:00;0.0;;;;;;;
2022-06-29 18:00:00;0.0;;;;;;;
2022-06-29 19:00:00;0.0;;;;;;;
2022-06-29 20:00:00;0.0;;;;;;;
2022-06-29 21:00:00;0.0;;;;;;;
2022-06-29 22:00:00;0.0;;;;;;;
2022-06-29 23:00:00;0.0;;;;;;;
2022-06-30 00:00:00;0.0;;;;;;;
2022-06-30 01:00:00;0.0;;;;;;;
2022-06-30 02:00:00;0.0;;;;;;;
2022-06-30 03:00:00;0.0;;;;;;;
2022-06-30 04:00:00;0.0;;;;;;;
2022-06-30 05:00:00;0.0;;;;;;;
2022-06-30 06:00:00;0.0;;;;;;;
2022-06-30 07:00:00;0.0;;;;;;;
2022-06-30 08:00:00;0.0;;;;;;;
2022-06-30 09:00:00;0.0;;;;;;;
2022-06-30 10:00:00;0.0;;;;;;;
2022-06-30 11:00:00;0.0;;;;;;;
2022-06-30 12:00:00;0.0;;;;;;;
2022-06-30 13:00:00;0.0;;;;;;;
2022-06-30 14:00:00;0.0;;;;;;;
2022-06-30 15:00:00;0.0;;;;;;;
2022-06-30 16:00:00;0.0;;;;;;;
2022-06-30 17:00:00;0.0;;;;;;;
2022-06-30 18:00:00;0.0;;;;;;;
2022-06-30 19:00:00;0.0;;;;;;;
2022-06-30 20:00:00;0.0;;;;;;;
2022-06-30 21:00:00;0.0;;;;;;;
2022-06-30 22:00:00;0.0;;;;;;;
2022-06-30 23:00:00;0.0;;;;;;;
2022-07-01 00:00:00;0.0;;;;;;;
2022-07-01 01:00:00;0.0;;;;;;;
2022-07-01 02:00:00;0.0;;;;;;;
2022-07-01 03:00:00;0.0;;;;;;;
2022-07-01 04:00:00;0.0;;;;;;;
2022-07-01 05:00:00;0.0;;;;;;;
2022-07-01 06:00:00;0.0;;;;;;;
2022-07-01 07:00:00;0.0;;;;;;;
2022-07-01 08:00:00;0.0;;;;;;;
2022-07-01 09:00:00;0.0;;;;;;;
2022-07-01 10:00:00;0.0;;;;;;;
2022-07-01 11:00:00;0.0;;;;;;;
2022-07-01 12:00:00;0.0;;;;;;;
2022-07-01 13:00:00;0.0;;;;;;;
2022-07-01 14:00:00;0.0;;;;;;;
2022-07-01 15:00:00;0.0;;;;;;;
2022-07-01 16:00:00;0.0;;;;;;;
2022-07-01 17:00:00;0.0;;;;;;;
2022-07-01 18:00:00;0.0;;;;;;;
2022-07-01 19:00:00;0.0;;;;;;;
2022-07-01 20:00:00;0.0;;;;;;;
2022-07-01 21:00:00;0.0;;;;;;;
2022-07-01 22:00:00;0.0;;;;;;;
2022-07-01 23:00:00;0.0;;;;;;;
2022-07-02 00:00:00;0.0;;;;;;;
2022-07-02 01:00:00;0.0;;;;;;;
2022-07-02 02:00:00;0.0;;;;;;;
2022-07-02 03:00:00;0.0;;;;;;;
2022-07-02 04:00:00;0.0;;;;;;;
2022-07-02 05:00:00;0.0;;;;;;;
2022-07-02 06:00:00;0.0;;;;;;;
2022-07-02 07:00:00;0.0;;;;;;;
2022-07-02 08:00:00;0.0;;;;;;;
2022-07-02 09:00:00;0.0;;;;;;;
2022-07-02 10:00:00;0.0;;;;;;;
2022-07-02 11:00:00;0.0;;;;;;;
2022-07-02 12:00:00;0.0;;;;;;;
2022-07-02 13:00:00;0.0;;;;;;;
2022-07-02 14:00:00;0.0;;;;;;;
2022-07-02 15:00:00;0.0;;;;;;;
2022-07-02 16:00:00;0.0;;;;;;;
2022-07-02 17:00:00;0.0;;;;;;;
2022-07-02 18:00:00;0.0;;;;;;;
2022-07-02 19:00:00;0.0;;;;;;;
2022-07-02 20:00:00;0.0;;;;;;;
2022-07-02 21:00:00;0.0;;;;;;;
2022-07-02 22:00:00;0.0;;;;;;;
2022-07-02 23:00:00;0.0;;;;;;;
2022-07-03 00:00:00;0.0;;;;;;;
2022-07-03 01:00:00;0.0;;;;;;;
2022-07-03 02:00:00;950.0963265916437;;;;;;;
2022-07-03 03:00:00;946.6237023614702;;;;;;;
2022-07-03 04:00:00;950.0120727578629;;;;;;;
2022-07-03 05:00:00;951.8793198849066;;;;;;;
2022-07-03 06:00:00;966.2229658035063;;;;;;;
2022-07-03 07:00:00;0.0;;;;;;;
2022-07-03 08:00:00;0.0;;;;;;;
2022-07-03 09:00:00;0.0;;;;;;;
2022-07-03 10:00:00;0.0;;;;;;;
2022-07-03 11:00:00;0.0;;;;;;;
2022-07-03 12:00:00;0.0;;;;;;;
2022-07-03 13:00:00;0.0;;;;;;;
2022-07-03 14:00:00;0.0;;;;;;;
2022-07-03 15:00:00;0.0;;;;;;;
2022-07-03 16:00:00;0.0;;;;;;;
2022-07-03 17:00:00;944.4923080798688;;;;;;;
2022-07-03 18:00:00;960.8261661802201;;;;;;;
2022-07-03 19:00:00;973.7830395373919;;;;;;;
2022-07-03 20:00:00;980.4778036270384;;;;;;;
2022-07-03 21:00:00;982.9507675050507;;;;;;;
2022-07-03 22:00:00;983.9982476007098;;;;;;;
2022-07-03 23:00:00;972.036480334413;;;;;;;
2022-07-04 00:00:00;946.0954080523557;;;;;;;
2022-07-04 01:00:00;929.8845150067123;;;;;;;
2022-07-04 02:00:00;935.0285531286545;;;;;;;
2022-07-04 03:00:00;933.5279240350912;;;;;;;
2022-07-04 04:00:00;922.4314664130343;;;;;;;
2022-07-04 05:00:00;940.4595097115819;;;;;;;
2022-07-04 06:00:00;972.0615287714832;;;;;;;
2022-07-04 07:00:00;980.5096834560364;;;;;;;
2022-07-04 08:00:00;979.778724519718;;;;;;;
2022-07-04 09:00:00;299.16259245083205;;;;;;;
2022-07-04 10:00:00;0.0;;;;;;;
2022-07-04 11:00:00;0.0;;;;;;;
2022-07-04 12:00:00;0.0;;;;;;;
2022-07-04 13:00:00;0.0;;;;;;;
2022-07-04 14:00:00;0.0;;;;;;;
2022-07-04 15:00:00;0.0;;;;;;;
2022-07-04 16:00:00;0.0;;;;;;;
2022-07-04 17:00:00;980.8945185346591;;;;;;;
2022-07-04 18:00:00;988.1995536365591;;;;;;;
2022-07-04 19:00:00;981.7051770434736;;;;;;;
2022-07-04 20:00:00;976.0419531349872;;;;;;;
2022-07-04 21:00:00;981.6892371289742;;;;;;;
2022-07-04 22:00:00;973.5371094279767;;;;;;;
2022-07-04 23:00:00;965.6855629718204;;;;;;;
2022-07-05 00:00:00;964.2805733652517;;;;;;;
2022-07-05 01:00:00;967.8442828211348;;;;;;;
2022-07-05 02:00:00;958.9953531434592;;;;;;;
2022-07-05 03:00:00;943.4698764212802;;;;;;;
2022-07-05 04:00:00;956.7296081539364;;;;;;;
2022-07-05 05:00:00;967.245397462095;;;;;;;
2022-07-05 06:00:00;941.2678910897537;;;;;;;
2022-07-05 07:00:00;951.0823241599492;;;;;;;
2022-07-05 08:00:00;960.8899258382165;;;;;;;
2022-07-05 09:00:00;964.3944298973882;;;;;;;
2022-07-05 10:00:00;0.0;;;;;;;
2022-07-05 11:00:00;0.0;;;;;;;
2022-07-05 12:00:00;436.5282213432865;;;;;;;
2022-07-05 13:00:00;0.0;;;;;;;
2022-07-05 14:00:00;0.0;;;;;;;
2022-07-05 15:00:00;0.0;;;;;;;
2022-07-05 16:00:00;0.0;;;;;;;
2022-07-05 17:00:00;992.4122453256218;;;;;;;
2022-07-05 18:00:00;1001.3454288370783;;;;;;;
2022-07-05 19:00:00;1011.4923229811137;;;;;;;
2022-07-05 20:00:00;1004.9341867300312;;;;;;;
2022-07-05 21:00:00;956.2354708044622;;;;;;;
2022-07-05 22:00:00;976.9140941711553;;;;;;;
2022-07-05 23:00:00;944.7109126215717;;;;;;;
2022-07-06 00:00:00;921.6617962557893;;;;;;;
2022-07-06 01:00:00;919.7444522546054;;;;;;;
2022-07-06 02:00:00;909.2446028609461;;;;;;;
2022-07-06 03:00:00;900.4025045751991;;;;;;;
2022-07-06 04:00:00;906.2296818899625;;;;;;;
2022-07-06 05:00:00;892.8014424897434;;;;;;;
2022-07-06 06:00:00;891.724359695729;;;;;;;
2022-07-06 07:00:00;911.1983809524141;;;;;;;
2022-07-06 08:00:00;914.1495422654009;;;;;;;
2022-07-06 09:00:00;311.8644271760178;;;;;;;
2022-07-06 10:00:00;0.0;;;;;;;
2022-07-06 11:00:00;0.0;;;;;;;
2022-07-06 12:00:00;0.0;;;;;;;
2022-07-06 13:00:00;0.0;;;;;;;
2022-07-06 14:00:00;0.0;;;;;;;
2022-07-06 15:00:00;0.0;;;;;;;
2022-07-06 16:00:00;922.5544314677427;;;;;;;
2022-07-06 17:00:00;957.9068846962315;;;;;;;
2022-07-06 18:00:00;964.018703341337;;;;;;;
2022-07-06 19:00:00;965.0069780402848;;;;;;;
2022-07-06 20:00:00;945.7857182849434;;;;;;;
2022-07-06 21:00:00;938.9839290550887;;;;;;;
2022-07-06 22:00:00;952.7286896146478;;;;;;;
2022-07-06 23:00:00;951.8793198849066;;;;;;;
2022-07-07 00:00:00;854.9327599010307;;;;;;;
2022-07-07 01:00:00;820.9648021033258;;;;;;;
2022-07-07 02:00:00;797.4944165686378;;;;;;;
2022-07-07 03:00:00;766.4093061646378;;;;;;;
2022-07-07 04:00:00;763.3943851936542;;;;;;;
2022-07-07 05:00:00;765.8331921120255;;;;;;;
2022-07-07 06:00:00;769.3035392115563;;;;;;;
2022-07-07 07:00:00;554.6429877820441;;;;;;;
2022-07-07 08:00:00;151.54304427413368;;;;;;;
2022-07-07 09:00:00;0.0;;;;;;;
2022-07-07 10:00:00;0.0;;;;;;;
2022-07-07 11:00:00;0.0;;;;;;;
2022-07-07 12:00:00;0.0;;;;;;;
2022-07-07 13:00:00;0.0;;;;;;;
2022-07-07 14:00:00;0.0;;;;;;;
2022-07-07 15:00:00;0.0;;;;;;;
2022-07-07 16:00:00;0.0;;;;;;;
2022-07-07 17:00:00;860.2225343841084;;;;;;;
2022-07-07 18:00:00;871.4624512366572;;;;;;;
2022-07-07 19:00:00;906.6919394104382;;;;;;;
2022-07-07 20:00:00;918.3508483012506;;;;;;;
2022-07-07 21:00:00;849.4813091423189;;;;;;;
2022-07-07 22:00:00;850.4695838412664;;;;;;;
2022-07-07 23:00:00;845.7855261091571;;;;;;;
2022-07-08 00:00:00;869.8707369173841;;;;;;;
2022-07-08 01:00:00;876.4265960378233;;;;;;;
2022-07-08 02:00:00;877.8133685992501;;;;;;;
2022-07-08 03:00:00;885.2573086703563;;;;;;;
2022-07-08 04:00:00;893.8648624999017;;;;;;;
2022-07-08 05:00:00;922.2925614438279;;;;;;;
2022-07-08 06:00:00;956.6863426717244;;;;;;;
2022-07-08 07:00:00;971.1142424241049;;;;;;;
2022-07-08 08:00:00;1000.4186366654847;;;;;;;
2022-07-08 09:00:00;0.0;;;;;;;
2022-07-08 10:00:00;0.0;;;;;;;
2022-07-08 11:00:00;0.0;;;;;;;
2022-07-08 12:00:00;0.0;;;;;;;
2022-07-08 13:00:00;0.0;;;;;;;
2022-07-08 14:00:00;0.0;;;;;;;
2022-07-08 15:00:00;0.0;;;;;;;
2022-07-08 16:00:00;0.0;;;;;;;
2022-07-08 17:00:00;1000.9628708890987;;;;;;;
2022-07-08 18:00:00;995.4180577740349;;;;;;;
2022-07-08 19:00:00;1001.3955257112189;;;;;;;
2022-07-08 20:00:00;989.6614715091961;;;;;;;
2022-07-08 21:00:00;996.3380185537002;;;;;;;
2022-07-08 22:00:00;978.5695681484249;;;;;;;
2022-07-08 23:00:00;978.7221359014884;;;;;;;
2022-07-09 00:00:00;976.866274427658;;;;;;;
2022-07-09 01:00:00;987.3547381681036;;;;;;;
2022-07-09 02:00:00;984.5811930452501;;;;;;;
2022-07-09 03:00:00;989.5453378464166;;;;;;;
2022-07-09 04:00:00;996.6522625823975;;;;;;;
2022-07-09 05:00:00;1001.5093822433555;;;;;;;
2022-07-09 06:00:00;1013.9242985075566;;;;;;;
2022-07-09 07:00:00;1024.6632466187032;;;;;;;
2022-07-09 08:00:00;1025.8336917690704;;;;;;;
2022-07-09 09:00:00;1017.5654304052928;;;;;;;
2022-07-09 10:00:00;1018.0367964483393;;;;;;;
2022-07-09 11:00:00;1018.4648970091736;;;;;;;
2022-07-09 12:00:00;1066.9495626543255;;;;;;;
2022-07-09 13:00:00;59.22816801758405;;;;;;;
2022-07-09 14:00:00;0.0;;;;;;;
2022-07-09 15:00:00;0.0;;;;;;;
2022-07-09 16:00:00;26.524017726598196;;;;;;;
2022-07-09 17:00:00;48.32298936951754;;;;;;;
2022-07-09 18:00:00;61.50757579096358;;;;;;;
2022-07-09 19:00:00;42.265821859837665;;;;;;;
2022-07-09 20:00:00;41.819504253861254;;;;;;;
2022-07-09 21:00:00;31.738646898465454;;;;;;;
2022-07-09 22:00:00;34.682976819524136;;;;;;;
2022-07-09 23:00:00;37.74799466464786;;;;;;;
2022-07-10 00:00:00;0.0;;;;;;;
2022-07-10 01:00:00;0.0;;;;;;;
2022-07-10 02:00:00;0.0;;;;;;;
2022-07-10 03:00:00;0.0;;;;;;;
2022-07-10 04:00:00;0.0;;;;;;;
2022-07-10 05:00:00;0.0;;;;;;;
2022-07-10 06:00:00;55.265960699222035;;;;;;;
2022-07-10 07:00:00;87.951893945066;;;;;;;
2022-07-10 08:00:00;90.55465426971415;;;;;;;
2022-07-10 09:00:00;89.52311408855438;;;;;;;
2022-07-10 10:00:00;81.63513354211412;;;;;;;
2022-07-10 11:00:00;83.1129913292503;;;;;;;
2022-07-10 12:00:00;88.23653527540809;;;;;;;
2022-07-10 13:00:00;95.98105659135592;;;;;;;
2022-07-10 14:00:00;91.5315433154482;;;;;;;
2022-07-10 15:00:00;94.80833431034648;;;;;;;
2022-07-10 16:00:00;100.52165509297313;;;;;;;
2022-07-10 17:00:00;96.08125033963636;;;;;;;
2022-07-10 18:00:00;113.11418754730755;;;;;;;
2022-07-10 19:00:00;1144.1738941414583;;;;;;;
2022-07-10 20:00:00;1151.273987485512;;;;;;;
2022-07-10 21:00:00;112.53579636405243;;;;;;;
2022-07-10 22:00:00;1110.2719731323932;;;;;;;
2022-07-10 23:00:00;1086.496452091578;;;;;;;
2022-07-11 00:00:00;1082.5000878135752;;;;;;;
2022-07-11 01:00:00;1071.230568262671;;;;;;;
2022-07-11 02:00:00;1057.1761179356993;;;;;;;
2022-07-11 03:00:00;1047.4664328750696;;;;;;;
2022-07-11 04:00:00;1057.8296544301647;;;;;;;
2022-07-11 05:00:00;1055.957853041835;;;;;;;
2022-07-11 06:00:00;1029.8414417002866;;;;;;;
2022-07-11 07:00:00;1043.7456014048378;;;;;;;
2022-07-11 08:00:00;18.922955641142767;;;;;;;
2022-07-11 09:00:00;15.356969054616945;;;;;;;
2022-07-11 10:00:00;16.802947012754814;;;;;;;
2022-07-11 11:00:00;4.167149076208336;;;;;;;
2022-07-11 12:00:00;6.569521904295654;;;;;;;
2022-07-11 13:00:00;6.173301172459453;;;;;;;
2022-07-11 14:00:00;36.55477820785377;;;;;;;
2022-07-11 15:00:00;34.26170765061783;;;;;;;
2022-07-11 16:00:00;25.526634505079475;;;;;;;
2022-07-11 17:00:00;32.33753225750523;;;;;;;
2022-07-11 18:00:00;48.12260187295671;;;;;;;
2022-07-11 19:00:00;1052.316721144099;;;;;;;
2022-07-11 20:00:00;1061.1109996863484;;;;;;;
2022-07-11 21:00:00;721.0602494145346;;;;;;;
2022-07-11 22:00:00;34.127356942696345;;;;;;;
2022-07-11 23:00:00;23.71403851346099;;;;;;;
2022-07-12 00:00:00;1.2638075067189214;;;;;;;
2022-07-12 01:00:00;18.34001019660215;;;;;;;
2022-07-12 02:00:00;17.67281091828027;;;;;;;
2022-07-12 03:00:00;21.090784013028202;;;;;;;
2022-07-12 04:00:00;33.14363650503406;;;;;;;
2022-07-12 05:00:00;44.27652821737425;;;;;;;
2022-07-12 06:00:00;94.44854766879408;;;;;;;
2022-07-12 07:00:00;116.86462171589507;;;;;;;
2022-07-12 08:00:00;123.82581009074148;;;;;;;
2022-07-12 09:00:00;109.71898575898702;;;;;;;
2022-07-12 10:00:00;101.17974584872401;;;;;;;
2022-07-12 11:00:00;101.4621100484234;;;;;;;
2022-07-12 12:00:00;117.39063889436726;;;;;;;
2022-07-12 13:00:00;123.25425029941454;;;;;;;
2022-07-12 14:00:00;116.65512569676328;;;;;;;
2022-07-12 15:00:00;94.75596030556353;;;;;;;
2022-07-12 16:00:00;75.4140126261572;;;;;;;
2022-07-12 17:00:00;76.19734556725865;;;;;;;
2022-07-12 18:00:00;88.84452915701883;;;;;;;
2022-07-12 19:00:00;80.3030121161131;;;;;;;
2022-07-12 20:00:00;84.499763890677;;;;;;;
2022-07-12 21:00:00;72.7474926435124;;;;;;;
2022-07-12 22:00:00;59.01867199845227;;;;;;;
2022-07-12 23:00:00;42.773621993167964;;;;;;;
2022-07-13 00:00:00;0.0;;;;;;;
2022-07-13 01:00:00;0.0;;;;;;;
2022-07-13 02:00:00;0.0;;;;;;;
2022-07-13 03:00:00;0.0;;;;;;;
2022-07-13 04:00:00;0.0;;;;;;;
2022-07-13 05:00:00;0.0;;;;;;;
2022-07-13 06:00:00;0.0;;;;;;;
2022-07-13 07:00:00;0.0;;;;;;;
2022-07-13 08:00:00;0.0;;;;;;;
2022-07-13 09:00:00;0.0;;;;;;;
2022-07-13 10:00:00;0.0;;;;;;;
2022-07-13 11:00:00;0.0;;;;;;;
2022-07-13 12:00:00;0.0;;;;;;;
2022-07-13 13:00:00;0.0;;;;;;;
2022-07-13 14:00:00;0.0;;;;;;;
2022-07-13 15:00:00;0.0;;;;;;;
2022-07-13 16:00:00;0.0;;;;;;;
2022-07-13 17:00:00;0.0;;;;;;;
2022-07-13 18:00:00;0.0;;;;;;;
2022-07-13 19:00:00;0.0;;;;;;;
2022-07-13 20:00:00;1003.0122884675616;;;;;;;
2022-07-13 21:00:00;767.2131332815239;;;;;;;
2022-07-13 22:00:00;981.7120084354019;;;;;;;
2022-07-13 23:00:00;939.8355759154718;;;;;;;
2022-07-14 00:00:00;0.0;;;;;;;
2022-07-14 01:00:00;0.0;;;;;;;
2022-07-14 02:00:00;0.0;;;;;;;
2022-07-14 03:00:00;0.0;;;;;;;
2022-07-14 04:00:00;0.0;;;;;;;
2022-07-14 05:00:00;0.0;;;;;;;
2022-07-14 06:00:00;0.0;;;;;;;
2022-07-14 07:00:00;0.0;;;;;;;
2022-07-14 08:00:00;0.0;;;;;;;
2022-07-14 09:00:00;0.0;;;;;;;
2022-07-14 10:00:00;0.0;;;;;;;
2022-07-14 11:00:00;0.0;;;;;;;
2022-07-14 12:00:00;0.0;;;;;;;
2022-07-14 13:00:00;0.0;;;;;;;
2022-07-14 14:00:00;0.0;;;;;;;
2022-07-14 15:00:00;0.0;;;;;;;
2022-07-14 16:00:00;0.0;;;;;;;
2022-07-14 17:00:00;0.0;;;;;;;
2022-07-14 18:00:00;0.0;;;;;;;
2022-07-14 19:00:00;874.5092520366392;;;;;;;
2022-07-14 20:00:00;876.7317315439501;;;;;;;
2022-07-14 21:00:00;882.7843447923445;;;;;;;
2022-07-14 22:00:00;872.0408424199123;;;;;;;
2022-07-14 23:00:00;862.4860022429885;;;;;;;
2022-07-15 00:00:00;791.7309989118709;;;;;;;
2022-07-15 01:00:00;269.8969094303787;;;;;;;
2022-07-15 02:00:00;551.1840263357269;;;;;;;
2022-07-15 03:00:00;0.0;;;;;;;
2022-07-15 04:00:00;0.0;;;;;;;
2022-07-15 05:00:00;0.0;;;;;;;
2022-07-15 06:00:00;0.0;;;;;;;
2022-07-15 07:00:00;4.201306035849387;;;;;;;
2022-07-15 08:00:00;29.739326194142556;;;;;;;
2022-07-15 09:00:00;33.94974075256288;;;;;;;
2022-07-15 10:00:00;37.83224849842912;;;;;;;
2022-07-15 11:00:00;34.8788100547995;;;;;;;
2022-07-15 12:00:00;36.206377219515055;;;;;;;
2022-07-15 13:00:00;35.22721104313823;;;;;;;
2022-07-15 14:00:00;21.058904184029885;;;;;;;
2022-07-15 15:00:00;20.428138995991795;;;;;;;
2022-07-15 16:00:00;39.24862375821141;;;;;;;
2022-07-15 17:00:00;42.30453308076418;;;;;;;
2022-07-15 18:00:00;58.46760638290997;;;;;;;
2022-07-15 19:00:00;1071.852224928138;;;;;;;
2022-07-15 20:00:00;1071.6040176880795;;;;;;;
2022-07-15 21:00:00;701.823049744694;;;;;;;
2022-07-15 22:00:00;23.9622457535193;;;;;;;
2022-07-15 23:00:00;493.1741232120069;;;;;;;
2022-07-16 00:00:00;0.0;;;;;;;
2022-07-16 01:00:00;0.0;;;;;;;
2022-07-16 02:00:00;652.2180358233157;;;;;;;
2022-07-16 03:00:00;958.1414291524333;;;;;;;
2022-07-16 04:00:00;943.374236934285;;;;;;;
2022-07-16 05:00:00;402.23463386367035;;;;;;;
2022-07-16 06:00:00;897.0733395755179;;;;;;;
2022-07-16 07:00:00;60.84493077392718;;;;;;;
2022-07-16 08:00:00;51.36751303885663;;;;;;;
2022-07-16 09:00:00;60.76067694014591;;;;;;;
2022-07-16 10:00:00;45.44469623709823;;;;;;;
2022-07-16 11:00:00;40.32342942158317;;;;;;;
2022-07-16 12:00:00;55.21814095572456;;;;;;;
2022-07-16 13:00:00;40.8448923387699;;;;;;;
2022-07-16 14:00:00;44.44731301557951;;;;;;;
2022-07-16 15:00:00;68.9469616007847;;;;;;;
2022-07-16 16:00:00;77.26759696934495;;;;;;;
2022-07-16 17:00:00;73.45340314276082;;;;;;;
2022-07-16 18:00:00;82.99685766647073;;;;;;;
2022-07-16 19:00:00;87.95417107570873;;;;;;;
2022-07-16 20:00:00;85.11458916421594;;;;;;;
2022-07-16 21:00:00;87.65814409215294;;;;;;;
2022-07-16 22:00:00;80.2164811516891;;;;;;;
2022-07-16 23:00:00;70.21076910750362;;;;;;;
2022-07-17 00:00:00;1.2751931599326056;;;;;;;
2022-07-17 01:00:00;0.0;;;;;;;
2022-07-17 02:00:00;0.0;;;;;;;
2022-07-17 03:00:00;0.0;;;;;;;
2022-07-17 04:00:00;0.0;;;;;;;
2022-07-17 05:00:00;0.0;;;;;;;
2022-07-17 06:00:00;0.0;;;;;;;
2022-07-17 07:00:00;47.31422049478513;;;;;;;
2022-07-17 08:00:00;58.17385652999692;;;;;;;
2022-07-17 09:00:00;57.03756833927125;;;;;;;
2022-07-17 10:00:00;43.559232064912166;;;;;;;
2022-07-17 11:00:00;39.936317212317924;;;;;;;
2022-07-17 12:00:00;26.373727104177565;;;;;;;
2022-07-17 13:00:00;22.591413106591748;;;;;;;
2022-07-17 14:00:00;25.526634505079475;;;;;;;
2022-07-17 15:00:00;35.70540847811295;;;;;;;
2022-07-17 16:00:00;15.411620190042628;;;;;;;
2022-07-17 17:00:00;57.99396320922071;;;;;;;
2022-07-17 18:00:00;73.60369376518143;;;;;;;
2022-07-17 19:00:00;27.890296112240275;;;;;;;
2022-07-17 20:00:00;26.765393574728293;;;;;;;
2022-07-17 21:00:00;45.92289367207296;;;;;;;
2022-07-17 22:00:00;36.65724908677693;;;;;;;
2022-07-17 23:00:00;47.85162332647102;;;;;;;
2022-07-18 00:00:00;49.01068282362405;;;;;;;
2022-07-18 01:00:00;9.566225830137277;;;;;;;
2022-07-18 02:00:00;12.200865983783752;;;;;;;
2022-07-18 03:00:00;3.6980601638045556;;;;;;;
2022-07-18 04:00:00;0.0;;;;;;;
2022-07-18 05:00:00;0.0;;;;;;;
2022-07-18 06:00:00;8.71913323103919;;;;;;;
2022-07-18 07:00:00;36.254196963012525;;;;;;;
2022-07-18 08:00:00;50.33597285769687;;;;;;;
2022-07-18 09:00:00;37.15594069753629;;;;;;;
2022-07-18 10:00:00;6.230229438527873;;;;;;;
2022-07-18 11:00:00;4.112497940782653;;;;;;;
2022-07-18 12:00:00;10.923395693208407;;;;;;;
2022-07-18 13:00:00;20.37576499120885;;;;;;;
2022-07-18 14:00:00;15.384294622329792;;;;;;;
2022-07-18 15:00:00;9.677805231631378;;;;;;;
2022-07-18 16:00:00;11.69762011173892;;;;;;;
2022-07-18 17:00:00;21.75798329135008;;;;;;;
2022-07-18 18:00:00;32.74058438126964;;;;;;;
2022-07-18 19:00:00;40.8448923387699;;;;;;;
2022-07-18 20:00:00;32.54702827663702;;;;;;;
2022-07-18 21:00:00;32.32842373493429;;;;;;;
2022-07-18 22:00:00;22.147372631258076;;;;;;;
2022-07-18 23:00:00;7.202564222976485;;;;;;;
2022-07-19 00:00:00;15.910311800801992;;;;;;;
2022-07-19 01:00:00;10.301739027741265;;;;;;;
2022-07-19 02:00:00;18.891075812144454;;;;;;;
2022-07-19 03:00:00;17.04659999152765;;;;;;;
2022-07-19 04:00:00;17.256096010659434;;;;;;;
2022-07-19 05:00:00;27.03864925185671;;;;;;;
2022-07-19 06:00:00;56.764312662142835;;;;;;;
2022-07-19 07:00:00;60.60810918708255;;;;;;;
2022-07-19 08:00:00;68.42549868359797;;;;;;;
2022-07-19 09:00:00;59.70408832191605;;;;;;;
2022-07-19 10:00:00;53.67196924930627;;;;;;;
2022-07-19 11:00:00;56.50244263822811;;;;;;;
2022-07-19 12:00:00;70.38610816699436;;;;;;;
2022-07-19 13:00:00;56.24512687559886;;;;;;;
2022-07-19 14:00:00;41.373186647884836;;;;;;;
2022-07-19 15:00:00;37.096735300825145;;;;;;;
2022-07-19 16:00:00;41.685153545939784;;;;;;;
2022-07-19 17:00:00;43.48636388434459;;;;;;;
2022-07-19 18:00:00;63.06968741188103;;;;;;;
2022-07-19 19:00:00;47.56470486548619;;;;;;;
2022-07-19 20:00:00;43.28142212649828;;;;;;;
2022-07-19 21:00:00;40.04789661381202;;;;;;;
2022-07-19 22:00:00;31.164809976495786;;;;;;;
2022-07-19 23:00:00;26.758562182800084;;;;;;;
2022-07-20 00:00:00;24.8844836638277;;;;;;;
2022-07-20 01:00:00;0.0;;;;;;;
2022-07-20 02:00:00;0.0;;;;;;;
2022-07-20 03:00:00;0.0;;;;;;;
2022-07-20 04:00:00;0.0;;;;;;;
2022-07-20 05:00:00;0.0;;;;;;;
2022-07-20 06:00:00;0.0;;;;;;;
2022-07-20 07:00:00;0.0;;;;;;;
2022-07-20 08:00:00;0.0;;;;;;;
2022-07-20 09:00:00;0.0;;;;;;;
2022-07-20 10:00:00;0.0;;;;;;;
2022-07-20 11:00:00;0.0;;;;;;;
2022-07-20 12:00:00;0.0;;;;;;;
2022-07-20 13:00:00;0.0;;;;;;;
2022-07-20 14:00:00;0.0;;;;;;;
2022-07-20 15:00:00;0.0;;;;;;;
2022-07-20 16:00:00;0.0;;;;;;;
2022-07-20 17:00:00;0.0;;;;;;;
2022-07-20 18:00:00;0.0;;;;;;;
2022-07-20 19:00:00;0.0;;;;;;;
2022-07-20 20:00:00;0.0;;;;;;;
2022-07-20 21:00:00;0.0;;;;;;;
2022-07-20 22:00:00;0.0;;;;;;;
2022-07-20 23:00:00;0.0;;;;;;;
2022-07-21 00:00:00;0.0;;;;;;;
2022-07-21 01:00:00;0.0;;;;;;;
2022-07-21 02:00:00;0.0;;;;;;;
2022-07-21 03:00:00;0.0;;;;;;;
2022-07-21 04:00:00;0.0;;;;;;;
2022-07-21 05:00:00;0.0;;;;;;;
2022-07-21 06:00:00;0.0;;;;;;;
2022-07-21 07:00:00;0.0;;;;;;;
2022-07-21 08:00:00;0.0;;;;;;;
2022-07-21 09:00:00;0.0;;;;;;;
2022-07-21 10:00:00;0.0;;;;;;;
2022-07-21 11:00:00;0.0;;;;;;;
2022-07-21 12:00:00;0.0;;;;;;;
2022-07-21 13:00:00;0.0;;;;;;;
2022-07-21 14:00:00;0.0;;;;;;;
2022-07-21 15:00:00;0.0;;;;;;;
2022-07-21 16:00:00;0.0;;;;;;;
2022-07-21 17:00:00;0.0;;;;;;;
2022-07-21 18:00:00;945.5420653061706;;;;;;;
2022-07-21 19:00:00;958.4921072714149;;;;;;;
2022-07-21 20:00:00;978.6060022387088;;;;;;;
2022-07-21 21:00:00;961.8577063613794;;;;;;;
2022-07-21 22:00:00;962.7435101814043;;;;;;;
2022-07-21 23:00:00;953.9583401617257;;;;;;;
2022-07-22 00:00:00;954.0038827745805;;;;;;;
2022-07-22 01:00:00;986.7490214171352;;;;;;;
2022-07-22 02:00:00;990.0668007636032;;;;;;;
2022-07-22 03:00:00;949.5634780212439;;;;;;;
2022-07-22 04:00:00;943.2057292667226;;;;;;;
2022-07-22 05:00:00;953.8308208457325;;;;;;;
2022-07-22 06:00:00;982.1196148204516;;;;;;;
2022-07-22 07:00:00;980.8125418315207;;;;;;;
2022-07-22 08:00:00;970.8364324856908;;;;;;;
2022-07-22 09:00:00;389.53279913848445;;;;;;;
2022-07-22 10:00:00;0.0;;;;;;;
2022-07-22 11:00:00;0.0;;;;;;;
2022-07-22 12:00:00;0.0;;;;;;;
2022-07-22 13:00:00;0.0;;;;;;;
2022-07-22 14:00:00;0.0;;;;;;;
2022-07-22 15:00:00;0.0;;;;;;;
2022-07-22 16:00:00;961.527522418183;;;;;;;
2022-07-22 17:00:00;971.8360928378523;;;;;;;
2022-07-22 18:00:00;985.6992641908342;;;;;;;
2022-07-22 19:00:00;1020.5257002408505;;;;;;;
2022-07-22 20:00:00;1037.4379495244566;;;;;;;
2022-07-22 21:00:00;1038.6197803280372;;;;;;;
2022-07-22 22:00:00;1034.0700733038489;;;;;;;
2022-07-22 23:00:00;1030.713582736455;;;;;;;
2022-07-23 00:00:00;903.3718829333279;;;;;;;
2022-07-23 01:00:00;260.2623696809593;;;;;;;
2022-07-23 02:00:00;584.0976726458445;;;;;;;
2022-07-23 03:00:00;0.0;;;;;;;
2022-07-23 04:00:00;0.0;;;;;;;
2022-07-23 05:00:00;0.0;;;;;;;
2022-07-23 06:00:00;628.9662548303303;;;;;;;
2022-07-23 07:00:00;0.0;;;;;;;
2022-07-23 08:00:00;3.745879907302029;;;;;;;
2022-07-23 09:00:00;14.68749264565233;;;;;;;
2022-07-23 10:00:00;18.20110522739521;;;;;;;
2022-07-23 11:00:00;0.0;;;;;;;
2022-07-23 12:00:00;0.0;;;;;;;
2022-07-23 13:00:00;0.0;;;;;;;
2022-07-23 14:00:00;0.0;;;;;;;
2022-07-23 15:00:00;0.0;;;;;;;
2022-07-23 16:00:00;0.0;;;;;;;
2022-07-23 17:00:00;0.0;;;;;;;
2022-07-23 18:00:00;0.0;;;;;;;
2022-07-23 19:00:00;0.0;;;;;;;
2022-07-23 20:00:00;0.0;;;;;;;
2022-07-23 21:00:00;0.0;;;;;;;
2022-07-23 22:00:00;0.0;;;;;;;
2022-07-23 23:00:00;0.0;;;;;;;
2022-07-24 00:00:00;0.0;;;;;;;
2022-07-24 01:00:00;0.0;;;;;;;
2022-07-24 02:00:00;0.0;;;;;;;
2022-07-24 03:00:00;0.0;;;;;;;
2022-07-24 04:00:00;0.0;;;;;;;
2022-07-24 05:00:00;0.0;;;;;;;
2022-07-24 06:00:00;0.0;;;;;;;
2022-07-24 07:00:00;0.0;;;;;;;
2022-07-24 08:00:00;0.0;;;;;;;
2022-07-24 09:00:00;0.0;;;;;;;
2022-07-24 10:00:00;0.0;;;;;;;
2022-07-24 11:00:00;0.0;;;;;;;
2022-07-24 12:00:00;0.0;;;;;;;
2022-07-24 13:00:00;0.0;;;;;;;
2022-07-24 14:00:00;0.0;;;;;;;
2022-07-24 15:00:00;0.0;;;;;;;
2022-07-24 16:00:00;0.0;;;;;;;
2022-07-24 17:00:00;0.0;;;;;;;
2022-07-24 18:00:00;898.8540557381381;;;;;;;
2022-07-24 19:00:00;903.6223673040286;;;;;;;
2022-07-24 20:00:00;910.7361234319387;;;;;;;
2022-07-24 21:00:00;920.0996846348723;;;;;;;
2022-07-24 22:00:00;931.3213844422789;;;;;;;
2022-07-24 23:00:00;932.0865003382388;;;;;;;
2022-07-25 00:00:00;945.0729763937668;;;;;;;
2022-07-25 01:00:00;943.9230254191847;;;;;;;
2022-07-25 02:00:00;949.6454547243824;;;;;;;
2022-07-25 03:00:00;950.6291751620447;;;;;;;
2022-07-25 04:00:00;949.265173907045;;;;;;;
2022-07-25 05:00:00;980.9172898410862;;;;;;;
2022-07-25 06:00:00;985.4669968652747;;;;;;;
2022-07-25 07:00:00;983.4130250255264;;;;;;;
2022-07-25 08:00:00;972.5943773418836;;;;;;;
2022-07-25 09:00:00;965.3280534609106;;;;;;;
2022-07-25 10:00:00;0.0;;;;;;;
2022-07-25 11:00:00;0.0;;;;;;;
2022-07-25 12:00:00;0.0;;;;;;;
2022-07-25 13:00:00;0.0;;;;;;;
2022-07-25 14:00:00;0.0;;;;;;;
2022-07-25 15:00:00;0.0;;;;;;;
2022-07-25 16:00:00;0.0;;;;;;;
2022-07-25 17:00:00;940.9718641061975;;;;;;;
2022-07-25 18:00:00;956.5815946621586;;;;;;;
2022-07-25 19:00:00;944.6949727070725;;;;;;;
2022-07-25 20:00:00;937.6859645887288;;;;;;;
2022-07-25 21:00:00;970.0940878961587;;;;;;;
2022-07-25 22:00:00;937.6358677145885;;;;;;;
2022-07-25 23:00:00;927.1883923257114;;;;;;;
2022-07-26 00:00:00;985.0388963044403;;;;;;;
2022-07-26 01:00:00;980.9605553232988;;;;;;;
2022-07-26 02:00:00;996.668202496897;;;;;;;
2022-07-26 03:00:00;1006.4211530397389;;;;;;;
2022-07-26 04:00:00;998.7563312962868;;;;;;;
2022-07-26 05:00:00;1007.8511910833776;;;;;;;
2022-07-26 06:00:00;1004.3557955467766;;;;;;;
2022-07-26 07:00:00;974.2065858369414;;;;;;;
2022-07-26 08:00:00;926.3481311185419;;;;;;;
2022-07-26 09:00:00;932.7787480536306;;;;;;;
2022-07-26 10:00:00;0.0;;;;;;;
2022-07-26 11:00:00;0.0;;;;;;;
2022-07-26 12:00:00;0.0;;;;;;;
2022-07-26 13:00:00;0.0;;;;;;;
2022-07-26 14:00:00;0.0;;;;;;;
2022-07-26 15:00:00;0.0;;;;;;;
2022-07-26 16:00:00;0.0;;;;;;;
2022-07-26 17:00:00;927.6324328010456;;;;;;;
2022-07-26 18:00:00;920.379771703929;;;;;;;
2022-07-26 19:00:00;907.4274526080422;;;;;;;
2022-07-26 20:00:00;934.593621175892;;;;;;;
2022-07-26 21:00:00;948.7869764720704;;;;;;;
2022-07-26 22:00:00;957.6290747578172;;;;;;;
2022-07-26 23:00:00;970.6360449891299;;;;;;;
2022-07-27 00:00:00;1015.4203733398348;;;;;;;
2022-07-27 01:00:00;1002.1469788233218;;;;;;;
2022-07-27 02:00:00;1021.2316107400989;;;;;;;
2022-07-27 03:00:00;1021.1951766498152;;;;;;;
2022-07-27 04:00:00;1017.8910600872041;;;;;;;
2022-07-27 05:00:00;1017.3946456070876;;;;;;;
2022-07-27 06:00:00;1030.5564607221056;;;;;;;
2022-07-27 07:00:00;1051.337554967722;;;;;;;
2022-07-27 08:00:00;1045.451172256247;;;;;;;
2022-07-27 09:00:00;27.908513157382167;;;;;;;
2022-07-27 10:00:00;19.46718986475686;;;;;;;
2022-07-27 11:00:00;14.409682707238444;;;;;;;
2022-07-27 12:00:00;10.121845706965056;;;;;;;
2022-07-27 13:00:00;0.0;;;;;;;
2022-07-27 14:00:00;0.0;;;;;;;
2022-07-27 15:00:00;0.0;;;;;;;
2022-07-27 16:00:00;0.0;;;;;;;
2022-07-27 17:00:00;1007.1862689356982;;;;;;;
2022-07-27 18:00:00;1030.4494355818974;;;;;;;
2022-07-27 19:00:00;1028.3317040841523;;;;;;;
2022-07-27 20:00:00;1027.9149891765308;;;;;;;
2022-07-27 21:00:00;1030.6703172542432;;;;;;;
2022-07-27 22:00:00;1040.6122696404318;;;;;;;
2022-07-27 23:00:00;1031.05059807158;;;;;;;
2022-07-28 00:00:00;959.5099846687177;;;;;;;
2022-07-28 01:00:00;922.333549795397;;;;;;;
2022-07-28 02:00:00;921.3885405786617;;;;;;;
2022-07-28 03:00:00;915.7298709314599;;;;;;;
2022-07-28 04:00:00;918.1572921966177;;;;;;;
2022-07-28 05:00:00;916.7773510271194;;;;;;;
2022-07-28 06:00:00;924.1438686563729;;;;;;;
2022-07-28 07:00:00;938.2506929881274;;;;;;;
2022-07-28 08:00:00;937.5561681420926;;;;;;;
2022-07-28 09:00:00;944.3283546735919;;;;;;;
2022-07-28 10:00:00;0.0;;;;;;;
2022-07-28 11:00:00;0.0;;;;;;;
2022-07-28 12:00:00;0.0;;;;;;;
2022-07-28 13:00:00;0.0;;;;;;;
2022-07-28 14:00:00;0.0;;;;;;;
2022-07-28 15:00:00;0.0;;;;;;;
2022-07-28 16:00:00;0.0;;;;;;;
2022-07-28 17:00:00;1051.3056751387237;;;;;;;
2022-07-28 18:00:00;1043.1171133474418;;;;;;;
2022-07-28 19:00:00;1041.9739937647885;;;;;;;
2022-07-28 20:00:00;1033.1387268709695;;;;;;;
2022-07-28 21:00:00;1035.9828630437478;;;;;;;
2022-07-28 22:00:00;1034.1247244392746;;;;;;;
2022-07-28 23:00:00;1036.3426496853003;;;;;;;
2022-07-29 00:00:00;1020.1864077750829;;;;;;;
2022-07-29 01:00:00;1060.4210291015986;;;;;;;
2022-07-29 02:00:00;1070.6043573359182;;;;;;;
2022-07-29 03:00:00;1063.5520837353622;;;;;;;
2022-07-29 04:00:00;1066.7628379416212;;;;;;;
2022-07-29 05:00:00;1074.8011091104822;;;;;;;
2022-07-29 06:00:00;1048.3932250466632;;;;;;;
2022-07-29 07:00:00;1063.1376459583844;;;;;;;
2022-07-29 08:00:00;1061.6119684277508;;;;;;;
2022-07-29 09:00:00;1059.305235086658;;;;;;;
2022-07-29 10:00:00;1066.1685068438667;;;;;;;
2022-07-29 11:00:00;53.82681413301237;;;;;;;
2022-07-29 12:00:00;40.55341961649959;;;;;;;
2022-07-29 13:00:00;37.07851825568324;;;;;;;
2022-07-29 14:00:00;26.936178372933558;;;;;;;
2022-07-29 15:00:00;22.928428441716793;;;;;;;
2022-07-29 16:00:00;1043.6340220033435;;;;;;;
2022-07-29 17:00:00;1051.132613209876;;;;;;;
2022-07-29 18:00:00;1050.929948582672;;;;;;;
2022-07-29 19:00:00;1039.9883358443217;;;;;;;
2022-07-29 20:00:00;1043.1694873522251;;;;;;;
2022-07-29 21:00:00;1037.32409299232;;;;;;;
2022-07-29 22:00:00;1031.2031658246433;;;;;;;
2022-07-29 23:00:00;1043.4518515519246;;;;;;;
2022-07-30 00:00:00;1035.8075239842572;;;;;;;
2022-07-30 01:00:00;1030.3333019191177;;;;;;;
2022-07-30 02:00:00;1028.0584484070237;;;;;;;
2022-07-30 03:00:00;1031.717797349902;;;;;;;
2022-07-30 04:00:00;662.986586632818;;;;;;;
2022-07-30 05:00:00;491.3911299187441;;;;;;;
2022-07-30 06:00:00;773.7644381406776;;;;;;;
2022-07-30 07:00:00;21.02019296310336;;;;;;;
2022-07-30 08:00:00;16.267821311711668;;;;;;;
2022-07-30 09:00:00;7.202564222976485;;;;;;;
2022-07-30 10:00:00;0.0;;;;;;;
2022-07-30 11:00:00;0.0;;;;;;;
2022-07-30 12:00:00;0.0;;;;;;;
2022-07-30 13:00:00;0.0;;;;;;;
2022-07-30 14:00:00;0.0;;;;;;;
2022-07-30 15:00:00;0.0;;;;;;;
2022-07-30 16:00:00;0.0;;;;;;;
2022-07-30 17:00:00;0.0;;;;;;;
2022-07-30 18:00:00;0.0;;;;;;;
2022-07-30 19:00:00;0.0;;;;;;;
2022-07-30 20:00:00;0.0;;;;;;;
2022-07-30 21:00:00;0.0;;;;;;;
2022-07-30 22:00:00;0.0;;;;;;;
2022-07-30 23:00:00;0.0;;;;;;;
2022-07-31 00:00:00;0.0;;;;;;;
2022-07-31 01:00:00;0.0;;;;;;;
2022-07-31 02:00:00;0.0;;;;;;;
2022-07-31 03:00:00;0.0;;;;;;;
2022-07-31 04:00:00;0.0;;;;;;;
2022-07-31 05:00:00;0.0;;;;;;;
2022-07-31 06:00:00;0.0;;;;;;;
2022-07-31 07:00:00;0.0;;;;;;;
2022-07-31 08:00:00;0.0;;;;;;;
2022-07-31 09:00:00;0.0;;;;;;;
2022-07-31 10:00:00;0.0;;;;;;;
2022-07-31 11:00:00;0.0;;;;;;;
2022-07-31 12:00:00;0.0;;;;;;;
2022-07-31 13:00:00;0.0;;;;;;;
2022-07-31 14:00:00;0.0;;;;;;;
2022-07-31 15:00:00;0.0;;;;;;;
2022-07-31 16:00:00;0.0;;;;;;;
2022-07-31 17:00:00;0.0;;;;;;;
2022-07-31 18:00:00;0.0;;;;;;;
2022-07-31 19:00:00;0.0;;;;;;;
2022-07-31 20:00:00;969.668264465967;;;;;;;
2022-07-31 21:00:00;556.7743820636458;;;;;;;
2022-07-31 22:00:00;966.74215159005;;;;;;;
2022-07-31 23:00:00;964.7041196648007;;;;;;;
2022-08-01 00:00:00;958.9088221790356;;;;;;;
2022-08-01 01:00:00;956.3151703769583;;;;;;;
2022-08-01 02:00:00;958.0571753186518;;;;;;;
2022-08-01 03:00:00;966.8787794286144;;;;;;;
2022-08-01 04:00:00;966.4575102597079;;;;;;;
2022-08-01 05:00:00;988.087974235065;;;;;;;
2022-08-01 06:00:00;1013.1090857374569;;;;;;;
2022-08-01 07:00:00;1035.4454602120625;;;;;;;
2022-08-01 08:00:00;1046.1525284942104;;;;;;;
2022-08-01 09:00:00;931.583254466194;;;;;;;
2022-08-01 10:00:00;678.7352221579857;;;;;;;
2022-08-01 11:00:00;17.811715887487214;;;;;;;
2022-08-01 12:00:00;797.0093877417349;;;;;;;
2022-08-01 13:00:00;18.20110522739521;;;;;;;
2022-08-01 14:00:00;22.56864180016438;;;;;;;
2022-08-01 15:00:00;13.287057300369202;;;;;;;
2022-08-01 16:00:00;11.638414715027762;;;;;;;
2022-08-01 17:00:00;1031.0528752022228;;;;;;;
2022-08-01 18:00:00;1028.6778279418484;;;;;;;
2022-08-01 19:00:00;1021.8555445362088;;;;;;;
2022-08-01 20:00:00;1016.6614095401264;;;;;;;
2022-08-01 21:00:00;1020.316204221719;;;;;;;
2022-08-01 22:00:00;1018.3647032608934;;;;;;;
2022-08-01 23:00:00;1028.6095140225664;;;;;;;
2022-08-02 00:00:00;1007.432199045114;;;;;;;
2022-08-02 01:00:00;983.7113291397247;;;;;;;
2022-08-02 02:00:00;981.8190335756104;;;;;;;
2022-08-02 03:00:00;986.9516860443391;;;;;;;
2022-08-02 04:00:00;982.2585197896587;;;;;;;
2022-08-02 05:00:00;989.0694175420844;;;;;;;
2022-08-02 06:00:00;986.6943702817099;;;;;;;
2022-08-02 07:00:00;992.4782821142614;;;;;;;
2022-08-02 08:00:00;1002.1925214361765;;;;;;;
2022-08-02 09:00:00;0.0;;;;;;;
2022-08-02 10:00:00;0.0;;;;;;;
2022-08-02 11:00:00;0.0;;;;;;;
2022-08-02 12:00:00;0.0;;;;;;;
2022-08-02 13:00:00;0.0;;;;;;;
2022-08-02 14:00:00;0.0;;;;;;;
2022-08-02 15:00:00;0.0;;;;;;;
2022-08-02 16:00:00;0.0;;;;;;;
2022-08-02 17:00:00;0.0;;;;;;;
2022-08-02 18:00:00;1000.2956716107768;;;;;;;
2022-08-02 19:00:00;989.3039619982864;;;;;;;
2022-08-02 20:00:00;988.0834199737792;;;;;;;
2022-08-02 21:00:00;983.3264940611022;;;;;;;
2022-08-02 22:00:00;962.4725316349186;;;;;;;
2022-08-02 23:00:00;954.5503941288373;;;;;;;
2022-08-03 00:00:00;936.485916740006;;;;;;;
2022-08-03 01:00:00;921.4363603221587;;;;;;;
2022-08-03 02:00:00;944.8156606311376;;;;;;;
2022-08-03 03:00:00;948.8051935172124;;;;;;;
2022-08-03 04:00:00;926.5553500070312;;;;;;;
2022-08-03 05:00:00;934.5275843872528;;;;;;;
2022-08-03 06:00:00;973.6395803069;;;;;;;
2022-08-03 07:00:00;985.9839055211761;;;;;;;
2022-08-03 08:00:00;7.402951719537322;;;;;;;
2022-08-03 09:00:00;0.0;;;;;;;
2022-08-03 10:00:00;0.0;;;;;;;
2022-08-03 11:00:00;0.0;;;;;;;
2022-08-03 12:00:00;0.0;;;;;;;
2022-08-03 13:00:00;0.0;;;;;;;
2022-08-03 14:00:00;0.0;;;;;;;
2022-08-03 15:00:00;0.0;;;;;;;
2022-08-03 16:00:00;0.0;;;;;;;
2022-08-03 17:00:00;0.0;;;;;;;
2022-08-03 18:00:00;1037.151031063472;;;;;;;
2022-08-03 19:00:00;1029.5385833248026;;;;;;;
2022-08-03 20:00:00;1023.2855825798474;;;;;;;
2022-08-03 21:00:00;1008.7779832549713;;;;;;;
2022-08-03 22:00:00;1007.0610267503477;;;;;;;
2022-08-03 23:00:00;1000.3525998768453;;;;;;;
2022-08-04 00:00:00;983.8365713250754;;;;;;;
2022-08-04 01:00:00;938.8905666987362;;;;;;;
2022-08-04 02:00:00;907.3568615581171;;;;;;;
2022-08-04 03:00:00;903.9730454230104;;;;;;;
2022-08-04 04:00:00;906.416406602667;;;;;;;
2022-08-04 05:00:00;905.2687327587278;;;;;;;
2022-08-04 06:00:00;913.0906765165286;;;;;;;
2022-08-04 07:00:00;0.0;;;;;;;
2022-08-04 08:00:00;0.0;;;;;;;
2022-08-04 09:00:00;0.0;;;;;;;
2022-08-04 10:00:00;0.0;;;;;;;
2022-08-04 11:00:00;0.0;;;;;;;
2022-08-04 12:00:00;0.0;;;;;;;
2022-08-04 13:00:00;0.0;;;;;;;
2022-08-04 14:00:00;0.0;;;;;;;
2022-08-04 15:00:00;0.0;;;;;;;
2022-08-04 16:00:00;0.0;;;;;;;
2022-08-04 17:00:00;947.6370254974881;;;;;;;
2022-08-04 18:00:00;965.7515997604596;;;;;;;
2022-08-04 19:00:00;973.9629328581684;;;;;;;
2022-08-04 20:00:00;984.9182083803752;;;;;;;
2022-08-04 21:00:00;988.3748926960499;;;;;;;
2022-08-04 22:00:00;982.7663199229889;;;;;;;
2022-08-04 23:00:00;986.7490214171352;;;;;;;
2022-08-05 00:00:00;984.3124916294073;;;;;;;
2022-08-05 01:00:00;972.4463638501057;;;;;;;
2022-08-05 02:00:00;972.7833791852311;;;;;;;
2022-08-05 03:00:00;974.6984460557727;;;;;;;
2022-08-05 04:00:00;967.2704458991652;;;;;;;
2022-08-05 05:00:00;977.4332799576996;;;;;;;
2022-08-05 06:00:00;953.2114413109082;;;;;;;
2022-08-05 07:00:00;983.0395756001176;;;;;;;
2022-08-05 08:00:00;0.0;;;;;;;
2022-08-05 09:00:00;0.0;;;;;;;
2022-08-05 10:00:00;0.0;;;;;;;
2022-08-05 11:00:00;0.0;;;;;;;
2022-08-05 12:00:00;0.0;;;;;;;
2022-08-05 13:00:00;0.0;;;;;;;
2022-08-05 14:00:00;0.0;;;;;;;
2022-08-05 15:00:00;0.0;;;;;;;
2022-08-05 16:00:00;0.0;;;;;;;
2022-08-05 17:00:00;1028.2201246826583;;;;;;;
2022-08-05 18:00:00;1031.2122743472141;;;;;;;
2022-08-05 19:00:00;1054.2112938388561;;;;;;;
2022-08-05 20:00:00;1034.1884840972714;;;;;;;
2022-08-05 21:00:00;1038.0117864464264;;;;;;;
2022-08-05 22:00:00;1026.1502129284104;;;;;;;
2022-08-05 23:00:00;1024.0324814306653;;;;;;;
2022-08-06 00:00:00;1021.090428640249;;;;;;;
2022-08-06 01:00:00;1029.2789904315307;;;;;;;
2022-08-06 02:00:00;1040.758006001567;;;;;;;
2022-08-06 03:00:00;1041.4821335459574;;;;;;;
2022-08-06 04:00:00;994.4070117686595;;;;;;;
2022-08-06 05:00:00;1004.4218323354156;;;;;;;
2022-08-06 06:00:00;1043.2423555327928;;;;;;;
2022-08-06 07:00:00;1063.3220935404458;;;;;;;
2022-08-06 08:00:00;1072.799511275516;;;;;;;
2022-08-06 09:00:00;1046.9426928272396;;;;;;;
2022-08-06 10:00:00;31.3082692069882;;;;;;;
2022-08-06 11:00:00;36.00826685359695;;;;;;;
2022-08-06 12:00:00;52.144014588029876;;;;;;;
2022-08-06 13:00:00;53.48979879788734;;;;;;;
2022-08-06 14:00:00;58.46077499098175;;;;;;;
2022-08-06 15:00:00;54.99725928337908;;;;;;;
2022-08-06 16:00:00;1066.05465031173;;;;;;;
2022-08-06 17:00:00;1070.2718962620786;;;;;;;
2022-08-06 18:00:00;1075.588996312869;;;;;;;
2022-08-06 19:00:00;1077.7795959911818;;;;;;;
2022-08-06 20:00:00;1079.6878314697951;;;;;;;
2022-08-06 21:00:00;1074.5096363882114;;;;;;;
2022-08-06 22:00:00;1051.3967603644332;;;;;;;
2022-08-06 23:00:00;1043.7296614903385;;;;;;;
2022-08-07 00:00:00;1045.7608620236597;;;;;;;
2022-08-07 01:00:00;1017.4606823957267;;;;;;;
2022-08-07 02:00:00;1025.6128100967244;;;;;;;
2022-08-07 03:00:00;1025.6560755789365;;;;;;;
2022-08-07 04:00:00;1020.0634427203748;;;;;;;
2022-08-07 05:00:00;1020.8627155759756;;;;;;;
2022-08-07 06:00:00;986.8150582057749;;;;;;;
2022-08-07 07:00:00;1011.8612181452371;;;;;;;
2022-08-07 08:00:00;25.1008110748877;;;;;;;
2022-08-07 09:00:00;9.345344157791809;;;;;;;
2022-08-07 10:00:00;23.329203434838472;;;;;;;
2022-08-07 11:00:00;6.255277875597978;;;;;;;
2022-08-07 12:00:00;0.0;;;;;;;
2022-08-07 13:00:00;0.0;;;;;;;
2022-08-07 14:00:00;17.363121150868064;;;;;;;
2022-08-07 15:00:00;2.534446405366053;;;;;;;
2022-08-07 16:00:00;11.488124092607134;;;;;;;
2022-08-07 17:00:00;58.583740045689545;;;;;;;
2022-08-07 18:00:00;56.031076595181595;;;;;;;
2022-08-07 19:00:00;62.960385141029654;;;;;;;
2022-08-07 20:00:00;33.08898536960838;;;;;;;
2022-08-07 21:00:00;1.0748056633717675;;;;;;;
2022-08-07 22:00:00;0.0;;;;;;;
2022-08-07 23:00:00;0.0;;;;;;;
2022-08-08 00:00:00;0.0;;;;;;;
2022-08-08 01:00:00;0.0;;;;;;;
2022-08-08 02:00:00;0.0;;;;;;;
2022-08-08 03:00:00;2.6004831940054207;;;;;;;
2022-08-08 04:00:00;0.0;;;;;;;
2022-08-08 05:00:00;0.0;;;;;;;
2022-08-08 06:00:00;0.0;;;;;;;
2022-08-08 07:00:00;0.0;;;;;;;
2022-08-08 08:00:00;0.0;;;;;;;
2022-08-08 09:00:00;0.0;;;;;;;
2022-08-08 10:00:00;0.0;;;;;;;
2022-08-08 11:00:00;0.0;;;;;;;
2022-08-08 12:00:00;0.0;;;;;;;
2022-08-08 13:00:00;0.0;;;;;;;
2022-08-08 14:00:00;0.0;;;;;;;
2022-08-08 15:00:00;0.0;;;;;;;
2022-08-08 16:00:00;0.0;;;;;;;
2022-08-08 17:00:00;0.0;;;;;;;
2022-08-08 18:00:00;1028.8417813481253;;;;;;;
2022-08-08 19:00:00;1019.9905745398073;;;;;;;
2022-08-08 20:00:00;1022.3382962324689;;;;;;;
2022-08-08 21:00:00;1032.510238813574;;;;;;;
2022-08-08 22:00:00;1023.4609216393383;;;;;;;
2022-08-08 23:00:00;1018.4831140543154;;;;;;;
2022-08-09 00:00:00;1005.6082174002818;;;;;;;
2022-08-09 01:00:00;1006.5532266170176;;;;;;;
2022-08-09 02:00:00;1012.8699870199691;;;;;;;
2022-08-09 03:00:00;1007.9718790074425;;;;;;;
2022-08-09 04:00:00;1011.765578658242;;;;;;;
2022-08-09 05:00:00;1021.7303023508583;;;;;;;
2022-08-09 06:00:00;1032.7834944907027;;;;;;;
2022-08-09 07:00:00;1046.840221948317;;;;;;;
2022-08-09 08:00:00;1067.9218974387743;;;;;;;
2022-08-09 09:00:00;1060.0566881987615;;;;;;;
2022-08-09 10:00:00;1046.8311134257458;;;;;;;
2022-08-09 11:00:00;1049.693466643666;;;;;;;
2022-08-09 12:00:00;1066.1958324115794;;;;;;;
2022-08-09 13:00:00;1054.9559155590302;;;;;;;
2022-08-09 14:00:00;1043.9050005498293;;;;;;;
2022-08-09 15:00:00;1015.4613616914039;;;;;;;
2022-08-09 16:00:00;1041.5458932039537;;;;;;;
2022-08-09 17:00:00;1066.3005804211455;;;;;;;
2022-08-09 18:00:00;1056.7480173748643;;;;;;;
2022-08-09 19:00:00;1041.9785480260737;;;;;;;
2022-08-09 20:00:00;1032.209657568733;;;;;;;
2022-08-09 21:00:00;1014.6165462229486;;;;;;;
2022-08-09 22:00:00;985.6514444473364;;;;;;;
2022-08-09 23:00:00;928.5865505403523;;;;;;;
2022-08-10 00:00:00;848.3655151273776;;;;;;;
2022-08-10 01:00:00;744.8084448876366;;;;;;;
2022-08-10 02:00:00;687.2744620682487;;;;;;;
2022-08-10 03:00:00;679.7303282488617;;;;;;;
2022-08-10 04:00:00;661.5519943278938;;;;;;;
2022-08-10 05:00:00;655.633731787421;;;;;;;
2022-08-10 06:00:00;670.6832882052684;;;;;;;
2022-08-10 07:00:00;674.1217554758009;;;;;;;
2022-08-10 08:00:00;699.288603339328;;;;;;;
2022-08-10 09:00:00;708.4677169602;;;;;;;
2022-08-10 10:00:00;718.1956190659716;;;;;;;
2022-08-10 11:00:00;700.5114224944778;;;;;;;
2022-08-10 12:00:00;0.0;;;;;;;
2022-08-10 13:00:00;0.0;;;;;;;
2022-08-10 14:00:00;0.0;;;;;;;
2022-08-10 15:00:00;0.0;;;;;;;
2022-08-10 16:00:00;694.773053274781;;;;;;;
2022-08-10 17:00:00;718.2115589804707;;;;;;;
2022-08-10 18:00:00;720.8849103550438;;;;;;;
2022-08-10 19:00:00;738.0339812254946;;;;;;;
2022-08-10 20:00:00;742.2739984822705;;;;;;;
2022-08-10 21:00:00;728.843481951409;;;;;;;
2022-08-10 22:00:00;724.9495885523289;;;;;;;
2022-08-10 23:00:00;728.9095187400483;;;;;;;
2022-08-11 00:00:00;686.2907416305864;;;;;;;
2022-08-11 01:00:00;642.1758896888465;;;;;;;
2022-08-11 02:00:00;645.1270510018333;;;;;;;
2022-08-11 03:00:00;647.2538910221496;;;;;;;
2022-08-11 04:00:00;643.8040380984033;;;;;;;
2022-08-11 05:00:00;641.306025783321;;;;;;;
2022-08-11 06:00:00;645.3433784128933;;;;;;;
2022-08-11 07:00:00;654.3881413258439;;;;;;;
2022-08-11 08:00:00;667.0034450866058;;;;;;;
2022-08-11 09:00:00;659.2771408157998;;;;;;;
2022-08-11 10:00:00;0.0;;;;;;;
2022-08-11 11:00:00;0.0;;;;;;;
2022-08-11 12:00:00;0.0;;;;;;;
2022-08-11 13:00:00;0.0;;;;;;;
2022-08-11 14:00:00;0.0;;;;;;;
2022-08-11 15:00:00;0.0;;;;;;;
2022-08-11 16:00:00;0.0;;;;;;;
2022-08-11 17:00:00;781.0512561974355;;;;;;;
2022-08-11 18:00:00;846.2682778054173;;;;;;;
2022-08-11 19:00:00;844.6264666120042;;;;;;;
2022-08-11 20:00:00;840.6483193791429;;;;;;;
2022-08-11 21:00:00;880.6848303397411;;;;;;;
2022-08-11 22:00:00;884.1369603941301;;;;;;;
2022-08-11 23:00:00;875.1696199230327;;;;;;;
2022-08-12 00:00:00;880.2726696934058;;;;;;;
2022-08-12 01:00:00;889.4745546207051;;;;;;;
2022-08-12 02:00:00;877.9727677442417;;;;;;;
2022-08-12 03:00:00;862.9414283715361;;;;;;;
2022-08-12 04:00:00;878.8722343481227;;;;;;;
2022-08-12 05:00:00;941.8690535794361;;;;;;;
2022-08-12 06:00:00;988.051540144781;;;;;;;
2022-08-12 07:00:00;1017.8796744339903;;;;;;;
2022-08-12 08:00:00;1021.058548811251;;;;;;;
2022-08-12 09:00:00;12.890836568533;;;;;;;
2022-08-12 10:00:00;0.0;;;;;;;
2022-08-12 11:00:00;0.0;;;;;;;
2022-08-12 12:00:00;0.0;;;;;;;
2022-08-12 13:00:00;5.626789818202622;;;;;;;
2022-08-12 14:00:00;21.678283718854292;;;;;;;
2022-08-12 15:00:00;21.534824488361874;;;;;;;
2022-08-12 16:00:00;33.0411656261109;;;;;;;
2022-08-12 17:00:00;61.96300191951094;;;;;;;
2022-08-12 18:00:00;1076.6615248455978;;;;;;;
2022-08-12 19:00:00;1046.111540142641;;;;;;;
2022-08-12 20:00:00;1059.4486943171505;;;;;;;
2022-08-12 21:00:00;1055.9259732128367;;;;;;;
2022-08-12 22:00:00;1038.1324743704915;;;;;;;
2022-08-12 23:00:00;1039.3347993498567;;;;;;;
2022-08-13 00:00:00;1035.5001113474877;;;;;;;
2022-08-13 01:00:00;1039.9746730604654;;;;;;;
2022-08-13 02:00:00;593.3109432263575;;;;;;;
2022-08-13 03:00:00;5.221460563795472;;;;;;;
2022-08-13 04:00:00;0.0;;;;;;;
2022-08-13 05:00:00;0.0;;;;;;;
2022-08-13 06:00:00;4.599803898328327;;;;;;;
2022-08-13 07:00:00;34.21388790712036;;;;;;;
2022-08-13 08:00:00;37.58859551965628;;;;;;;
2022-08-13 09:00:00;29.24974310595414;;;;;;;
2022-08-13 10:00:00;12.98192179424247;;;;;;;
2022-08-13 11:00:00;15.208955562839058;;;;;;;
2022-08-13 12:00:00;24.674987644695914;;;;;;;
2022-08-13 13:00:00;0.0;;;;;;;
2022-08-13 14:00:00;0.0;;;;;;;
2022-08-13 15:00:00;0.0;;;;;;;
2022-08-13 16:00:00;5.446896497426415;;;;;;;
2022-08-13 17:00:00;12.480953052840377;;;;;;;
2022-08-13 18:00:00;4.720491822393377;;;;;;;
2022-08-13 19:00:00;36.32251088229462;;;;;;;
2022-08-13 20:00:00;35.53006941862222;;;;;;;
2022-08-13 21:00:00;32.38079773971723;;;;;;;
2022-08-13 22:00:00;14.509876455518862;;;;;;;
2022-08-13 23:00:00;8.17262187678236;;;;;;;
2022-08-14 00:00:00;1.0884684472281883;;;;;;;
2022-08-14 01:00:00;0.0;;;;;;;
2022-08-14 02:00:00;0.0;;;;;;;
2022-08-14 03:00:00;0.0;;;;;;;
2022-08-14 04:00:00;0.0;;;;;;;
2022-08-14 05:00:00;0.0;;;;;;;
2022-08-14 06:00:00;0.0;;;;;;;
2022-08-14 07:00:00;43.37023022156501;;;;;;;
2022-08-14 08:00:00;76.73474839894455;;;;;;;
2022-08-14 09:00:00;76.99661842285927;;;;;;;
2022-08-14 10:00:00;56.70283013478894;;;;;;;
2022-08-14 11:00:00;34.09775424434078;;;;;;;
2022-08-14 12:00:00;12.408084872272797;;;;;;;
2022-08-14 13:00:00;1.077082794014504;;;;;;;
2022-08-14 14:00:00;5.175917950940736;;;;;;;
2022-08-14 15:00:00;37.971153467636064;;;;;;;
2022-08-14 16:00:00;74.40524375142479;;;;;;;
2022-08-14 17:00:00;79.80432050535374;;;;;;;
2022-08-14 18:00:00;96.37500019254941;;;;;;;
2022-08-14 19:00:00;1117.4904772698685;;;;;;;
2022-08-14 20:00:00;1109.363398005941;;;;;;;
2022-08-14 21:00:00;1109.5364599347888;;;;;;;
2022-08-14 22:00:00;1072.7152574417348;;;;;;;
2022-08-14 23:00:00;1056.4314962155238;;;;;;;
2022-08-15 00:00:00;1013.28670192759;;;;;;;
2022-08-15 01:00:00;947.5596030556354;;;;;;;
2022-08-15 02:00:00;886.6190327947133;;;;;;;
2022-08-15 03:00:00;830.3534117433297;;;;;;;
2022-08-15 04:00:00;811.4532274086143;;;;;;;
2022-08-15 05:00:00;818.1297744531187;;;;;;;
2022-08-15 06:00:00;925.7150887998613;;;;;;;
2022-08-15 07:00:00;974.9420990345454;;;;;;;
2022-08-15 08:00:00;0.0;;;;;;;
2022-08-15 09:00:00;1.3753869082130246;;;;;;;
2022-08-15 10:00:00;0.0;;;;;;;
2022-08-15 11:00:00;0.0;;;;;;;
2022-08-15 12:00:00;0.0;;;;;;;
2022-08-15 13:00:00;0.0;;;;;;;
2022-08-15 14:00:00;0.0;;;;;;;
2022-08-15 15:00:00;0.0;;;;;;;
2022-08-15 16:00:00;0.0;;;;;;;
2022-08-15 17:00:00;980.7988790476643;;;;;;;
2022-08-15 18:00:00;988.7050766392462;;;;;;;
2022-08-15 19:00:00;984.7155437531713;;;;;;;
2022-08-15 20:00:00;972.0979628617666;;;;;;;
2022-08-15 21:00:00;956.7250538926504;;;;;;;
2022-08-15 22:00:00;960.5392477192353;;;;;;;
2022-08-15 23:00:00;946.4460861713371;;;;;;;
2022-08-16 00:00:00;941.1790829946868;;;;;;;
2022-08-16 01:00:00;951.1142039889473;;;;;;;
2022-08-16 02:00:00;937.9227861755733;;;;;;;
2022-08-16 03:00:00;934.4023422019022;;;;;;;
2022-08-16 04:00:00;221.47600344322348;;;;;;;
2022-08-16 05:00:00;0.0;;;;;;;
2022-08-16 06:00:00;0.0;;;;;;;
2022-08-16 07:00:00;0.0;;;;;;;
2022-08-16 08:00:00;0.0;;;;;;;
2022-08-16 09:00:00;0.0;;;;;;;
2022-08-16 10:00:00;0.0;;;;;;;
2022-08-16 11:00:00;0.0;;;;;;;
2022-08-16 12:00:00;0.0;;;;;;;
2022-08-16 13:00:00;0.0;;;;;;;
2022-08-16 14:00:00;0.0;;;;;;;
2022-08-16 15:00:00;0.0;;;;;;;
2022-08-16 16:00:00;0.0;;;;;;;
2022-08-16 17:00:00;0.0;;;;;;;
2022-08-16 18:00:00;0.0;;;;;;;
2022-08-16 19:00:00;0.0;;;;;;;
2022-08-16 20:00:00;0.0;;;;;;;
2022-08-16 21:00:00;0.0;;;;;;;
2022-08-16 22:00:00;0.0;;;;;;;
2022-08-16 23:00:00;0.0;;;;;;;
2022-08-17 00:00:00;864.7631328857254;;;;;;;
2022-08-17 01:00:00;729.6860202892216;;;;;;;
2022-08-17 02:00:00;688.2012542398426;;;;;;;
2022-08-17 03:00:00;657.3393026388309;;;;;;;
2022-08-17 04:00:00;647.9051503859723;;;;;;;
2022-08-17 05:00:00;648.9480762203457;;;;;;;
2022-08-17 06:00:00;680.0855606291286;;;;;;;
2022-08-17 07:00:00;0.0;;;;;;;
2022-08-17 08:00:00;0.0;;;;;;;
2022-08-17 09:00:00;0.0;;;;;;;
2022-08-17 10:00:00;0.0;;;;;;;
2022-08-17 11:00:00;0.0;;;;;;;
2022-08-17 12:00:00;0.0;;;;;;;
2022-08-17 13:00:00;0.0;;;;;;;
2022-08-17 14:00:00;0.0;;;;;;;
2022-08-17 15:00:00;0.0;;;;;;;
2022-08-17 16:00:00;0.0;;;;;;;
2022-08-17 17:00:00;850.068808848145;;;;;;;
2022-08-17 18:00:00;841.6957994748018;;;;;;;
2022-08-17 19:00:00;851.6992343883444;;;;;;;
2022-08-17 20:00:00;842.0077663728567;;;;;;;
2022-08-17 21:00:00;819.2501227293452;;;;;;;
2022-08-17 22:00:00;807.960109002656;;;;;;;
2022-08-17 23:00:00;803.4673302445364;;;;;;;
2022-08-18 00:00:00;815.4769172543303;;;;;;;
2022-08-18 01:00:00;818.0978946241203;;;;;;;
2022-08-18 02:00:00;801.8300733124088;;;;;;;
2022-08-18 03:00:00;817.6515770181439;;;;;;;
2022-08-18 04:00:00;807.4705259144678;;;;;;;
2022-08-18 05:00:00;822.945905762507;;;;;;;
2022-08-18 06:00:00;834.4772953373262;;;;;;;
2022-08-18 07:00:00;847.386348951001;;;;;;;
2022-08-18 08:00:00;0.0;;;;;;;
2022-08-18 09:00:00;0.0;;;;;;;
2022-08-18 10:00:00;0.0;;;;;;;
2022-08-18 11:00:00;0.0;;;;;;;
2022-08-18 12:00:00;0.0;;;;;;;
2022-08-18 13:00:00;0.0;;;;;;;
2022-08-18 14:00:00;0.0;;;;;;;
2022-08-18 15:00:00;0.0;;;;;;;
2022-08-18 16:00:00;0.0;;;;;;;
2022-08-18 17:00:00;0.0;;;;;;;
2022-08-18 18:00:00;0.0;;;;;;;
2022-08-18 19:00:00;0.0;;;;;;;
2022-08-18 20:00:00;0.0;;;;;;;
2022-08-18 21:00:00;0.0;;;;;;;
2022-08-18 22:00:00;0.0;;;;;;;
2022-08-18 23:00:00;0.0;;;;;;;
2022-08-19 00:00:00;0.0;;;;;;;
2022-08-19 01:00:00;0.0;;;;;;;
2022-08-19 02:00:00;18.399215593313308;;;;;;;
2022-08-19 03:00:00;746.5049072164754;;;;;;;
2022-08-19 04:00:00;850.5060179315504;;;;;;;
2022-08-19 05:00:00;0.0;;;;;;;
2022-08-19 06:00:00;0.0;;;;;;;
2022-08-19 07:00:00;0.0;;;;;;;
2022-08-19 08:00:00;51.70680550462442;;;;;;;
2022-08-19 09:00:00;73.00025414485619;;;;;;;
2022-08-19 10:00:00;93.94530179674925;;;;;;;
2022-08-19 11:00:00;93.98173588703303;;;;;;;
2022-08-19 12:00:00;86.75412322698645;;;;;;;
2022-08-19 13:00:00;84.28571361025975;;;;;;;
2022-08-19 14:00:00;11.841079342231337;;;;;;;
2022-08-19 15:00:00;32.56979958306439;;;;;;;
2022-08-19 16:00:00;34.27309330383151;;;;;;;
2022-08-19 17:00:00;1048.9442906622057;;;;;;;
2022-08-19 18:00:00;1053.2321276624791;;;;;;;
2022-08-19 19:00:00;1059.4099830962239;;;;;;;
2022-08-19 20:00:00;1113.6785605739271;;;;;;;
2022-08-19 21:00:00;1109.3907235736538;;;;;;;
2022-08-19 22:00:00;1080.737588696097;;;;;;;
2022-08-19 23:00:00;1078.0209718393116;;;;;;;
2022-08-20 00:00:00;1069.4703462758346;;;;;;;
2022-08-20 01:00:00;1069.9075553592406;;;;;;;
2022-08-20 02:00:00;1084.5699995678228;;;;;;;
2022-08-20 03:00:00;1084.8341467223802;;;;;;;
2022-08-20 04:00:00;1089.1174294613684;;;;;;;
2022-08-20 05:00:00;1104.210251361428;;;;;;;
2022-08-20 06:00:00;1121.4868415478716;;;;;;;
2022-08-20 07:00:00;1147.5554331459225;;;;;;;
2022-08-20 08:00:00;1164.8525175081515;;;;;;;
2022-08-20 09:00:00;1154.7033462334734;;;;;;;
2022-08-20 10:00:00;128.46660234063904;;;;;;;
2022-08-20 11:00:00;128.22522649250897;;;;;;;
2022-08-20 12:00:00;138.26054123505003;;;;;;;
2022-08-20 13:00:00;132.86601874240657;;;;;;;
2022-08-20 14:00:00;136.41834254507597;;;;;;;
2022-08-20 15:00:00;140.0116546993146;;;;;;;
2022-08-20 16:00:00;1142.6026739979702;;;;;;;
2022-08-20 17:00:00;1151.3354700128657;;;;;;;
2022-08-20 18:00:00;1146.3143969456312;;;;;;;
2022-08-20 19:00:00;1136.2813593337328;;;;;;;
2022-08-20 20:00:00;1138.294342821912;;;;;;;
2022-08-20 21:00:00;1130.2355774772666;;;;;;;
2022-08-20 22:00:00;1121.8284111442827;;;;;;;
2022-08-20 23:00:00;1105.4626732149331;;;;;;;
2022-08-21 00:00:00;1051.5584366400674;;;;;;;
2022-08-21 01:00:00;1052.125442170109;;;;;;;
2022-08-21 02:00:00;1061.5869199906806;;;;;;;
2022-08-21 03:00:00;1066.6945240223392;;;;;;;
2022-08-21 04:00:00;1065.8223829861709;;;;;;;
2022-08-21 05:00:00;1065.3009200689842;;;;;;;
2022-08-21 06:00:00;1096.3883076036266;;;;;;;
2022-08-21 07:00:00;1100.7991096586081;;;;;;;
2022-08-21 08:00:00;1113.7149946642112;;;;;;;
2022-08-21 09:00:00;1111.4515268053308;;;;;;;
2022-08-21 10:00:00;855.3221492409386;;;;;;;
2022-08-21 11:00:00;84.18779699262207;;;;;;;
2022-08-21 12:00:00;117.1447087849517;;;;;;;
2022-08-21 13:00:00;86.54918146914012;;;;;;;
2022-08-21 14:00:00;72.63819037266104;;;;;;;
2022-08-21 15:00:00;68.35035337238764;;;;;;;
2022-08-21 16:00:00;1082.4522680700777;;;;;;;
2022-08-21 17:00:00;1089.941750754039;;;;;;;
2022-08-21 18:00:00;1134.5097516936835;;;;;;;
2022-08-21 19:00:00;1142.438720591693;;;;;;;
2022-08-21 20:00:00;1139.922491231469;;;;;;;
2022-08-21 21:00:00;1130.7092206509558;;;;;;;
2022-08-21 22:00:00;1115.7849064184588;;;;;;;
2022-08-21 23:00:00;1109.9121864908407;;;;;;;
2022-08-22 00:00:00;1107.5234764466097;;;;;;;
2022-08-22 01:00:00;1112.0276408579432;;;;;;;
2022-08-22 02:00:00;1110.506517588595;;;;;;;
2022-08-22 03:00:00;1107.9743483138716;;;;;;;
2022-08-22 04:00:00;1106.9997363987802;;;;;;;
2022-08-22 05:00:00;1111.337670273194;;;;;;;
2022-08-22 06:00:00;1132.9339772889095;;;;;;;
2022-08-22 07:00:00;1130.5589300285353;;;;;;;
2022-08-22 08:00:00;1137.490515705026;;;;;;;
2022-08-22 09:00:00;1134.9378522545176;;;;;;;
2022-08-22 10:00:00;1132.280440794444;;;;;;;
2022-08-22 11:00:00;1130.2674573062645;;;;;;;
2022-08-22 12:00:00;1123.9165399436718;;;;;;;
2022-08-22 13:00:00;1097.1648091528;;;;;;;
2022-08-22 14:00:00;1094.3252272413074;;;;;;;
2022-08-22 15:00:00;569.3441432115527;;;;;;;
2022-08-22 16:00:00;1101.9741090702603;;;;;;;
2022-08-22 17:00:00;1108.2066156394308;;;;;;;
2022-08-22 18:00:00;1116.622890494986;;;;;;;
2022-08-22 19:00:00;1127.9926037941705;;;;;;;
2022-08-22 20:00:00;1127.5440090575516;;;;;;;
2022-08-22 21:00:00;1121.1293320369618;;;;;;;
2022-08-22 22:00:00;1106.749252028079;;;;;;;
2022-08-22 23:00:00;1106.8426143844315;;;;;;;
2022-08-23 00:00:00;1098.9068140944935;;;;;;;
2022-08-23 01:00:00;76.7575197053719;;;;;;;
2022-08-23 02:00:00;80.84952347036993;;;;;;;
2022-08-23 03:00:00;83.69138251250544;;;;;;;
2022-08-23 04:00:00;85.71575165389847;;;;;;;
2022-08-23 05:00:00;95.57572733694879;;;;;;;
2022-08-23 06:00:00;89.28173824042427;;;;;;;
2022-08-23 07:00:00;102.1862375928137;;;;;;;
2022-08-23 08:00:00;116.08128877479362;;;;;;;
2022-08-23 09:00:00;124.28806761121702;;;;;;;
2022-08-23 10:00:00;106.99326037963107;;;;;;;
2022-08-23 11:00:00;89.81914107211016;;;;;;;
2022-08-23 12:00:00;84.8345020951593;;;;;;;
2022-08-23 13:00:00;82.68261363777303;;;;;;;
2022-08-23 14:00:00;88.48929677675189;;;;;;;
2022-08-23 15:00:00;91.44501235102423;;;;;;;
2022-08-23 16:00:00;98.34699532915945;;;;;;;
2022-08-23 17:00:00;94.63071812021303;;;;;;;
2022-08-23 18:00:00;99.09617131061987;;;;;;;
2022-08-23 19:00:00;106.48546024630075;;;;;;;
2022-08-23 20:00:00;86.70858061413169;;;;;;;
2022-08-23 21:00:00;81.48939718097895;;;;;;;
2022-08-23 22:00:00;64.78436678586185;;;;;;;
2022-08-23 23:00:00;60.03654939575562;;;;;;;
2022-08-24 00:00:00;36.22004000337147;;;;;;;
2022-08-24 01:00:00;8.73279601489561;;;;;;;
2022-08-24 02:00:00;6.24616935302703;;;;;;;
2022-08-24 03:00:00;7.81055810458721;;;;;;;
2022-08-24 04:00:00;11.182988586480402;;;;;;;
2022-08-24 05:00:00;7.202564222976485;;;;;;;
2022-08-24 06:00:00;18.950281208855614;;;;;;;
2022-08-24 07:00:00;27.52367807875965;;;;;;;
2022-08-24 08:00:00;31.164809976495786;;;;;;;
2022-08-24 09:00:00;29.5321073056535;;;;;;;
2022-08-24 10:00:00;0.0;;;;;;;
2022-08-24 11:00:00;0.0;;;;;;;
2022-08-24 12:00:00;0.0;;;;;;;
2022-08-24 13:00:00;0.0;;;;;;;
2022-08-24 14:00:00;0.0;;;;;;;
2022-08-24 15:00:00;0.0;;;;;;;
2022-08-24 16:00:00;0.0;;;;;;;
2022-08-24 17:00:00;1009.7184382104217;;;;;;;
2022-08-24 18:00:00;1020.7283648680541;;;;;;;
2022-08-24 19:00:00;1023.5588382569758;;;;;;;
2022-08-24 20:00:00;1005.7380138469179;;;;;;;
2022-08-24 21:00:00;1006.5623351395881;;;;;;;
2022-08-24 22:00:00;1007.1247864083442;;;;;;;
2022-08-24 23:00:00;980.6076000736743;;;;;;;
2022-08-25 00:00:00;940.6940541677839;;;;;;;
2022-08-25 01:00:00;914.7415962325127;;;;;;;
2022-08-25 02:00:00;911.7676636130979;;;;;;;
2022-08-25 03:00:00;906.4801662606635;;;;;;;
2022-08-25 04:00:00;907.903372912374;;;;;;;
2022-08-25 05:00:00;904.7085586206146;;;;;;;
2022-08-25 06:00:00;900.0336094110758;;;;;;;
2022-08-25 07:00:00;918.0570984483375;;;;;;;
2022-08-25 08:00:00;913.9263834624128;;;;;;;
2022-08-25 09:00:00;887.4114742583856;;;;;;;
2022-08-25 10:00:00;887.9033344772166;;;;;;;
2022-08-25 11:00:00;158.6271977036879;;;;;;;
2022-08-25 12:00:00;0.0;;;;;;;
2022-08-25 13:00:00;0.0;;;;;;;
2022-08-25 14:00:00;874.6162771768477;;;;;;;
2022-08-25 15:00:00;897.4035235187147;;;;;;;
2022-08-25 16:00:00;950.4060163590564;;;;;;;
2022-08-25 17:00:00;964.865795940435;;;;;;;
2022-08-25 18:00:00;975.7527575433593;;;;;;;
2022-08-25 19:00:00;977.1304215822153;;;;;;;
2022-08-25 20:00:00;982.3200023170125;;;;;;;
2022-08-25 21:00:00;1002.3154864908839;;;;;;;
2022-08-25 22:00:00;1001.2725606565108;;;;;;;
2022-08-25 23:00:00;1006.2890794624606;;;;;;;
2022-08-26 00:00:00;1023.144400479998;;;;;;;
2022-08-26 01:00:00;1027.3662006916318;;;;;;;
2022-08-26 02:00:00;1038.5765148458247;;;;;;;
2022-08-26 03:00:00;1043.9596516852546;;;;;;;
2022-08-26 04:00:00;1037.8614958240057;;;;;;;
2022-08-26 05:00:00;1046.018177786289;;;;;;;
2022-08-26 06:00:00;49.94658351778887;;;;;;;
2022-08-26 07:00:00;80.02292504705649;;;;;;;
2022-08-26 08:00:00;76.79850805694117;;;;;;;
2022-08-26 09:00:00;79.01415617232406;;;;;;;
2022-08-26 10:00:00;69.01299838942406;;;;;;;
2022-08-26 11:00:00;62.873854176605654;;;;;;;
2022-08-26 12:00:00;54.18204651327932;;;;;;;
2022-08-26 13:00:00;44.95511314890982;;;;;;;
2022-08-26 14:00:00;82.10877671580337;;;;;;;
2022-08-26 15:00:00;82.24540455436758;;;;;;;
2022-08-26 16:00:00;63.470462405002706;;;;;;;
2022-08-26 17:00:00;44.66819468792499;;;;;;;
2022-08-26 18:00:00;70.08097266086762;;;;;;;
2022-08-26 19:00:00;73.3782578315505;;;;;;;
2022-08-26 20:00:00;66.66755382740519;;;;;;;
2022-08-26 21:00:00;76.94879867936179;;;;;;;
2022-08-26 22:00:00;49.41145781674573;;;;;;;
2022-08-26 23:00:00;8.418551986197933;;;;;;;
2022-08-27 00:00:00;17.167287915592702;;;;;;;
2022-08-27 01:00:00;23.802846608527723;;;;;;;
2022-08-27 02:00:00;43.570617718125845;;;;;;;
2022-08-27 03:00:00;42.616499978819135;;;;;;;
2022-08-27 04:00:00;27.828813584886376;;;;;;;
2022-08-27 05:00:00;29.10628387546172;;;;;;;
2022-08-27 06:00:00;36.750611443129145;;;;;;;
2022-08-27 07:00:00;80.26885515647204;;;;;;;
2022-08-27 08:00:00;82.36609247843263;;;;;;;
2022-08-27 09:00:00;80.87684903808277;;;;;;;
2022-08-27 10:00:00;72.87045769822019;;;;;;;
2022-08-27 11:00:00;62.90801113624671;;;;;;;
2022-08-27 12:00:00;41.75574459586462;;;;;;;
2022-08-27 13:00:00;37.05574694925588;;;;;;;
2022-08-27 14:00:00;30.35187433703875;;;;;;;
2022-08-27 15:00:00;26.398775541247673;;;;;;;
2022-08-27 16:00:00;38.87745146344531;;;;;;;
2022-08-27 17:00:00;47.80835784425902;;;;;;;
2022-08-27 18:00:00;48.17269874709691;;;;;;;
2022-08-27 19:00:00;60.198225671389935;;;;;;;
2022-08-27 20:00:00;44.57255520093004;;;;;;;
2022-08-27 21:00:00;448.9158120397746;;;;;;;
2022-08-27 22:00:00;1045.1483138807632;;;;;;;
2022-08-27 23:00:00;1028.1927991149457;;;;;;;
2022-08-28 00:00:00;1035.1904215800753;;;;;;;
2022-08-28 01:00:00;1028.4022951340771;;;;;;;
2022-08-28 02:00:00;1037.7112052015848;;;;;;;
2022-08-28 03:00:00;1045.385135467608;;;;;;;
2022-08-28 04:00:00;1039.011446798588;;;;;;;
2022-08-28 05:00:00;1044.7999128924248;;;;;;;
2022-08-28 06:00:00;1081.0040129812971;;;;;;;
2022-08-28 07:00:00;1092.615102128612;;;;;;;
2022-08-28 08:00:00;1095.4387441256056;;;;;;;
2022-08-28 09:00:00;93.31453660871115;;;;;;;
2022-08-28 10:00:00;92.79762795280986;;;;;;;
2022-08-28 11:00:00;86.45354198214518;;;;;;;
2022-08-28 12:00:00;93.57868376326859;;;;;;;
2022-08-28 13:00:00;93.98401301767576;;;;;;;
2022-08-28 14:00:00;78.72040631941103;;;;;;;
2022-08-28 15:00:00;67.03644899152853;;;;;;;
2022-08-28 16:00:00;66.59240851619485;;;;;;;
2022-08-28 17:00:00;76.68692865544708;;;;;;;
2022-08-28 18:00:00;80.98842843957688;;;;;;;
2022-08-28 19:00:00;239.458504128916;;;;;;;
2022-08-28 20:00:00;95.96739380749952;;;;;;;
2022-08-28 21:00:00;97.68890457340852;;;;;;;
2022-08-28 22:00:00;83.07200297768104;;;;;;;
2022-08-28 23:00:00;67.62167156671188;;;;;;;
2022-08-29 00:00:00;77.82093971552999;;;;;;;
2022-08-29 01:00:00;83.47960936273093;;;;;;;
2022-08-29 02:00:00;82.32965838814886;;;;;;;
2022-08-29 03:00:00;79.21909793017036;;;;;;;
2022-08-29 04:00:00;87.94733968378053;;;;;;;
2022-08-29 05:00:00;77.69342039953673;;;;;;;
2022-08-29 06:00:00;112.93201709588864;;;;;;;
2022-08-29 07:00:00;133.9271616219219;;;;;;;
2022-08-29 08:00:00;127.24378318548939;;;;;;;
2022-08-29 09:00:00;112.85004039275012;;;;;;;
2022-08-29 10:00:00;99.54021178595355;;;;;;;
2022-08-29 11:00:00;123.78254460852948;;;;;;;
2022-08-29 12:00:00;119.68370945160322;;;;;;;
2022-08-29 13:00:00;120.4807051765611;;;;;;;
2022-08-29 14:00:00;124.00798054216041;;;;;;;
2022-08-29 15:00:00;140.87013295162637;;;;;;;
2022-08-29 16:00:00;142.26829116626675;;;;;;;
2022-08-29 17:00:00;123.172273596276;;;;;;;
2022-08-29 18:00:00;1142.5594085157582;;;;;;;
2022-08-29 19:00:00;1140.1046616828878;;;;;;;
2022-08-29 20:00:00;1133.7469129283668;;;;;;;
2022-08-29 21:00:00;1131.8864971932508;;;;;;;
2022-08-29 22:00:00;1113.9791418187685;;;;;;;
2022-08-29 23:00:00;1108.9626230128194;;;;;;;
2022-08-30 00:00:00;1132.5377565570736;;;;;;;
2022-08-30 01:00:00;1116.597842057916;;;;;;;
2022-08-30 02:00:00;93.28721104099832;;;;;;;
2022-08-30 03:00:00;1113.1844232244534;;;;;;;
2022-08-30 04:00:00;1116.4725998725653;;;;;;;
2022-08-30 05:00:00;1119.2324822115627;;;;;;;
2022-08-30 06:00:00;1127.853698824964;;;;;;;
2022-08-30 07:00:00;1144.5496206975104;;;;;;;
2022-08-30 08:00:00;137.3565203698835;;;;;;;
2022-08-30 09:00:00;168.7148864510119;;;;;;;
2022-08-30 10:00:00;105.5290653763513;;;;;;;
2022-08-30 11:00:00;110.5296442678013;;;;;;;
2022-08-30 12:00:00;107.80619601908812;;;;;;;
2022-08-30 13:00:00;89.34094363713542;;;;;;;
2022-08-30 14:00:00;93.26671686521365;;;;;;;
2022-08-30 15:00:00;99.6677311019468;;;;;;;
2022-08-30 16:00:00;91.75697924907917;;;;;;;
2022-08-30 17:00:00;106.87484958620874;;;;;;;
2022-08-30 18:00:00;110.85982821099815;;;;;;;
2022-08-30 19:00:00;111.63632976017138;;;;;;;
2022-08-30 20:00:00;127.18913205006372;;;;;;;
2022-08-30 21:00:00;133.50589245301558;;;;;;;
2022-08-30 22:00:00;117.47944698943398;;;;;;;
2022-08-30 23:00:00;91.6590626314415;;;;;;;
2022-08-31 00:00:00;72.20098128925558;;;;;;;
2022-08-31 01:00:00;71.1443926710257;;;;;;;
2022-08-31 02:00:00;60.65592893058003;;;;;;;
2022-08-31 03:00:00;51.882144564115144;;;;;;;
2022-08-31 04:00:00;46.35099423290747;;;;;;;
2022-08-31 05:00:00;51.340187471143786;;;;;;;
2022-08-31 06:00:00;62.32051143042062;;;;;;;
2022-08-31 07:00:00;71.74327803006548;;;;;;;
2022-08-31 08:00:00;89.94438325746069;;;;;;;
2022-08-31 09:00:00;87.28469466674412;;;;;;;
2022-08-31 10:00:00;23.11743028506395;;;;;;;
2022-08-31 11:00:00;0.0;;;;;;;
2022-08-31 12:00:00;15.520922460894;;;;;;;
2022-08-31 13:00:00;0.0;;;;;;;
2022-08-31 14:00:00;0.0;;;;;;;
2022-08-31 15:00:00;0.0;;;;;;;
2022-08-31 16:00:00;0.0;;;;;;;
2022-08-31 17:00:00;0.0;;;;;;;
2022-08-31 18:00:00;40.4486716069337;;;;;;;
2022-08-31 19:00:00;81.48028865840803;;;;;;;
2022-08-31 20:00:00;67.62622582799737;;;;;;;
2022-08-31 21:00:00;60.54890379037139;;;;;;;
2022-08-31 22:00:00;63.393039963149654;;;;;;;
2022-08-31 23:00:00;44.94828175698161;;;;;;;
2022-09-01 00:00:00;0.0;;;;;;;
2022-09-01 01:00:00;0.0;;;;;;;
2022-09-01 02:00:00;0.0;;;;;;;
2022-09-01 03:00:00;0.0;;;;;;;
2022-09-01 04:00:00;0.0;;;;;;;
2022-09-01 05:00:00;0.0;;;;;;;
2022-09-01 06:00:00;0.0;;;;;;;
2022-09-01 07:00:00;0.0;;;;;;;
2022-09-01 08:00:00;0.0;;;;;;;
2022-09-01 09:00:00;0.0;;;;;;;
2022-09-01 10:00:00;0.0;;;;;;;
2022-09-01 11:00:00;0.0;;;;;;;
2022-09-01 12:00:00;0.0;;;;;;;
2022-09-01 13:00:00;0.0;;;;;;;
2022-09-01 14:00:00;0.0;;;;;;;
2022-09-01 15:00:00;0.0;;;;;;;
2022-09-01 16:00:00;0.0;;;;;;;
2022-09-01 17:00:00;0.0;;;;;;;
2022-09-01 18:00:00;0.0;;;;;;;
2022-09-01 19:00:00;0.0;;;;;;;
2022-09-01 20:00:00;0.0;;;;;;;
2022-09-01 21:00:00;0.0;;;;;;;
2022-09-01 22:00:00;1064.4151162489593;;;;;;;
2022-09-01 23:00:00;1069.8301329173873;;;;;;;
2022-09-02 00:00:00;1051.260132525869;;;;;;;
2022-09-02 01:00:00;1039.0547122808;;;;;;;
2022-09-02 02:00:00;1040.18644621024;;;;;;;
2022-09-02 03:00:00;1042.7208926156059;;;;;;;
2022-09-02 04:00:00;1074.111138525733;;;;;;;
2022-09-02 05:00:00;1103.7798736699503;;;;;;;
2022-09-02 06:00:00;1151.8159445784831;;;;;;;
2022-09-02 07:00:00;1141.3092637928958;;;;;;;
2022-09-02 08:00:00;568.9980193538569;;;;;;;
2022-09-02 09:00:00;120.4807051765611;;;;;;;
2022-09-02 10:00:00;112.14185276285897;;;;;;;
2022-09-02 11:00:00;110.2131231084609;;;;;;;
2022-09-02 12:00:00;101.12281758265563;;;;;;;
2022-09-02 13:00:00;102.24088872823937;;;;;;;
2022-09-02 14:00:00;92.04162057942128;;;;;;;
2022-09-02 15:00:00;103.18134368368968;;;;;;;
2022-09-02 16:00:00;109.07228065644978;;;;;;;
2022-09-02 17:00:00;112.42421696255833;;;;;;;
2022-09-02 18:00:00;120.72435815533393;;;;;;;
2022-09-02 19:00:00;120.1573526252925;;;;;;;
2022-09-02 20:00:00;129.95812291163165;;;;;;;
2022-09-02 21:00:00;129.20666979952853;;;;;;;
2022-09-02 22:00:00;112.79083499603894;;;;;;;
2022-09-02 23:00:00;94.3141969608726;;;;;;;
2022-09-03 00:00:00;111.57940149410301;;;;;;;
2022-09-03 01:00:00;111.3129772089028;;;;;;;
2022-09-03 02:00:00;104.86869748995765;;;;;;;
2022-09-03 03:00:00;85.24666274149469;;;;;;;
2022-09-03 04:00:00;84.90737027572689;;;;;;;
2022-09-03 05:00:00;1124.5199795639974;;;;;;;
2022-09-03 06:00:00;1159.1779079464513;;;;;;;
2022-09-03 07:00:00;1164.5952017455218;;;;;;;
2022-09-03 08:00:00;1141.0246224625537;;;;;;;
2022-09-03 09:00:00;132.07813154001963;;;;;;;
2022-09-03 10:00:00;144.9257026263406;;;;;;;
2022-09-03 11:00:00;147.3462924995698;;;;;;;
2022-09-03 12:00:00;139.05753696000784;;;;;;;
2022-09-03 13:00:00;144.86422009898672;;;;;;;
2022-09-03 14:00:00;145.75230104965408;;;;;;;
2022-09-03 15:00:00;150.67773462989376;;;;;;;
2022-09-03 16:00:00;1165.021025175714;;;;;;;
2022-09-03 17:00:00;1184.1967423182007;;;;;;;
2022-09-03 18:00:00;1169.2428253873477;;;;;;;
2022-09-03 19:00:00;1140.4826653695823;;;;;;;
2022-09-03 20:00:00;1127.1318484112162;;;;;;;
2022-09-03 21:00:00;1128.3569446970087;;;;;;;
2022-09-03 22:00:00;1111.6678542163909;;;;;;;
2022-09-03 23:00:00;1119.0981315036408;;;;;;;
2022-09-04 00:00:00;1127.9015185684614;;;;;;;
2022-09-04 01:00:00;1134.450546296972;;;;;;;
2022-09-04 02:00:00;1132.1551986090935;;;;;;;
2022-09-04 03:00:00;1131.6770011741187;;;;;;;
2022-09-04 04:00:00;1135.076757223725;;;;;;;
2022-09-04 05:00:00;1132.4512255926495;;;;;;;
2022-09-04 06:00:00;1160.0705431584038;;;;;;;
2022-09-04 07:00:00;1156.2586264624629;;;;;;;
2022-09-04 08:00:00;1157.6066878029628;;;;;;;
2022-09-04 09:00:00;1145.2145428451893;;;;;;;
2022-09-04 10:00:00;1129.7027289068658;;;;;;;
2022-09-04 11:00:00;1114.357145505463;;;;;;;
2022-09-04 12:00:00;1092.0708679049976;;;;;;;
2022-09-04 13:00:00;1127.7739992524682;;;;;;;
2022-09-04 14:00:00;1142.0971509952826;;;;;;;
2022-09-04 15:00:00;1151.403783932148;;;;;;;
2022-09-04 16:00:00;1140.145650034457;;;;;;;
2022-09-04 17:00:00;1141.3525292751078;;;;;;;
2022-09-04 18:00:00;1105.1757547539482;;;;;;;
2022-09-04 19:00:00;1136.244925243449;;;;;;;
2022-09-04 20:00:00;1130.2697344369076;;;;;;;
2022-09-04 21:00:00;1117.048713925178;;;;;;;
2022-09-04 22:00:00;1109.08786519817;;;;;;;
2022-09-04 23:00:00;1094.698676666716;;;;;;;
2022-09-05 00:00:00;1071.9342016312764;;;;;;;
2022-09-05 01:00:00;1088.8783307438805;;;;;;;
2022-09-05 02:00:00;1084.0508137812785;;;;;;;
2022-09-05 03:00:00;1067.3298434716623;;;;;;;
2022-09-05 04:00:00;1068.2338643368291;;;;;;;
2022-09-05 05:00:00;1077.8592955636777;;;;;;;
2022-09-05 06:00:00;1138.1121723704932;;;;;;;
2022-09-05 07:00:00;1150.1946275608545;;;;;;;
2022-09-05 08:00:00;1160.8994187123603;;;;;;;
2022-09-05 09:00:00;130.93045769608023;;;;;;;
2022-09-05 10:00:00;123.87818409552442;;;;;;;
2022-09-05 11:00:00;122.27963838432316;;;;;;;
2022-09-05 12:00:00;106.57426834136751;;;;;;;
2022-09-05 13:00:00;114.47363454102147;;;;;;;
2022-09-05 14:00:00;85.42200180098541;;;;;;;
2022-09-05 15:00:00;135.3526454042751;;;;;;;
2022-09-05 16:00:00;124.96892967339537;;;;;;;
2022-09-05 17:00:00;132.39692983000276;;;;;;;
2022-09-05 18:00:00;1145.8862963847964;;;;;;;
2022-09-05 19:00:00;1147.3823712170747;;;;;;;
2022-09-05 20:00:00;1157.3858061306175;;;;;;;
2022-09-05 21:00:00;1141.432228847603;;;;;;;
2022-09-05 22:00:00;1128.0950746730941;;;;;;;
2022-09-05 23:00:00;1125.560628267728;;;;;;;
2022-09-06 00:00:00;1100.3732862284162;;;;;;;
2022-09-06 01:00:00;1097.1078808867317;;;;;;;
2022-09-06 02:00:00;1094.0792971318913;;;;;;;
2022-09-06 03:00:00;1093.6398109178435;;;;;;;
2022-09-06 04:00:00;1085.7905415923299;;;;;;;
2022-09-06 05:00:00;1096.779974074178;;;;;;;
2022-09-06 06:00:00;1142.0288370760002;;;;;;;
2022-09-06 07:00:00;1163.5340588660065;;;;;;;
2022-09-06 08:00:00;1165.1986413658476;;;;;;;
2022-09-06 09:00:00;154.05016511178692;;;;;;;
2022-09-06 10:00:00;142.74876573188425;;;;;;;
2022-09-06 11:00:00;114.41442914431028;;;;;;;
2022-09-06 12:00:00;98.73410753842471;;;;;;;
2022-09-06 13:00:00;91.96875239885371;;;;;;;
2022-09-06 14:00:00;110.13570066660786;;;;;;;
2022-09-06 15:00:00;132.64969133134656;;;;;;;
2022-09-06 16:00:00;151.80263716740575;;;;;;;
2022-09-06 17:00:00;160.30772011802767;;;;;;;
2022-09-06 18:00:00;1167.0066830961805;;;;;;;
2022-09-06 19:00:00;1156.750486681294;;;;;;;
2022-09-06 20:00:00;1163.4885162531518;;;;;;;
2022-09-06 21:00:00;1151.4447722837174;;;;;;;
2022-09-06 22:00:00;1140.9950197641979;;;;;;;
2022-09-06 23:00:00;1131.3263230551372;;;;;;;
2022-09-07 00:00:00;1093.680799269413;;;;;;;
2022-09-07 01:00:00;1079.2437909944615;;;;;;;
2022-09-07 02:00:00;1086.5169462673625;;;;;;;
2022-09-07 03:00:00;1089.8916538798985;;;;;;;
2022-09-07 04:00:00;1089.7459175187637;;;;;;;
2022-09-07 05:00:00;1093.7422817967665;;;;;;;
2022-09-07 06:00:00;1106.744697766794;;;;;;;
2022-09-07 07:00:00;1113.7263803174249;;;;;;;
2022-09-07 08:00:00;606.5683978283711;;;;;;;
2022-09-07 09:00:00;95.59394438209068;;;;;;;
2022-09-07 10:00:00;111.25377181219162;;;;;;;
2022-09-07 11:00:00;67.02734046895758;;;;;;;
2022-09-07 12:00:00;76.97612424707464;;;;;;;
2022-09-07 13:00:00;81.31405812148823;;;;;;;
2022-09-07 14:00:00;75.00185197982184;;;;;;;
2022-09-07 15:00:00;70.09463544472403;;;;;;;
2022-09-07 16:00:00;80.33489194511141;;;;;;;
2022-09-07 17:00:00;91.09888849332822;;;;;;;
2022-09-07 18:00:00;100.90876730223836;;;;;;;
2022-09-07 19:00:00;115.09529120648861;;;;;;;
2022-09-07 20:00:00;118.15347765968409;;;;;;;
2022-09-07 21:00:00;101.45983291778063;;;;;;;
2022-09-07 22:00:00;96.22698670077148;;;;;;;
2022-09-07 23:00:00;95.96967093814224;;;;;;;
2022-09-08 00:00:00;85.95940463267131;;;;;;;
2022-09-08 01:00:00;86.53096442399823;;;;;;;
2022-09-08 02:00:00;86.19167195823046;;;;;;;
2022-09-08 03:00:00;82.53460014599516;;;;;;;
2022-09-08 04:00:00;81.09773071042824;;;;;;;
2022-09-08 05:00:00;73.3031125203402;;;;;;;
2022-09-08 06:00:00;18.654254225299827;;;;;;;
2022-09-08 07:00:00;18.895630073429924;;;;;;;
2022-09-08 08:00:00;47.32105188671335;;;;;;;
2022-09-08 09:00:00;45.84091696893444;;;;;;;
2022-09-08 10:00:00;51.97550692046737;;;;;;;
2022-09-08 11:00:00;65.44018041097003;;;;;;;
2022-09-08 12:00:00;62.94899948781599;;;;;;;
2022-09-08 13:00:00;65.73848452516854;;;;;;;
2022-09-08 14:00:00;76.76207396665738;;;;;;;
2022-09-08 15:00:00;83.76652782371575;;;;;;;
2022-09-08 16:00:00;81.26396124734804;;;;;;;
2022-09-08 17:00:00;1106.776577595792;;;;;;;
2022-09-08 18:00:00;1109.2609271270178;;;;;;;
2022-09-08 19:00:00;1122.8235172351583;;;;;;;
2022-09-08 20:00:00;1127.5804431478355;;;;;;;
2022-09-08 21:00:00;1118.8522013942252;;;;;;;
2022-09-08 22:00:00;1094.311564457451;;;;;;;
2022-09-08 23:00:00;1075.4728626500896;;;;;;;
2022-09-09 00:00:00;1037.6383370210172;;;;;;;
2022-09-09 01:00:00;1073.209394791209;;;;;;;
2022-09-09 02:00:00;1071.230568262671;;;;;;;
2022-09-09 03:00:00;1077.3378326464908;;;;;;;
2022-09-09 04:00:00;1103.3859300687568;;;;;;;
2022-09-09 05:00:00;1122.1472094342655;;;;;;;
2022-09-09 06:00:00;1167.9904035338427;;;;;;;
2022-09-09 07:00:00;1195.2772600257572;;;;;;;
2022-09-09 08:00:00;1207.3574380854766;;;;;;;
2022-09-09 09:00:00;1185.114425967223;;;;;;;
2022-09-09 10:00:00;141.1570514126112;;;;;;;
2022-09-09 11:00:00;136.23844922429973;;;;;;;
2022-09-09 12:00:00;140.36233281829607;;;;;;;
2022-09-09 13:00:00;150.0424151805702;;;;;;;
2022-09-09 14:00:00;146.79522688402756;;;;;;;
2022-09-09 15:00:00;145.28548926789304;;;;;;;
2022-09-09 16:00:00;1163.9826536026262;;;;;;;
2022-09-09 17:00:00;1138.4947303184726;;;;;;;
2022-09-09 18:00:00;1142.019728553429;;;;;;;
2022-09-09 19:00:00;1144.4152699895885;;;;;;;
2022-09-09 20:00:00;1147.1045612786606;;;;;;;
2022-09-09 21:00:00;1145.330676507969;;;;;;;
2022-09-09 22:00:00;1126.4737576554653;;;;;;;
2022-09-09 23:00:00;1106.2072949351077;;;;;;;
2022-09-10 00:00:00;1106.473719220308;;;;;;;
2022-09-10 01:00:00;1087.1978083295412;;;;;;;
2022-09-10 02:00:00;1096.7959139886768;;;;;;;
2022-09-10 03:00:00;1100.3801176203444;;;;;;;
2022-09-10 04:00:00;1112.4557414187777;;;;;;;
2022-09-10 05:00:00;1129.374822094312;;;;;;;
2022-09-10 06:00:00;1176.456775263538;;;;;;;
2022-09-10 07:00:00;1187.6101611516626;;;;;;;
2022-09-10 08:00:00;1193.6400030936293;;;;;;;
2022-09-10 09:00:00;178.2674494972928;;;;;;;
2022-09-10 10:00:00;116.38187001963486;;;;;;;
2022-09-10 11:00:00;142.35026786940526;;;;;;;
2022-09-10 12:00:00;127.89276541866938;;;;;;;
2022-09-10 13:00:00;124.17648820972292;;;;;;;
2022-09-10 14:00:00;126.12798917054837;;;;;;;
2022-09-10 15:00:00;124.7867592219764;;;;;;;
2022-09-10 16:00:00;132.83869317469367;;;;;;;
2022-09-10 17:00:00;155.46881750221198;;;;;;;
2022-09-10 18:00:00;163.67559633863542;;;;;;;
2022-09-10 19:00:00;530.8674667412291;;;;;;;
2022-09-10 20:00:00;162.53247675598152;;;;;;;
2022-09-10 21:00:00;162.2045699434274;;;;;;;
2022-09-10 22:00:00;128.1865152715824;;;;;;;
2022-09-10 23:00:00;109.49127269471335;;;;;;;
2022-09-11 00:00:00;96.36133740869298;;;;;;;
2022-09-11 01:00:00;79.61531866200659;;;;;;;
2022-09-11 02:00:00;68.07026630333102;;;;;;;
2022-09-11 03:00:00;45.66102364815823;;;;;;;
2022-09-11 04:00:00;45.30351413724854;;;;;;;
2022-09-11 05:00:00;67.03872612217127;;;;;;;
2022-09-11 06:00:00;103.35440561253769;;;;;;;
2022-09-11 07:00:00;114.40076636045387;;;;;;;
2022-09-11 08:00:00;104.48613954197786;;;;;;;
2022-09-11 09:00:00;98.91400085920091;;;;;;;
2022-09-11 10:00:00;69.78722280795456;;;;;;;
2022-09-11 11:00:00;49.68699062451688;;;;;;;
2022-09-11 12:00:00;73.47845157983092;;;;;;;
2022-09-11 13:00:00;89.91022629781963;;;;;;;
2022-09-11 14:00:00;73.4465717508326;;;;;;;
2022-09-11 15:00:00;83.0014119277562;;;;;;;
2022-09-11 16:00:00;95.60988429658983;;;;;;;
2022-09-11 17:00:00;116.14277130214751;;;;;;;
2022-09-11 18:00:00;120.6105016231971;;;;;;;
2022-09-11 19:00:00;109.09960622416261;;;;;;;
2022-09-11 20:00:00;107.13444247948077;;;;;;;
2022-09-11 21:00:00;94.32558261408624;;;;;;;
2022-09-11 22:00:00;78.66803231462808;;;;;;;
2022-09-11 23:00:00;47.20719535457651;;;;;;;
2022-09-12 00:00:00;37.779874493646176;;;;;;;
2022-09-12 01:00:00;18.524457778663834;;;;;;;
2022-09-12 02:00:00;15.668935952671891;;;;;;;
2022-09-12 03:00:00;20.56704396519874;;;;;;;
2022-09-12 04:00:00;47.27550927385861;;;;;;;
2022-09-12 05:00:00;67.66949131020935;;;;;;;
2022-09-12 06:00:00;114.32562104924354;;;;;;;
2022-09-12 07:00:00;124.84141035740207;;;;;;;
2022-09-12 08:00:00;123.89640114066631;;;;;;;
2022-09-12 09:00:00;122.65764207101749;;;;;;;
2022-09-12 10:00:00;114.762830132649;;;;;;;
2022-09-12 11:00:00;107.22097344390474;;;;;;;
2022-09-12 12:00:00;99.51516334888343;;;;;;;
2022-09-12 13:00:00;102.00406714139476;;;;;;;
2022-09-12 14:00:00;101.8697164334733;;;;;;;
2022-09-12 15:00:00;97.65474761376748;;;;;;;
2022-09-12 16:00:00;103.96923088607662;;;;;;;
2022-09-12 17:00:00;92.36269600004717;;;;;;;
2022-09-12 18:00:00;98.98459190912577;;;;;;;
2022-09-12 19:00:00;98.66807074978536;;;;;;;
2022-09-12 20:00:00;104.41099423076756;;;;;;;
2022-09-12 21:00:00;94.00450719346037;;;;;;;
2022-09-12 22:00:00;69.32268815683626;;;;;;;
2022-09-12 23:00:00;41.054388357901686;;;;;;;
2022-09-13 00:00:00;40.88132642905369;;;;;;;
2022-09-13 01:00:00;38.78636623773584;;;;;;;
2022-09-13 02:00:00;32.187241635084604;;;;;;;
2022-09-13 03:00:00;29.541215828224445;;;;;;;
2022-09-13 04:00:00;35.70768560875569;;;;;;;
2022-09-13 05:00:00;69.33407381004996;;;;;;;
2022-09-13 06:00:00;125.78641957413782;;;;;;;
2022-09-13 07:00:00;132.18743381087097;;;;;;;
2022-09-13 08:00:00;148.37327841944412;;;;;;;
2022-09-13 09:00:00;134.15259755555283;;;;;;;
2022-09-13 10:00:00;112.73846099125603;;;;;;;
2022-09-13 11:00:00;110.8621053416409;;;;;;;
2022-09-13 12:00:00;114.30740400410161;;;;;;;
2022-09-13 13:00:00;100.2871106367712;;;;;;;
2022-09-13 14:00:00;101.96307878982547;;;;;;;
2022-09-13 15:00:00;103.73240929923197;;;;;;;
2022-09-13 16:00:00;113.7472298659884;;;;;;;
2022-09-13 17:00:00;130.2086072823327;;;;;;;
2022-09-13 18:00:00;143.93059653546467;;;;;;;
2022-09-13 19:00:00;147.52390868970326;;;;;;;
2022-09-13 20:00:00;157.81653919487363;;;;;;;
2022-09-13 21:00:00;145.4266713677427;;;;;;;
2022-09-13 22:00:00;118.31743106596116;;;;;;;
2022-09-13 23:00:00;97.43386594142201;;;;;;;
2022-09-14 00:00:00;4.201306035849387;;;;;;;
2022-09-14 01:00:00;0.0;;;;;;;
2022-09-14 02:00:00;0.0;;;;;;;
2022-09-14 03:00:00;0.0;;;;;;;
2022-09-14 04:00:00;0.0;;;;;;;
2022-09-14 05:00:00;0.0;;;;;;;
2022-09-14 06:00:00;0.0;;;;;;;
2022-09-14 07:00:00;22.090444365189654;;;;;;;
2022-09-14 08:00:00;44.634037728283936;;;;;;;
2022-09-14 09:00:00;33.41916931280521;;;;;;;
2022-09-14 10:00:00;9.377223986790124;;;;;;;
2022-09-14 11:00:00;0.0;;;;;;;
2022-09-14 12:00:00;0.0;;;;;;;
2022-09-14 13:00:00;0.0;;;;;;;
2022-09-14 14:00:00;0.0;;;;;;;
2022-09-14 15:00:00;0.0;;;;;;;
2022-09-14 16:00:00;0.0;;;;;;;
2022-09-14 17:00:00;0.0;;;;;;;
2022-09-14 18:00:00;0.0;;;;;;;
2022-09-14 19:00:00;0.0;;;;;;;
2022-09-14 20:00:00;0.0;;;;;;;
2022-09-14 21:00:00;0.0;;;;;;;
2022-09-14 22:00:00;0.0;;;;;;;
2022-09-14 23:00:00;0.0;;;;;;;
2022-09-15 00:00:00;0.0;;;;;;;
2022-09-15 01:00:00;0.0;;;;;;;
2022-09-15 02:00:00;0.0;;;;;;;
2022-09-15 03:00:00;0.0;;;;;;;
2022-09-15 04:00:00;0.0;;;;;;;
2022-09-15 05:00:00;0.0;;;;;;;
2022-09-15 06:00:00;0.0;;;;;;;
2022-09-15 07:00:00;0.0;;;;;;;
2022-09-15 08:00:00;0.0;;;;;;;
2022-09-15 09:00:00;0.0;;;;;;;
2022-09-15 10:00:00;0.0;;;;;;;
2022-09-15 11:00:00;0.0;;;;;;;
2022-09-15 12:00:00;0.0;;;;;;;
2022-09-15 13:00:00;0.0;;;;;;;
2022-09-15 14:00:00;0.0;;;;;;;
2022-09-15 15:00:00;0.0;;;;;;;
2022-09-15 16:00:00;0.0;;;;;;;
2022-09-15 17:00:00;0.0;;;;;;;
2022-09-15 18:00:00;0.0;;;;;;;
2022-09-15 19:00:00;0.0;;;;;;;
2022-09-15 20:00:00;0.0;;;;;;;
2022-09-15 21:00:00;0.0;;;;;;;
2022-09-15 22:00:00;0.0;;;;;;;
2022-09-15 23:00:00;0.0;;;;;;;
2022-09-16 00:00:00;0.0;;;;;;;
2022-09-16 01:00:00;0.0;;;;;;;
2022-09-16 02:00:00;0.0;;;;;;;
2022-09-16 03:00:00;0.0;;;;;;;
2022-09-16 04:00:00;0.0;;;;;;;
2022-09-16 05:00:00;0.0;;;;;;;
2022-09-16 06:00:00;0.0;;;;;;;
2022-09-16 07:00:00;0.0;;;;;;;
2022-09-16 08:00:00;0.0;;;;;;;
2022-09-16 09:00:00;0.0;;;;;;;
2022-09-16 10:00:00;0.0;;;;;;;
2022-09-16 11:00:00;0.0;;;;;;;
2022-09-16 12:00:00;0.0;;;;;;;
2022-09-16 13:00:00;121.48947405129348;;;;;;;
2022-09-16 14:00:00;126.96825037771825;;;;;;;
2022-09-16 15:00:00;100.19602541106174;;;;;;;
2022-09-16 16:00:00;58.67027101011353;;;;;;;
2022-09-16 17:00:00;106.67673922029067;;;;;;;
2022-09-16 18:00:00;138.37895202847233;;;;;;;
2022-09-16 19:00:00;149.58015766009464;;;;;;;
2022-09-16 20:00:00;148.43931520808349;;;;;;;
2022-09-16 21:00:00;121.32324351437373;;;;;;;
2022-09-16 22:00:00;110.97823900442047;;;;;;;
2022-09-16 23:00:00;105.57233085856329;;;;;;;
2022-09-17 00:00:00;75.71914813228392;;;;;;;
2022-09-17 01:00:00;40.09343922666676;;;;;;;
2022-09-17 02:00:00;23.38613170090689;;;;;;;
2022-09-17 03:00:00;16.05377103129441;;;;;;;
2022-09-17 04:00:00;30.98947091700505;;;;;;;
2022-09-17 05:00:00;50.71853080567666;;;;;;;
2022-09-17 06:00:00;61.2434286364061;;;;;;;
2022-09-17 07:00:00;66.92259245939168;;;;;;;
2022-09-17 08:00:00;67.87443306805567;;;;;;;
2022-09-17 09:00:00;54.496290541977;;;;;;;
2022-09-17 10:00:00;11.12833745105472;;;;;;;
2022-09-17 11:00:00;2.4501925715847923;;;;;;;
2022-09-17 12:00:00;0.0;;;;;;;
2022-09-17 13:00:00;0.0;;;;;;;
2022-09-17 14:00:00;0.0;;;;;;;
2022-09-17 15:00:00;0.0;;;;;;;
2022-09-17 16:00:00;0.0;;;;;;;
2022-09-17 17:00:00;0.0;;;;;;;
2022-09-17 18:00:00;0.0;;;;;;;
2022-09-17 19:00:00;0.0;;;;;;;
2022-09-17 20:00:00;0.0;;;;;;;
2022-09-17 21:00:00;0.0;;;;;;;
2022-09-17 22:00:00;0.0;;;;;;;
2022-09-17 23:00:00;0.0;;;;;;;
2022-09-18 00:00:00;0.0;;;;;;;
2022-09-18 01:00:00;0.0;;;;;;;
2022-09-18 02:00:00;0.0;;;;;;;
2022-09-18 03:00:00;0.0;;;;;;;
2022-09-18 04:00:00;0.0;;;;;;;
2022-09-18 05:00:00;0.0;;;;;;;
2022-09-18 06:00:00;0.0;;;;;;;
2022-09-18 07:00:00;0.0;;;;;;;
2022-09-18 08:00:00;0.0;;;;;;;
2022-09-18 09:00:00;100.12771149177964;;;;;;;
2022-09-18 10:00:00;74.76275326233447;;;;;;;
2022-09-18 11:00:00;56.54115385915463;;;;;;;
2022-09-18 12:00:00;32.50603992506776;;;;;;;
2022-09-18 13:00:00;23.185744204346054;;;;;;;
2022-09-18 14:00:00;19.08463191677708;;;;;;;
2022-09-18 15:00:00;54.680738124038676;;;;;;;
2022-09-18 16:00:00;74.6397882076267;;;;;;;
2022-09-18 17:00:00;81.5281084019055;;;;;;;
2022-09-18 18:00:00;125.50860963572396;;;;;;;
2022-09-18 19:00:00;138.30380671726198;;;;;;;
2022-09-18 20:00:00;146.85898654202418;;;;;;;
2022-09-18 21:00:00;134.16853747005197;;;;;;;
2022-09-18 22:00:00;123.56621719746947;;;;;;;
2022-09-18 23:00:00;112.29669764656504;;;;;;;
2022-09-19 00:00:00;117.57508647642895;;;;;;;
2022-09-19 01:00:00;121.94490017984086;;;;;;;
2022-09-19 02:00:00;126.12571203990565;;;;;;;
2022-09-19 03:00:00;140.57866022935605;;;;;;;
2022-09-19 04:00:00;144.47483075907874;;;;;;;
2022-09-19 05:00:00;120.5399105732723;;;;;;;
2022-09-19 06:00:00;130.29058398547124;;;;;;;
2022-09-19 07:00:00;127.02973290507214;;;;;;;
2022-09-19 08:00:00;127.81078871553085;;;;;;;
2022-09-19 09:00:00;85.90703062788835;;;;;;;
2022-09-19 10:00:00;96.49796524725718;;;;;;;
2022-09-19 11:00:00;115.68279091231469;;;;;;;
2022-09-19 12:00:00;87.00916185897297;;;;;;;
2022-09-19 13:00:00;96.82359492916852;;;;;;;
2022-09-19 14:00:00;82.96953209875788;;;;;;;
2022-09-19 15:00:00;75.08838294424582;;;;;;;
2022-09-19 16:00:00;91.19908224160866;;;;;;;
2022-09-19 17:00:00;94.78784013456186;;;;;;;
2022-09-19 18:00:00;87.67636113729483;;;;;;;
2022-09-19 19:00:00;161.3438145604729;;;;;;;
2022-09-19 20:00:00;176.0472471206244;;;;;;;
2022-09-19 21:00:00;144.4361195381522;;;;;;;
2022-09-19 22:00:00;157.37022158889718;;;;;;;
2022-09-19 23:00:00;147.08214534501238;;;;;;;
2022-09-20 00:00:00;96.67330430674792;;;;;;;
2022-09-20 01:00:00;101.08638349237181;;;;;;;
2022-09-20 02:00:00;105.00304819787911;;;;;;;
2022-09-20 03:00:00;104.99166254466543;;;;;;;
2022-09-20 04:00:00;111.94146526629812;;;;;;;
2022-09-20 05:00:00;125.26495665695107;;;;;;;
2022-09-20 06:00:00;162.7214785993287;;;;;;;
2022-09-20 07:00:00;151.0329670101607;;;;;;;
2022-09-20 08:00:00;157.26319644868857;;;;;;;
2022-09-20 09:00:00;152.8911056146339;;;;;;;
2022-09-20 10:00:00;126.82479114722582;;;;;;;
2022-09-20 11:00:00;142.94004470587413;;;;;;;
2022-09-20 12:00:00;137.12653017496706;;;;;;;
2022-09-20 13:00:00;134.15942894748108;;;;;;;
2022-09-20 14:00:00;90.57742557614152;;;;;;;
2022-09-20 15:00:00;124.57270894155914;;;;;;;
2022-09-20 16:00:00;121.82193512513311;;;;;;;
2022-09-20 17:00:00;122.75100442736971;;;;;;;
2022-09-20 18:00:00;111.50425618289268;;;;;;;
2022-09-20 19:00:00;134.7810856129482;;;;;;;
2022-09-20 20:00:00;131.13767658456933;;;;;;;
2022-09-20 21:00:00;140.97032669990682;;;;;;;
2022-09-20 22:00:00;115.87862414759003;;;;;;;
2022-09-20 23:00:00;93.59006941648231;;;;;;;
2022-09-21 00:00:00;74.74909047847805;;;;;;;
2022-09-21 01:00:00;69.541292698539;;;;;;;
2022-09-21 02:00:00;14.68976977629507;;;;;;;
2022-09-21 03:00:00;451.56183784663483;;;;;;;
2022-09-21 04:00:00;13.082115542522892;;;;;;;
2022-09-21 05:00:00;15.140641643556954;;;;;;;
2022-09-21 06:00:00;1085.8133128987572;;;;;;;
2022-09-21 07:00:00;1104.294505195209;;;;;;;
2022-09-21 08:00:00;53.81087421851323;;;;;;;
2022-09-21 09:00:00;49.22928736532679;;;;;;;
2022-09-21 10:00:00;36.09024355673547;;;;;;;
2022-09-21 11:00:00;61.0384868785598;;;;;;;
2022-09-21 12:00:00;45.24203160989465;;;;;;;
2022-09-21 13:00:00;20.30745107192674;;;;;;;
2022-09-21 14:00:00;20.398536297636213;;;;;;;
2022-09-21 15:00:00;13.006970231312577;;;;;;;
2022-09-21 16:00:00;29.00153586589583;;;;;;;
2022-09-21 17:00:00;49.79629289536824;;;;;;;
2022-09-21 18:00:00;79.239592105955;;;;;;;
2022-09-21 19:00:00;84.58857198574374;;;;;;;
2022-09-21 20:00:00;74.14337372751005;;;;;;;
2022-09-21 21:00:00;52.647260460074705;;;;;;;
2022-09-21 22:00:00;38.412916812327005;;;;;;;
2022-09-21 23:00:00;0.0;;;;;;;
2022-09-22 00:00:00;0.0;;;;;;;
2022-09-22 01:00:00;0.0;;;;;;;
2022-09-22 02:00:00;0.0;;;;;;;
2022-09-22 03:00:00;0.0;;;;;;;
2022-09-22 04:00:00;0.0;;;;;;;
2022-09-22 05:00:00;0.0;;;;;;;
2022-09-22 06:00:00;0.0;;;;;;;
2022-09-22 07:00:00;0.0;;;;;;;
2022-09-22 08:00:00;0.0;;;;;;;
2022-09-22 09:00:00;0.0;;;;;;;
2022-09-22 10:00:00;0.0;;;;;;;
2022-09-22 11:00:00;0.0;;;;;;;
2022-09-22 12:00:00;0.0;;;;;;;
2022-09-22 13:00:00;0.0;;;;;;;
2022-09-22 14:00:00;0.0;;;;;;;
2022-09-22 15:00:00;0.0;;;;;;;
2022-09-22 16:00:00;0.0;;;;;;;
2022-09-22 17:00:00;0.0;;;;;;;
2022-09-22 18:00:00;0.0;;;;;;;
2022-09-22 19:00:00;0.0;;;;;;;
2022-09-22 20:00:00;0.0;;;;;;;
2022-09-22 21:00:00;0.0;;;;;;;
2022-09-22 22:00:00;0.0;;;;;;;
2022-09-22 23:00:00;0.0;;;;;;;
2022-09-23 00:00:00;0.0;;;;;;;
2022-09-23 01:00:00;0.0;;;;;;;
2022-09-23 02:00:00;0.0;;;;;;;
2022-09-23 03:00:00;0.0;;;;;;;
2022-09-23 04:00:00;0.0;;;;;;;
2022-09-23 05:00:00;0.0;;;;;;;
2022-09-23 06:00:00;0.0;;;;;;;
2022-09-23 07:00:00;0.0;;;;;;;
2022-09-23 08:00:00;108.66695140204263;;;;;;;
2022-09-23 09:00:00;163.25205003908636;;;;;;;
2022-09-23 10:00:00;134.46001019232233;;;;;;;
2022-09-23 11:00:00;102.81927991149452;;;;;;;
2022-09-23 12:00:00;66.85655567075231;;;;;;;
2022-09-23 13:00:00;75.13392555710057;;;;;;;
2022-09-23 14:00:00;87.519239122946;;;;;;;
2022-09-23 15:00:00;93.25988547328548;;;;;;;
2022-09-23 16:00:00;106.43536337216055;;;;;;;
2022-09-23 17:00:00;132.87057300369204;;;;;;;
2022-09-23 18:00:00;1151.834161623625;;;;;;;
2022-09-23 19:00:00;1164.2468007571833;;;;;;;
2022-09-23 20:00:00;1167.3960724360882;;;;;;;
2022-09-23 21:00:00;1160.8903101897893;;;;;;;
2022-09-23 22:00:00;1154.6669121431894;;;;;;;
2022-09-23 23:00:00;1141.5802423393811;;;;;;;
2022-09-24 00:00:00;1147.4757335734269;;;;;;;
2022-09-24 01:00:00;1145.8361995106561;;;;;;;
2022-09-24 02:00:00;1114.1613122701874;;;;;;;
2022-09-24 03:00:00;1096.2175228054216;;;;;;;
2022-09-24 04:00:00;1095.7256625865903;;;;;;;
2022-09-24 05:00:00;1104.8205223736811;;;;;;;
2022-09-24 06:00:00;1114.6099070068067;;;;;;;
2022-09-24 07:00:00;1140.286832134307;;;;;;;
2022-09-24 08:00:00;1151.2808188774402;;;;;;;
2022-09-24 09:00:00;1143.5089719937794;;;;;;;
2022-09-24 10:00:00;123.59354276518233;;;;;;;
2022-09-24 11:00:00;116.66423421933426;;;;;;;
2022-09-24 12:00:00;104.03982193600146;;;;;;;
2022-09-24 13:00:00;122.25231281661033;;;;;;;
2022-09-24 14:00:00;126.69954896187531;;;;;;;
2022-09-24 15:00:00;122.04964818940675;;;;;;;
2022-09-24 16:00:00;130.17900458397713;;;;;;;
2022-09-24 17:00:00;152.02351883975123;;;;;;;
2022-09-24 18:00:00;156.81232458142668;;;;;;;
2022-09-24 19:00:00;148.9630552559129;;;;;;;
2022-09-24 20:00:00;137.4407742036648;;;;;;;
2022-09-24 21:00:00;120.45337960884827;;;;;;;
2022-09-24 22:00:00;110.35658233895333;;;;;;;
2022-09-24 23:00:00;100.63095736382448;;;;;;;
2022-09-25 00:00:00;88.37771737525779;;;;;;;
2022-09-25 01:00:00;57.44745185496389;;;;;;;
2022-09-25 02:00:00;51.04871474887348;;;;;;;
2022-09-25 03:00:00;69.65970349196131;;;;;;;
2022-09-25 04:00:00;70.86430560196906;;;;;;;
2022-09-25 05:00:00;87.13895830560897;;;;;;;
2022-09-25 06:00:00;105.71123582777025;;;;;;;
2022-09-25 07:00:00;105.32412361850501;;;;;;;
2022-09-25 08:00:00;99.90682981943418;;;;;;;
2022-09-25 09:00:00;90.77553594205963;;;;;;;
2022-09-25 10:00:00;112.09175588871877;;;;;;;
2022-09-25 11:00:00;121.407497348155;;;;;;;
2022-09-25 12:00:00;119.62905831617755;;;;;;;
2022-09-25 13:00:00;120.7653465069032;;;;;;;
2022-09-25 14:00:00;106.49456876887172;;;;;;;
2022-09-25 15:00:00;123.23603325427266;;;;;;;
2022-09-25 16:00:00;121.72629563813814;;;;;;;
2022-09-25 17:00:00;136.52992194657003;;;;;;;
2022-09-25 18:00:00;138.0669851304174;;;;;;;
2022-09-25 19:00:00;121.30502646923185;;;;;;;
2022-09-25 20:00:00;133.20758833881706;;;;;;;
2022-09-25 21:00:00;119.67004666774679;;;;;;;
2022-09-25 22:00:00;102.91491939848946;;;;;;;
2022-09-25 23:00:00;83.48871788530187;;;;;;;
2022-09-26 00:00:00;72.61997332751915;;;;;;;
2022-09-26 01:00:00;0.0;;;;;;;
2022-09-26 02:00:00;0.0;;;;;;;
2022-09-26 03:00:00;20.407644820207164;;;;;;;
2022-09-26 04:00:00;14.31176608960076;;;;;;;
2022-09-26 05:00:00;32.79523551669533;;;;;;;
2022-09-26 06:00:00;63.44769109857534;;;;;;;
2022-09-26 07:00:00;75.68954543392836;;;;;;;
2022-09-26 08:00:00;82.12243949965979;;;;;;;
2022-09-26 09:00:00;79.96371965034531;;;;;;;
2022-09-26 10:00:00;83.31565595645388;;;;;;;
2022-09-26 11:00:00;93.58096089391135;;;;;;;
2022-09-26 12:00:00;82.16798211251452;;;;;;;
2022-09-26 13:00:00;102.36385378294717;;;;;;;
2022-09-26 14:00:00;99.92504686457607;;;;;;;
2022-09-26 15:00:00;104.29713769863069;;;;;;;
2022-09-26 16:00:00;110.6822120208647;;;;;;;
2022-09-26 17:00:00;115.50517472218121;;;;;;;
2022-09-26 18:00:00;54.65341255632583;;;;;;;
2022-09-26 19:00:00;57.53398281938788;;;;;;;
2022-09-26 20:00:00;58.856995722817956;;;;;;;
2022-09-26 21:00:00;69.14279483606006;;;;;;;
2022-09-26 22:00:00;59.74279954284257;;;;;;;
2022-09-26 23:00:00;61.79449425194841;;;;;;;
2022-09-27 00:00:00;58.080494173644716;;;;;;;
2022-09-27 01:00:00;55.634855863345386;;;;;;;
2022-09-27 02:00:00;30.754926460803166;;;;;;;
2022-09-27 03:00:00;0.0;;;;;;;
2022-09-27 04:00:00;0.0;;;;;;;
2022-09-27 05:00:00;0.0;;;;;;;
2022-09-27 06:00:00;81.3550464730575;;;;;;;
2022-09-27 07:00:00;111.94146526629812;;;;;;;
2022-09-27 08:00:00;114.02959406568777;;;;;;;
2022-09-27 09:00:00;110.31331685674134;;;;;;;
2022-09-27 10:00:00;100.02979487414196;;;;;;;
2022-09-27 11:00:00;94.83793700870206;;;;;;;
2022-09-27 12:00:00;31.472222613265252;;;;;;;
2022-09-27 13:00:00;68.18184570482514;;;;;;;
2022-09-27 14:00:00;54.82647448517383;;;;;;;
2022-09-27 15:00:00;60.15040592789245;;;;;;;
2022-09-27 16:00:00;85.63149782011719;;;;;;;
2022-09-27 17:00:00;118.42217907552705;;;;;;;
2022-09-27 18:00:00;125.59058633886248;;;;;;;
2022-09-27 19:00:00;113.72218142891832;;;;;;;
2022-09-27 20:00:00;100.07761461763943;;;;;;;
2022-09-27 21:00:00;80.87684903808277;;;;;;;
2022-09-27 22:00:00;60.83809938199898;;;;;;;
2022-09-27 23:00:00;53.742560299231116;;;;;;;
2022-09-28 00:00:00;0.0;;;;;;;
2022-09-28 01:00:00;0.0;;;;;;;
2022-09-28 02:00:00;0.0;;;;;;;
2022-09-28 03:00:00;0.0;;;;;;;
2022-09-28 04:00:00;0.0;;;;;;;
2022-09-28 05:00:00;754.2152715727822;;;;;;;
2022-09-28 06:00:00;728.9505070916175;;;;;;;
2022-09-28 07:00:00;756.640415707297;;;;;;;
2022-09-28 08:00:00;784.3394328455473;;;;;;;
2022-09-28 09:00:00;785.8446162003963;;;;;;;
2022-09-28 10:00:00;198.9141930349873;;;;;;;
2022-09-28 11:00:00;0.0;;;;;;;
2022-09-28 12:00:00;0.0;;;;;;;
2022-09-28 13:00:00;0.0;;;;;;;
2022-09-28 14:00:00;0.0;;;;;;;
2022-09-28 15:00:00;0.0;;;;;;;
2022-09-28 16:00:00;0.0;;;;;;;
2022-09-28 17:00:00;0.0;;;;;;;
2022-09-28 18:00:00;0.0;;;;;;;
2022-09-28 19:00:00;0.0;;;;;;;
2022-09-28 20:00:00;0.0;;;;;;;
2022-09-28 21:00:00;0.0;;;;;;;
2022-09-28 22:00:00;0.0;;;;;;;
2022-09-28 23:00:00;0.0;;;;;;;
2022-09-29 00:00:00;0.0;;;;;;;
2022-09-29 01:00:00;0.0;;;;;;;
2022-09-29 02:00:00;0.0;;;;;;;
2022-09-29 03:00:00;0.0;;;;;;;
2022-09-29 04:00:00;0.0;;;;;;;
2022-09-29 05:00:00;0.0;;;;;;;
2022-09-29 06:00:00;0.0;;;;;;;
2022-09-29 07:00:00;0.0;;;;;;;
2022-09-29 08:00:00;0.0;;;;;;;
2022-09-29 09:00:00;0.0;;;;;;;
2022-09-29 10:00:00;0.0;;;;;;;
2022-09-29 11:00:00;0.0;;;;;;;
2022-09-29 12:00:00;0.0;;;;;;;
2022-09-29 13:00:00;0.0;;;;;;;
2022-09-29 14:00:00;0.0;;;;;;;
2022-09-29 15:00:00;0.0;;;;;;;
2022-09-29 16:00:00;0.0;;;;;;;
2022-09-29 17:00:00;0.0;;;;;;;
2022-09-29 18:00:00;0.0;;;;;;;
2022-09-29 19:00:00;0.0;;;;;;;
2022-09-29 20:00:00;0.0;;;;;;;
2022-09-29 21:00:00;0.0;;;;;;;
2022-09-29 22:00:00;0.0;;;;;;;
2022-09-29 23:00:00;0.0;;;;;;;
2022-09-30 00:00:00;0.0;;;;;;;
2022-09-30 01:00:00;0.0;;;;;;;
2022-09-30 02:00:00;0.0;;;;;;;
2022-09-30 03:00:00;0.0;;;;;;;
2022-09-30 04:00:00;0.0;;;;;;;
2022-09-30 05:00:00;0.0;;;;;;;
2022-09-30 06:00:00;0.0;;;;;;;
2022-09-30 07:00:00;0.0;;;;;;;
2022-09-30 08:00:00;0.0;;;;;;;
2022-09-30 09:00:00;0.0;;;;;;;
2022-09-30 10:00:00;0.0;;;;;;;
2022-09-30 11:00:00;0.0;;;;;;;
2022-09-30 12:00:00;0.0;;;;;;;
2022-09-30 13:00:00;0.0;;;;;;;
2022-09-30 14:00:00;0.0;;;;;;;
2022-09-30 15:00:00;0.0;;;;;;;
2022-09-30 16:00:00;0.0;;;;;;;
2022-09-30 17:00:00;0.0;;;;;;;
2022-09-30 18:00:00;0.0;;;;;;;
2022-09-30 19:00:00;0.0;;;;;;;
2022-09-30 20:00:00;0.0;;;;;;;
2022-09-30 21:00:00;31.49954818097809;;;;;;;
2022-09-30 22:00:00;78.9412879917565;;;;;;;
2022-09-30 23:00:00;61.70568615688168;;;;;;;
2022-10-01 00:00:00;73.14599050599135;;;;;;;
2022-10-01 01:00:00;76.47743263631527;;;;;;;
2022-10-01 02:00:00;68.61677765758786;;;;;;;
2022-10-01 03:00:00;83.2496191678145;;;;;;;
2022-10-01 04:00:00;45.7270604367976;;;;;;;
2022-10-01 05:00:00;60.21188845524635;;;;;;;
2022-10-01 06:00:00;80.74022119951857;;;;;;;
2022-10-01 07:00:00;114.02048554311682;;;;;;;
2022-10-01 08:00:00;110.96002195927856;;;;;;;
2022-10-01 09:00:00;108.75575949710935;;;;;;;
2022-10-01 10:00:00;104.16734125199469;;;;;;;
2022-10-01 11:00:00;102.72819468578506;;;;;;;
2022-10-01 12:00:00;92.29210495012232;;;;;;;
2022-10-01 13:00:00;95.47097932738288;;;;;;;
2022-10-01 14:00:00;89.32728085327902;;;;;;;
2022-10-01 15:00:00;91.16492528196761;;;;;;;
2022-10-01 16:00:00;104.76167234974902;;;;;;;
2022-10-01 17:00:00;106.0482511628953;;;;;;;
2022-10-01 18:00:00;104.17417264392292;;;;;;;
2022-10-01 19:00:00;115.25924461276566;;;;;;;
2022-10-01 20:00:00;121.60788484471583;;;;;;;
2022-10-01 21:00:00;120.22338941393186;;;;;;;
2022-10-01 22:00:00;111.53158175060553;;;;;;;
2022-10-01 23:00:00;100.48749813333205;;;;;;;
2022-10-02 00:00:00;47.05690473215588;;;;;;;
2022-10-02 01:00:00;26.528571987883673;;;;;;;
2022-10-02 02:00:00;28.145334744226794;;;;;;;
2022-10-02 03:00:00;19.669854491960443;;;;;;;
2022-10-02 04:00:00;26.74262226830093;;;;;;;
2022-10-02 05:00:00;60.87681060292549;;;;;;;
2022-10-02 06:00:00;121.19572419838047;;;;;;;
2022-10-02 07:00:00;145.24905517760925;;;;;;;
2022-10-02 08:00:00;142.71916303352864;;;;;;;
2022-10-02 09:00:00;131.61815115018678;;;;;;;
2022-10-02 10:00:00;101.33914499371558;;;;;;;
2022-10-02 11:00:00;96.66875004546243;;;;;;;
2022-10-02 12:00:00;95.41860532259992;;;;;;;
2022-10-02 13:00:00;75.38440992780161;;;;;;;
2022-10-02 14:00:00;72.81352943215178;;;;;;;
2022-10-02 15:00:00;96.04709337999532;;;;;;;
2022-10-02 16:00:00;119.83400007402388;;;;;;;
2022-10-02 17:00:00;130.10613640340955;;;;;;;
2022-10-02 18:00:00;128.35502293914496;;;;;;;
2022-10-02 19:00:00;147.8563697635429;;;;;;;
2022-10-02 20:00:00;143.12904654922127;;;;;;;
2022-10-02 21:00:00;122.82387260793725;;;;;;;
2022-10-02 22:00:00;97.51584264456054;;;;;;;
2022-10-02 23:00:00;26.4374867621742;;;;;;;
2022-10-03 00:00:00;52.175894417028196;;;;;;;
2022-10-03 01:00:00;71.28102050958991;;;;;;;
2022-10-03 02:00:00;67.58979173771357;;;;;;;
2022-10-03 03:00:00;37.10584382339608;;;;;;;
2022-10-03 04:00:00;50.57507157518423;;;;;;;
2022-10-03 05:00:00;48.650896182071634;;;;;;;
2022-10-03 06:00:00;111.39267678139856;;;;;;;
2022-10-03 07:00:00;151.0397984020889;;;;;;;
2022-10-03 08:00:00;156.33185001580924;;;;;;;
2022-10-03 09:00:00;134.98147310950898;;;;;;;
2022-10-03 10:00:00;103.82121739429873;;;;;;;
2022-10-03 11:00:00;98.03502843110452;;;;;;;
2022-10-03 12:00:00;116.29078479392543;;;;;;;
2022-10-03 13:00:00;108.22746518799441;;;;;;;
2022-10-03 14:00:00;94.09331528852714;;;;;;;
2022-10-03 15:00:00;107.94965524958052;;;;;;;
2022-10-03 16:00:00;111.83216299544677;;;;;;;
2022-10-03 17:00:00;124.38826135949748;;;;;;;
2022-10-03 18:00:00;149.0131521300532;;;;;;;
2022-10-03 19:00:00;151.12860649715563;;;;;;;
2022-10-03 20:00:00;152.4129081796592;;;;;;;
2022-10-03 21:00:00;139.92967799617605;;;;;;;
2022-10-03 22:00:00;113.82465230784145;;;;;;;
2022-10-03 23:00:00;96.17916695727403;;;;;;;
2022-10-04 00:00:00;85.68842608618561;;;;;;;
2022-10-04 01:00:00;89.03353100036597;;;;;;;
2022-10-04 02:00:00;83.19724516303155;;;;;;;
2022-10-04 03:00:00;80.64458171252363;;;;;;;
2022-10-04 04:00:00;10.383715730879787;;;;;;;
2022-10-04 05:00:00;86.32146840486645;;;;;;;
2022-10-04 06:00:00;102.97640192584335;;;;;;;
2022-10-04 07:00:00;116.89877867553611;;;;;;;
2022-10-04 08:00:00;117.78458249556077;;;;;;;
2022-10-04 09:00:00;126.94092481000538;;;;;;;
2022-10-04 10:00:00;115.8649613637336;;;;;;;
2022-10-04 11:00:00;112.59272463012086;;;;;;;
2022-10-04 12:00:00;107.52383181938873;;;;;;;
2022-10-04 13:00:00;97.93483468282408;;;;;;;
2022-10-04 14:00:00;92.92514726880316;;;;;;;
2022-10-04 15:00:00;94.71497195399427;;;;;;;
2022-10-04 16:00:00;103.70052947023368;;;;;;;
2022-10-04 17:00:00;108.03618621400453;;;;;;;
2022-10-04 18:00:00;102.79423147442442;;;;;;;
2022-10-04 19:00:00;114.7059018665806;;;;;;;
2022-10-04 20:00:00;67.7651307972043;;;;;;;
2022-10-04 21:00:00;66.18480213114496;;;;;;;
2022-10-04 22:00:00;90.40436364729354;;;;;;;
2022-10-04 23:00:00;45.37638231781613;;;;;;;
2022-10-05 00:00:00;10.51806643880126;;;;;;;
2022-10-05 01:00:00;0.0;;;;;;;
2022-10-05 02:00:00;0.0;;;;;;;
2022-10-05 03:00:00;0.0;;;;;;;
2022-10-05 04:00:00;0.0;;;;;;;
2022-10-05 05:00:00;0.0;;;;;;;
2022-10-05 06:00:00;0.0;;;;;;;
2022-10-05 07:00:00;0.0;;;;;;;
2022-10-05 08:00:00;0.0;;;;;;;
2022-10-05 09:00:00;0.0;;;;;;;
2022-10-05 10:00:00;0.0;;;;;;;
2022-10-05 11:00:00;0.0;;;;;;;
2022-10-05 12:00:00;0.0;;;;;;;
2022-10-05 13:00:00;0.0;;;;;;;
2022-10-05 14:00:00;0.0;;;;;;;
2022-10-05 15:00:00;0.0;;;;;;;
2022-10-05 16:00:00;0.0;;;;;;;
2022-10-05 17:00:00;0.0;;;;;;;
2022-10-05 18:00:00;0.0;;;;;;;
2022-10-05 19:00:00;0.0;;;;;;;
2022-10-05 20:00:00;0.0;;;;;;;
2022-10-05 21:00:00;0.0;;;;;;;
2022-10-05 22:00:00;0.0;;;;;;;
2022-10-05 23:00:00;0.0;;;;;;;
2022-10-06 00:00:00;0.0;;;;;;;
2022-10-06 01:00:00;0.0;;;;;;;
2022-10-06 02:00:00;0.0;;;;;;;
2022-10-06 03:00:00;0.0;;;;;;;
2022-10-06 04:00:00;0.0;;;;;;;
2022-10-06 05:00:00;0.0;;;;;;;
2022-10-06 06:00:00;0.0;;;;;;;
2022-10-06 07:00:00;0.0;;;;;;;
2022-10-06 08:00:00;0.0;;;;;;;
2022-10-06 09:00:00;0.0;;;;;;;
2022-10-06 10:00:00;0.0;;;;;;;
2022-10-06 11:00:00;0.0;;;;;;;
2022-10-06 12:00:00;0.0;;;;;;;
2022-10-06 13:00:00;0.0;;;;;;;
2022-10-06 14:00:00;0.0;;;;;;;
2022-10-06 15:00:00;0.0;;;;;;;
2022-10-06 16:00:00;0.0;;;;;;;
2022-10-06 17:00:00;0.0;;;;;;;
2022-10-06 18:00:00;0.0;;;;;;;
2022-10-06 19:00:00;0.0;;;;;;;
2022-10-06 20:00:00;0.0;;;;;;;
2022-10-06 21:00:00;0.0;;;;;;;
2022-10-06 22:00:00;0.0;;;;;;;
2022-10-06 23:00:00;0.0;;;;;;;
2022-10-07 00:00:00;0.0;;;;;;;
2022-10-07 01:00:00;0.0;;;;;;;
2022-10-07 02:00:00;0.0;;;;;;;
2022-10-07 03:00:00;0.0;;;;;;;
2022-10-07 04:00:00;0.0;;;;;;;
2022-10-07 05:00:00;0.0;;;;;;;
2022-10-07 06:00:00;0.0;;;;;;;
2022-10-07 07:00:00;0.0;;;;;;;
2022-10-07 08:00:00;0.0;;;;;;;
2022-10-07 09:00:00;0.0;;;;;;;
2022-10-07 10:00:00;0.0;;;;;;;
2022-10-07 11:00:00;103.89636270550903;;;;;;;
2022-10-07 12:00:00;138.18995018512518;;;;;;;
2022-10-07 13:00:00;130.38394634182345;;;;;;;
2022-10-07 14:00:00;117.30638506058604;;;;;;;
2022-10-07 15:00:00;135.30482566077768;;;;;;;
2022-10-07 16:00:00;135.61223829754712;;;;;;;
2022-10-07 17:00:00;130.52057418038765;;;;;;;
2022-10-07 18:00:00;148.3687241581586;;;;;;;
2022-10-07 19:00:00;136.11548416959195;;;;;;;
2022-10-07 20:00:00;151.57720123377482;;;;;;;
2022-10-07 21:00:00;136.14736399859027;;;;;;;
2022-10-07 22:00:00;127.5967384351136;;;;;;;
2022-10-07 23:00:00;100.63095736382448;;;;;;;
2022-10-08 00:00:00;30.26989763390022;;;;;;;
2022-10-08 01:00:00;0.0;;;;;;;
2022-10-08 02:00:00;0.0;;;;;;;
2022-10-08 03:00:00;0.0;;;;;;;
2022-10-08 04:00:00;0.0;;;;;;;
2022-10-08 05:00:00;0.0;;;;;;;
2022-10-08 06:00:00;1062.5797489509137;;;;;;;
2022-10-08 07:00:00;494.8705855408459;;;;;;;
2022-10-08 08:00:00;114.16166764296653;;;;;;;
2022-10-08 09:00:00;104.6364301643985;;;;;;;
2022-10-08 10:00:00;92.66327724488842;;;;;;;
2022-10-08 11:00:00;142.66906615938848;;;;;;;
2022-10-08 12:00:00;158.40176177005696;;;;;;;
2022-10-08 13:00:00;137.30186923445783;;;;;;;
2022-10-08 14:00:00;128.20700944736706;;;;;;;
2022-10-08 15:00:00;131.6796336775407;;;;;;;
2022-10-08 16:00:00;1150.665993603901;;;;;;;
2022-10-08 17:00:00;1117.3379095168052;;;;;;;
2022-10-08 18:00:00;1123.4542824231962;;;;;;;
2022-10-08 19:00:00;1135.5139663071302;;;;;;;
2022-10-08 20:00:00;1128.9512757947632;;;;;;;
2022-10-08 21:00:00;1105.512770089073;;;;;;;
2022-10-08 22:00:00;1067.1044075380316;;;;;;;
2022-10-08 23:00:00;1030.5997262043181;;;;;;;
2022-10-09 00:00:00;920.6871843406984;;;;;;;
2022-10-09 01:00:00;852.525832811658;;;;;;;
2022-10-09 02:00:00;836.3764222933686;;;;;;;
2022-10-09 03:00:00;827.1585974515698;;;;;;;
2022-10-09 04:00:00;851.0138180648808;;;;;;;
2022-10-09 05:00:00;960.2546063888931;;;;;;;
2022-10-09 06:00:00;1078.1393826327344;;;;;;;
2022-10-09 07:00:00;1140.3710859680882;;;;;;;
2022-10-09 08:00:00;1130.0010330210646;;;;;;;
2022-10-09 09:00:00;1108.1997842475027;;;;;;;
2022-10-09 10:00:00;88.2001011851243;;;;;;;
2022-10-09 11:00:00;96.46153115697341;;;;;;;
2022-10-09 12:00:00;779.5779526715847;;;;;;;
2022-10-09 13:00:00;850.9090700553148;;;;;;;
2022-10-09 14:00:00;1134.5644028291094;;;;;;;
2022-10-09 15:00:00;1143.089979955516;;;;;;;
2022-10-09 16:00:00;1173.2095869669956;;;;;;;
2022-10-09 17:00:00;1155.568655877713;;;;;;;
2022-10-09 18:00:00;1168.2909847786839;;;;;;;
2022-10-09 19:00:00;1185.2533309364303;;;;;;;
2022-10-09 20:00:00;1151.531303248141;;;;;;;
2022-10-09 21:00:00;1147.9288825713315;;;;;;;
2022-10-09 22:00:00;1139.1095555920117;;;;;;;
2022-10-09 23:00:00;1094.2865160203805;;;;;;;
2022-10-10 00:00:00;1028.5821884548532;;;;;;;
2022-10-10 01:00:00;966.8195740319032;;;;;;;
2022-10-10 02:00:00;916.1329230552249;;;;;;;
2022-10-10 03:00:00;892.1228575582081;;;;;;;
2022-10-10 04:00:00;902.6409239970093;;;;;;;
2022-10-10 05:00:00;963.3332870178732;;;;;;;
2022-10-10 06:00:00;1107.4597167886132;;;;;;;
2022-10-10 07:00:00;1164.2946205006808;;;;;;;
2022-10-10 08:00:00;1157.0009710519948;;;;;;;
2022-10-10 09:00:00;1134.1476879214883;;;;;;;
2022-10-10 10:00:00;1152.8953045031406;;;;;;;
2022-10-10 11:00:00;1077.7408847702554;;;;;;;
2022-10-10 12:00:00;641.0054445384798;;;;;;;
2022-10-10 13:00:00;1136.859750516988;;;;;;;
2022-10-10 14:00:00;1132.1893555687348;;;;;;;
2022-10-10 15:00:00;1139.5877530269868;;;;;;;
2022-10-10 16:00:00;1111.8614103210236;;;;;;;
2022-10-10 17:00:00;1130.5771470736772;;;;;;;
2022-10-10 18:00:00;1147.2753460768658;;;;;;;
2022-10-10 19:00:00;1156.8051378167193;;;;;;;
2022-10-10 20:00:00;1151.2011193049443;;;;;;;
2022-10-10 21:00:00;1122.8303486270863;;;;;;;
2022-10-10 22:00:00;1085.927169430894;;;;;;;
2022-10-10 23:00:00;1037.1054884506173;;;;;;;
2022-10-11 00:00:00;1012.3120900124989;;;;;;;
2022-10-11 01:00:00;932.8994359776959;;;;;;;
2022-10-11 02:00:00;882.9141412389805;;;;;;;
2022-10-11 03:00:00;849.3082472134707;;;;;;;
2022-10-11 04:00:00;853.3342141898295;;;;;;;
2022-10-11 05:00:00;931.3988068841322;;;;;;;
2022-10-11 06:00:00;1065.412499470478;;;;;;;
2022-10-11 07:00:00;1117.4563203102277;;;;;;;
2022-10-11 08:00:00;1101.5915511222804;;;;;;;
2022-10-11 09:00:00;1088.026683883497;;;;;;;
2022-10-11 10:00:00;1046.3301446843438;;;;;;;
2022-10-11 11:00:00;1073.1797920928532;;;;;;;
2022-10-11 12:00:00;1121.746434441144;;;;;;;
2022-10-11 13:00:00;1133.1776302676824;;;;;;;
2022-10-11 14:00:00;1149.743755693593;;;;;;;
2022-10-11 15:00:00;1151.5859543835668;;;;;;;
2022-10-11 16:00:00;1122.7278777481633;;;;;;;
2022-10-11 17:00:00;1148.6188531560808;;;;;;;
2022-10-11 18:00:00;1152.8133278000018;;;;;;;
2022-10-11 19:00:00;1156.6798956313687;;;;;;;
2022-10-11 20:00:00;1140.7445353934966;;;;;;;
2022-10-11 21:00:00;1094.27740749781;;;;;;;
2022-10-11 22:00:00;1072.3349766243982;;;;;;;
2022-10-11 23:00:00;1039.2801482144307;;;;;;;
2022-10-12 00:00:00;957.433241522542;;;;;;;
2022-10-12 01:00:00;896.4402972568371;;;;;;;
2022-10-12 02:00:00;878.1503839343749;;;;;;;
2022-10-12 03:00:00;884.8155453256658;;;;;;;
2022-10-12 04:00:00;882.4291124120776;;;;;;;
2022-10-12 05:00:00;926.7853402019476;;;;;;;
2022-10-12 06:00:00;985.9930140437469;;;;;;;
2022-10-12 07:00:00;1033.9972051232812;;;;;;;
2022-10-12 08:00:00;1056.5612926621604;;;;;;;
2022-10-12 09:00:00;1083.9232944652856;;;;;;;
2022-10-12 10:00:00;82.86478408919199;;;;;;;
2022-10-12 11:00:00;88.26386084312094;;;;;;;
2022-10-12 12:00:00;87.8721943725702;;;;;;;
2022-10-12 13:00:00;80.38043455796614;;;;;;;
2022-10-12 14:00:00;77.06493234214138;;;;;;;
2022-10-12 15:00:00;68.53480095444934;;;;;;;
2022-10-12 16:00:00;75.07244302974668;;;;;;;
2022-10-12 17:00:00;67.82205906327272;;;;;;;
2022-10-12 18:00:00;63.67540416284902;;;;;;;
2022-10-12 19:00:00;73.34637800255219;;;;;;;
2022-10-12 20:00:00;65.96164332815677;;;;;;;
2022-10-12 21:00:00;41.9834576601383;;;;;;;
2022-10-12 22:00:00;13.337154174509413;;;;;;;
2022-10-12 23:00:00;7.16157587140722;;;;;;;
2022-10-13 00:00:00;0.0;;;;;;;
2022-10-13 01:00:00;0.0;;;;;;;
2022-10-13 02:00:00;0.0;;;;;;;
2022-10-13 03:00:00;0.0;;;;;;;
2022-10-13 04:00:00;0.0;;;;;;;
2022-10-13 05:00:00;0.0;;;;;;;
2022-10-13 06:00:00;0.0;;;;;;;
2022-10-13 07:00:00;0.0;;;;;;;
2022-10-13 08:00:00;0.0;;;;;;;
2022-10-13 09:00:00;0.0;;;;;;;
2022-10-13 10:00:00;0.0;;;;;;;
2022-10-13 11:00:00;0.0;;;;;;;
2022-10-13 12:00:00;0.0;;;;;;;
2022-10-13 13:00:00;0.0;;;;;;;
2022-10-13 14:00:00;0.0;;;;;;;
2022-10-13 15:00:00;0.0;;;;;;;
2022-10-13 16:00:00;0.0;;;;;;;
2022-10-13 17:00:00;0.0;;;;;;;
2022-10-13 18:00:00;0.0;;;;;;;
2022-10-13 19:00:00;0.0;;;;;;;
2022-10-13 20:00:00;0.0;;;;;;;
2022-10-13 21:00:00;0.0;;;;;;;
2022-10-13 22:00:00;0.0;;;;;;;
2022-10-13 23:00:00;0.0;;;;;;;
2022-10-14 00:00:00;0.0;;;;;;;
2022-10-14 01:00:00;0.0;;;;;;;
2022-10-14 02:00:00;0.0;;;;;;;
2022-10-14 03:00:00;0.0;;;;;;;
2022-10-14 04:00:00;0.0;;;;;;;
2022-10-14 05:00:00;0.0;;;;;;;
2022-10-14 06:00:00;0.0;;;;;;;
2022-10-14 07:00:00;0.0;;;;;;;
2022-10-14 08:00:00;0.0;;;;;;;
2022-10-14 09:00:00;0.0;;;;;;;
2022-10-14 10:00:00;0.0;;;;;;;
2022-10-14 11:00:00;0.0;;;;;;;
2022-10-14 12:00:00;0.0;;;;;;;
2022-10-14 13:00:00;0.0;;;;;;;
2022-10-14 14:00:00;1083.67736435587;;;;;;;
2022-10-14 15:00:00;1065.7609004588169;;;;;;;
2022-10-14 16:00:00;1076.3677749926853;;;;;;;
2022-10-14 17:00:00;1082.017336117315;;;;;;;
2022-10-14 18:00:00;1065.346462681839;;;;;;;
2022-10-14 19:00:00;969.3244177389136;;;;;;;
2022-10-14 20:00:00;1052.5011687261608;;;;;;;
2022-10-14 21:00:00;449.2869843345407;;;;;;;
2022-10-14 22:00:00;48.60990783050238;;;;;;;
2022-10-14 23:00:00;44.07158645952794;;;;;;;
2022-10-15 00:00:00;15.142918774199691;;;;;;;
2022-10-15 01:00:00;0.0;;;;;;;
2022-10-15 02:00:00;0.0;;;;;;;
2022-10-15 03:00:00;0.0;;;;;;;
2022-10-15 04:00:00;0.0;;;;;;;
2022-10-15 05:00:00;13.157260853733204;;;;;;;
2022-10-15 06:00:00;77.6843118769658;;;;;;;
2022-10-15 07:00:00;109.3591991174346;;;;;;;
2022-10-15 08:00:00;125.69988860971385;;;;;;;
2022-10-15 09:00:00;130.34751225153965;;;;;;;
2022-10-15 10:00:00;122.13845628447348;;;;;;;
2022-10-15 11:00:00;126.1598689995467;;;;;;;
2022-10-15 12:00:00;128.07493587008832;;;;;;;
2022-10-15 13:00:00;114.46224888780777;;;;;;;
2022-10-15 14:00:00;106.3807122367349;;;;;;;
2022-10-15 15:00:00;116.104060081221;;;;;;;
2022-10-15 16:00:00;134.69683177916693;;;;;;;
2022-10-15 17:00:00;157.56605482417257;;;;;;;
2022-10-15 18:00:00;166.7132886160463;;;;;;;
2022-10-15 19:00:00;159.0644067870934;;;;;;;
2022-10-15 20:00:00;149.67352001644682;;;;;;;
2022-10-15 21:00:00;169.82384907402474;;;;;;;
2022-10-15 22:00:00;97.37466054471086;;;;;;;
2022-10-15 23:00:00;78.4038851600706;;;;;;;
2022-10-16 00:00:00;67.75146801334787;;;;;;;
2022-10-16 01:00:00;64.86178922771488;;;;;;;
2022-10-16 02:00:00;67.04328038345675;;;;;;;
2022-10-16 03:00:00;38.12372122069943;;;;;;;
2022-10-16 04:00:00;54.18660077456478;;;;;;;
2022-10-16 05:00:00;88.31168058661841;;;;;;;
2022-10-16 06:00:00;187.33270658602794;;;;;;;
2022-10-16 07:00:00;202.30256343137967;;;;;;;
2022-10-16 08:00:00;197.93274972796772;;;;;;;
2022-10-16 09:00:00;195.42107462902902;;;;;;;
2022-10-16 10:00:00;177.18125818070732;;;;;;;
2022-10-16 11:00:00;180.13925088562243;;;;;;;
2022-10-16 12:00:00;171.1354763242411;;;;;;;
2022-10-16 13:00:00;182.82171078276636;;;;;;;
2022-10-16 14:00:00;204.86433540445856;;;;;;;
2022-10-16 15:00:00;203.02669097576995;;;;;;;
2022-10-16 16:00:00;195.71710161258486;;;;;;;
2022-10-16 17:00:00;215.12508608063055;;;;;;;
2022-10-16 18:00:00;211.27445816376263;;;;;;;
2022-10-16 19:00:00;191.2288771157506;;;;;;;
2022-10-16 20:00:00;171.96662900884004;;;;;;;
2022-10-16 21:00:00;159.0644067870934;;;;;;;
2022-10-16 22:00:00;142.51422127568233;;;;;;;
2022-10-16 23:00:00;113.11874180859304;;;;;;;
2022-10-17 00:00:00;109.89432481847774;;;;;;;
2022-10-17 01:00:00;97.20615287714833;;;;;;;
2022-10-17 02:00:00;94.39161940272565;;;;;;;
2022-10-17 03:00:00;112.79766638796717;;;;;;;
2022-10-17 04:00:00;122.82842686922275;;;;;;;
2022-10-17 05:00:00;139.02565713100958;;;;;;;
2022-10-17 06:00:00;170.9237031744666;;;;;;;
2022-10-17 07:00:00;198.58173196114774;;;;;;;
2022-10-17 08:00:00;189.38667842577655;;;;;;;
2022-10-17 09:00:00;180.938523741223;;;;;;;
2022-10-17 10:00:00;187.41240615852377;;;;;;;
2022-10-17 11:00:00;177.73915518817782;;;;;;;
2022-10-17 12:00:00;163.30214691322658;;;;;;;
2022-10-17 13:00:00;161.62390162952954;;;;;;;
2022-10-17 14:00:00;149.99687256771549;;;;;;;
2022-10-17 15:00:00;163.14274776823495;;;;;;;
2022-10-17 16:00:00;172.51997175502507;;;;;;;
2022-10-17 17:00:00;178.26061810536456;;;;;;;
2022-10-17 18:00:00;188.12059378841488;;;;;;;
2022-10-17 19:00:00;193.95232536446383;;;;;;;
2022-10-17 20:00:00;184.39293092625476;;;;;;;
2022-10-17 21:00:00;151.66828645948428;;;;;;;
2022-10-17 22:00:00;131.38132956334215;;;;;;;
2022-10-17 23:00:00;96.20649252498688;;;;;;;
2022-10-18 00:00:00;107.57392869352897;;;;;;;
2022-10-18 01:00:00;109.28405380622428;;;;;;;
2022-10-18 02:00:00;89.08135074386344;;;;;;;
2022-10-18 03:00:00;82.86022982790651;;;;;;;
2022-10-18 04:00:00;79.59254735557921;;;;;;;
2022-10-18 05:00:00;108.41646703134158;;;;;;;
2022-10-18 06:00:00;147.05254264665678;;;;;;;
2022-10-18 07:00:00;163.00839706031348;;;;;;;
2022-10-18 08:00:00;182.34351334779166;;;;;;;
2022-10-18 09:00:00;182.69874572805855;;;;;;;
2022-10-18 10:00:00;144.07405576595707;;;;;;;
2022-10-18 11:00:00;128.3755171149296;;;;;;;
2022-10-18 12:00:00;83.61851433193787;;;;;;;
2022-10-18 13:00:00;73.10955641570754;;;;;;;
2022-10-18 14:00:00;56.386308975448536;;;;;;;
2022-10-18 15:00:00;71.61575871407223;;;;;;;
2022-10-18 16:00:00;108.79674784867862;;;;;;;
2022-10-18 17:00:00;150.6800117605365;;;;;;;
2022-10-18 18:00:00;134.93137623536884;;;;;;;
2022-10-18 19:00:00;107.54660312581613;;;;;;;
2022-10-18 20:00:00;109.25900536915418;;;;;;;
2022-10-18 21:00:00;55.721386827769386;;;;;;;
2022-10-18 22:00:00;1.400435345283129;;;;;;;
2022-10-18 23:00:00;0.0;;;;;;;
2022-10-19 00:00:00;0.0;;;;;;;
2022-10-19 01:00:00;0.0;;;;;;;
2022-10-19 02:00:00;0.0;;;;;;;
2022-10-19 03:00:00;0.0;;;;;;;
2022-10-19 04:00:00;0.0;;;;;;;
2022-10-19 05:00:00;0.0;;;;;;;
2022-10-19 06:00:00;0.0;;;;;;;
2022-10-19 07:00:00;0.0;;;;;;;
2022-10-19 08:00:00;0.0;;;;;;;
2022-10-19 09:00:00;0.0;;;;;;;
2022-10-19 10:00:00;0.0;;;;;;;
2022-10-19 11:00:00;0.0;;;;;;;
2022-10-19 12:00:00;0.0;;;;;;;
2022-10-19 13:00:00;0.0;;;;;;;
2022-10-19 14:00:00;0.0;;;;;;;
2022-10-19 15:00:00;0.0;;;;;;;
2022-10-19 16:00:00;1098.9113683557794;;;;;;;
2022-10-19 17:00:00;1108.095036237937;;;;;;;
2022-10-19 18:00:00;1109.8529810941293;;;;;;;
2022-10-19 19:00:00;1124.13969874666;;;;;;;
2022-10-19 20:00:00;1112.9362159843947;;;;;;;
2022-10-19 21:00:00;1061.873838451665;;;;;;;
2022-10-19 22:00:00;1090.784289091852;;;;;;;
2022-10-19 23:00:00;1048.675589246363;;;;;;;
2022-10-20 00:00:00;989.089911717869;;;;;;;
2022-10-20 01:00:00;940.6120774646454;;;;;;;
2022-10-20 02:00:00;911.6333129051766;;;;;;;
2022-10-20 03:00:00;911.294020439409;;;;;;;
2022-10-20 04:00:00;929.6385848972968;;;;;;;
2022-10-20 05:00:00;949.7729740403756;;;;;;;
2022-10-20 06:00:00;1007.2796312920505;;;;;;;
2022-10-20 07:00:00;1063.4382272032256;;;;;;;
2022-10-20 08:00:00;1101.775998704342;;;;;;;
2022-10-20 09:00:00;1126.4988060925357;;;;;;;
2022-10-20 10:00:00;1130.7980287460227;;;;;;;
2022-10-20 11:00:00;1136.5546150108614;;;;;;;
2022-10-20 12:00:00;1134.9355751238752;;;;;;;
2022-10-20 13:00:00;935.4384366443475;;;;;;;
2022-10-20 14:00:00;1128.3728846115077;;;;;;;
2022-10-20 15:00:00;1143.1173055232289;;;;;;;
2022-10-20 16:00:00;1146.9656563094536;;;;;;;
2022-10-20 17:00:00;1153.200440009267;;;;;;;
2022-10-20 18:00:00;1156.7641494651502;;;;;;;
2022-10-20 19:00:00;1164.9299399500046;;;;;;;
2022-10-20 20:00:00;1150.258387218851;;;;;;;
2022-10-20 21:00:00;1145.1781087549057;;;;;;;
2022-10-20 22:00:00;1130.9392108458724;;;;;;;
2022-10-20 23:00:00;1119.8040420028892;;;;;;;
2022-10-21 00:00:00;1066.9199599559702;;;;;;;
2022-10-21 01:00:00;1054.4595010789142;;;;;;;
2022-10-21 02:00:00;1053.5122147315356;;;;;;;
2022-10-21 03:00:00;1039.4737043190637;;;;;;;
2022-10-21 04:00:00;1066.3711714710703;;;;;;;
2022-10-21 05:00:00;1088.2999395606257;;;;;;;
2022-10-21 06:00:00;1158.1714162023613;;;;;;;
2022-10-21 07:00:00;1168.4116727027488;;;;;;;
2022-10-21 08:00:00;1174.967531823188;;;;;;;
2022-10-21 09:00:00;1179.2303203863914;;;;;;;
2022-10-21 10:00:00;1197.064807580306;;;;;;;
2022-10-21 11:00:00;1183.6798336622992;;;;;;;
2022-10-21 12:00:00;1185.4947067845603;;;;;;;
2022-10-21 13:00:00;1192.7541992736053;;;;;;;
2022-10-21 14:00:00;1194.3299736783792;;;;;;;
2022-10-21 15:00:00;1187.765006035369;;;;;;;
2022-10-21 16:00:00;1204.738737846329;;;;;;;
2022-10-21 17:00:00;1201.7944079252704;;;;;;;
2022-10-21 18:00:00;1198.0462508873254;;;;;;;
2022-10-21 19:00:00;1205.0780303120969;;;;;;;
2022-10-21 20:00:00;1179.5422872844463;;;;;;;
2022-10-21 21:00:00;1181.0429163780095;;;;;;;
2022-10-21 22:00:00;1182.8441267164146;;;;;;;
2022-10-21 23:00:00;1156.95542843914;;;;;;;
2022-10-22 00:00:00;1151.2011193049443;;;;;;;
2022-10-22 01:00:00;1153.7105172732402;;;;;;;
2022-10-22 02:00:00;1163.365551198444;;;;;;;
2022-10-22 03:00:00;1159.0503886304582;;;;;;;
2022-10-22 04:00:00;1165.8294065538853;;;;;;;
2022-10-22 05:00:00;1163.6251440917158;;;;;;;
2022-10-22 06:00:00;1206.4648028735235;;;;;;;
2022-10-22 07:00:00;1199.280455695689;;;;;;;
2022-10-22 08:00:00;1197.9802140986865;;;;;;;
2022-10-22 09:00:00;1187.9562850093585;;;;;;;
2022-10-22 10:00:00;1183.3997465932425;;;;;;;
2022-10-22 11:00:00;1197.435979875072;;;;;;;
2022-10-22 12:00:00;1183.6183511349452;;;;;;;
2022-10-22 13:00:00;1173.2460210572792;;;;;;;
2022-10-22 14:00:00;1170.2470400007949;;;;;;;
2022-10-22 15:00:00;162.64633328811837;;;;;;;
2022-10-22 16:00:00;1170.693357606771;;;;;;;
2022-10-22 17:00:00;1171.0781926853936;;;;;;;
2022-10-22 18:00:00;1178.5767838919262;;;;;;;
2022-10-22 19:00:00;1207.2048703324124;;;;;;;
2022-10-22 20:00:00;1203.8005600215217;;;;;;;
2022-10-22 21:00:00;1204.4973619981988;;;;;;;
2022-10-22 22:00:00;1201.9264815025492;;;;;;;
2022-10-22 23:00:00;1175.6825508450077;;;;;;;
2022-10-23 00:00:00;1158.116765066936;;;;;;;
2022-10-23 01:00:00;1165.2920037221993;;;;;;;
2022-10-23 02:00:00;1165.132604577208;;;;;;;
2022-10-23 03:00:00;1180.3802713609734;;;;;;;
2022-10-23 04:00:00;1183.0490684742608;;;;;;;
2022-10-23 05:00:00;1204.3926139886323;;;;;;;
2022-10-23 06:00:00;1198.3445550015242;;;;;;;
2022-10-23 07:00:00;1175.6415624934382;;;;;;;
2022-10-23 08:00:00;1178.066706627953;;;;;;;
2022-10-23 09:00:00;1187.8515369997929;;;;;;;
2022-10-23 10:00:00;1193.195962618296;;;;;;;
2022-10-23 11:00:00;1186.7061402864963;;;;;;;
2022-10-23 12:00:00;1196.875805736959;;;;;;;
2022-10-23 13:00:00;1173.3143349765614;;;;;;;
2022-10-23 14:00:00;1178.6587605950647;;;;;;;
2022-10-23 15:00:00;1189.7939294380474;;;;;;;
2022-10-23 16:00:00;1200.0000289787936;;;;;;;
2022-10-23 17:00:00;1215.9035093876676;;;;;;;
2022-10-23 18:00:00;1222.9421202043668;;;;;;;
2022-10-23 19:00:00;1235.3524822072825;;;;;;;
2022-10-23 20:00:00;1223.2609184943499;;;;;;;
2022-10-23 21:00:00;1212.3853425446393;;;;;;;
2022-10-23 22:00:00;1193.7060398822694;;;;;;;
2022-10-23 23:00:00;1161.5028583326857;;;;;;;
2022-10-24 00:00:00;1147.673843939345;;;;;;;
2022-10-24 01:00:00;1100.783169744109;;;;;;;
2022-10-24 02:00:00;1098.556135975512;;;;;;;
2022-10-24 03:00:00;1125.3488551179535;;;;;;;
2022-10-24 04:00:00;1115.6460014492518;;;;;;;
2022-10-24 05:00:00;1119.5512805015458;;;;;;;
2022-10-24 06:00:00;1139.8496230509013;;;;;;;
2022-10-24 07:00:00;1171.9503337215617;;;;;;;
2022-10-24 08:00:00;1180.4599709334693;;;;;;;
2022-10-24 09:00:00;1175.498103262946;;;;;;;
2022-10-24 10:00:00;1178.5790610225688;;;;;;;
2022-10-24 11:00:00;1177.686425810616;;;;;;;
2022-10-24 12:00:00;1153.6080463943172;;;;;;;
2022-10-24 13:00:00;1146.2984570311316;;;;;;;
2022-10-24 14:00:00;1132.2235125283753;;;;;;;
2022-10-24 15:00:00;1127.3458986916337;;;;;;;
2022-10-24 16:00:00;1146.7994257725343;;;;;;;
2022-10-24 17:00:00;1155.9329967805513;;;;;;;
2022-10-24 18:00:00;1155.860128599984;;;;;;;
2022-10-24 19:00:00;1146.7698230741785;;;;;;;
2022-10-24 20:00:00;1143.5135262550648;;;;;;;
2022-10-24 21:00:00;1107.468825311184;;;;;;;
2022-10-24 22:00:00;1019.4212918791231;;;;;;;
2022-10-24 23:00:00;991.2736800042534;;;;;;;
2022-10-25 00:00:00;957.2487939404801;;;;;;;
2022-10-25 01:00:00;932.241345221945;;;;;;;
2022-10-25 02:00:00;919.9721653188788;;;;;;;
2022-10-25 03:00:00;900.3729018768436;;;;;;;
2022-10-25 04:00:00;928.4248742647181;;;;;;;
2022-10-25 05:00:00;1017.7362152034981;;;;;;;
2022-10-25 06:00:00;1059.029702278887;;;;;;;
2022-10-25 07:00:00;1102.4204266762365;;;;;;;
2022-10-25 08:00:00;1087.08850605869;;;;;;;
2022-10-25 09:00:00;1125.1074792698232;;;;;;;
2022-10-25 10:00:00;1116.121921753584;;;;;;;
2022-10-25 11:00:00;1109.2358786899479;;;;;;;
2022-10-25 12:00:00;1098.8567172203534;;;;;;;
2022-10-25 13:00:00;1086.8926728234146;;;;;;;
2022-10-25 14:00:00;1085.1347279672216;;;;;;;
2022-10-25 15:00:00;1103.647800092672;;;;;;;
2022-10-25 16:00:00;1115.6232301428247;;;;;;;
2022-10-25 17:00:00;1114.796631719511;;;;;;;
2022-10-25 18:00:00;1115.1632497529913;;;;;;;
2022-10-25 19:00:00;1090.4996477615096;;;;;;;
2022-10-25 20:00:00;1027.1521504112145;;;;;;;
2022-10-25 21:00:00;966.1318805777968;;;;;;;
2022-10-25 22:00:00;935.0103360835128;;;;;;;
2022-10-25 23:00:00;896.8615664257431;;;;;;;
2022-10-26 00:00:00;852.1022865121087;;;;;;;
2022-10-26 01:00:00;816.7088449320509;;;;;;;
2022-10-26 02:00:00;785.1956339672164;;;;;;;
2022-10-26 03:00:00;799.1407820233366;;;;;;;
2022-10-26 04:00:00;783.2919527498885;;;;;;;
2022-10-26 05:00:00;792.0201945034986;;;;;;;
2022-10-26 06:00:00;0.0;;;;;;;
2022-10-26 07:00:00;0.0;;;;;;;
2022-10-26 08:00:00;0.0;;;;;;;
2022-10-26 09:00:00;0.0;;;;;;;
2022-10-26 10:00:00;0.0;;;;;;;
2022-10-26 11:00:00;0.0;;;;;;;
2022-10-26 12:00:00;0.0;;;;;;;
2022-10-26 13:00:00;0.0;;;;;;;
2022-10-26 14:00:00;0.0;;;;;;;
2022-10-26 15:00:00;0.0;;;;;;;
2022-10-26 16:00:00;0.0;;;;;;;
2022-10-26 17:00:00;0.0;;;;;;;
2022-10-26 18:00:00;0.0;;;;;;;
2022-10-26 19:00:00;0.0;;;;;;;
2022-10-26 20:00:00;0.0;;;;;;;
2022-10-26 21:00:00;0.0;;;;;;;
2022-10-26 22:00:00;0.0;;;;;;;
2022-10-26 23:00:00;0.0;;;;;;;
2022-10-27 00:00:00;0.0;;;;;;;
2022-10-27 01:00:00;0.0;;;;;;;
2022-10-27 02:00:00;0.0;;;;;;;
2022-10-27 03:00:00;0.0;;;;;;;
2022-10-27 04:00:00;0.0;;;;;;;
2022-10-27 05:00:00;0.0;;;;;;;
2022-10-27 06:00:00;0.0;;;;;;;
2022-10-27 07:00:00;0.0;;;;;;;
2022-10-27 08:00:00;0.0;;;;;;;
2022-10-27 09:00:00;0.0;;;;;;;
2022-10-27 10:00:00;0.0;;;;;;;
2022-10-27 11:00:00;0.0;;;;;;;
2022-10-27 12:00:00;0.0;;;;;;;
2022-10-27 13:00:00;0.0;;;;;;;
2022-10-27 14:00:00;0.0;;;;;;;
2022-10-27 15:00:00;0.0;;;;;;;
2022-10-27 16:00:00;0.0;;;;;;;
2022-10-27 17:00:00;0.0;;;;;;;
2022-10-27 18:00:00;0.0;;;;;;;
2022-10-27 19:00:00;0.0;;;;;;;
2022-10-27 20:00:00;0.0;;;;;;;
2022-10-27 21:00:00;0.0;;;;;;;
2022-10-27 22:00:00;0.0;;;;;;;
2022-10-27 23:00:00;0.0;;;;;;;
2022-10-28 00:00:00;0.0;;;;;;;
2022-10-28 01:00:00;0.0;;;;;;;
2022-10-28 02:00:00;0.0;;;;;;;
2022-10-28 03:00:00;0.0;;;;;;;
2022-10-28 04:00:00;0.0;;;;;;;
2022-10-28 05:00:00;0.0;;;;;;;
2022-10-28 06:00:00;0.0;;;;;;;
2022-10-28 07:00:00;0.0;;;;;;;
2022-10-28 08:00:00;7.371071890539007;;;;;;;
2022-10-28 09:00:00;150.3088394657704;;;;;;;
2022-10-28 10:00:00;147.41005215756647;;;;;;;
2022-10-28 11:00:00;140.92478408705205;;;;;;;
2022-10-28 12:00:00;140.414706823079;;;;;;;
2022-10-28 13:00:00;102.56196414886527;;;;;;;
2022-10-28 14:00:00;102.31375690880697;;;;;;;
2022-10-28 15:00:00;110.02412126511373;;;;;;;
2022-10-28 16:00:00;115.06796563877576;;;;;;;
2022-10-28 17:00:00;109.88066203462135;;;;;;;
2022-10-28 18:00:00;118.59068674308959;;;;;;;
2022-10-28 19:00:00;176.77365179565743;;;;;;;
2022-10-28 20:00:00;174.71284856398063;;;;;;;
2022-10-28 21:00:00;149.58015766009464;;;;;;;
2022-10-28 22:00:00;146.14624465084754;;;;;;;
2022-10-28 23:00:00;474.91836684918616;;;;;;;
2022-10-29 00:00:00;120.412391257279;;;;;;;
2022-10-29 01:00:00;75.17491390866984;;;;;;;
2022-10-29 02:00:00;68.94013020885649;;;;;;;
2022-10-29 03:00:00;70.18799780107626;;;;;;;
2022-10-29 04:00:00;1086.53971757379;;;;;;;
2022-10-29 05:00:00;1095.211031061332;;;;;;;
2022-10-29 06:00:00;1090.7068666499986;;;;;;;
2022-10-29 07:00:00;1148.700829859219;;;;;;;
2022-10-29 08:00:00;1157.702327289958;;;;;;;
2022-10-29 09:00:00;704.6102576514039;;;;;;;
2022-10-29 10:00:00;140.33500725058326;;;;;;;
2022-10-29 11:00:00;120.58089892484153;;;;;;;
2022-10-29 12:00:00;81.96304035466822;;;;;;;
2022-10-29 13:00:00;91.67500254594066;;;;;;;
2022-10-29 14:00:00;92.62001176267643;;;;;;;
2022-10-29 15:00:00;82.42757500578652;;;;;;;
2022-10-29 16:00:00;95.86492292857636;;;;;;;
2022-10-29 17:00:00;103.35668274318041;;;;;;;
2022-10-29 18:00:00;107.89044985286938;;;;;;;
2022-10-29 19:00:00;122.35933795681898;;;;;;;
2022-10-29 20:00:00;126.14620621569027;;;;;;;
2022-10-29 21:00:00;115.3981495819726;;;;;;;
2022-10-29 22:00:00;98.73410753842471;;;;;;;
2022-10-29 23:00:00;97.33822645442707;;;;;;;
2022-10-30 00:00:00;99.86811859850765;;;;;;;
2022-10-30 01:00:00;103.93962818772103;;;;;;;
2022-10-30 02:00:00;110.3611366002388;;;;;;;
2022-10-30 03:00:00;128.22522649250897;;;;;;;
2022-10-30 04:00:00;125.68622582585745;;;;;;;
2022-10-30 05:00:00;134.2436827812623;;;;;;;
2022-10-30 06:00:00;135.37769384134523;;;;;;;
2022-10-30 07:00:00;160.39197395180892;;;;;;;
2022-10-30 08:00:00;174.9906585023945;;;;;;;
2022-10-30 09:00:00;182.1795599415146;;;;;;;
2022-10-30 10:00:00;166.26697101006985;;;;;;;
2022-10-30 11:00:00;158.6203663117597;;;;;;;
2022-10-30 12:00:00;156.03354590161072;;;;;;;
2022-10-30 13:00:00;135.79668587960882;;;;;;;
2022-10-30 14:00:00;152.13737537188803;;;;;;;
2022-10-30 15:00:00;152.74536925349875;;;;;;;
2022-10-30 16:00:00;160.02080165704282;;;;;;;
2022-10-30 17:00:00;169.62801583874938;;;;;;;
2022-10-30 18:00:00;173.85437031166887;;;;;;;
2022-10-30 19:00:00;1191.0395198996246;;;;;;;
2022-10-30 20:00:00;1187.931236572289;;;;;;;
2022-10-30 21:00:00;1178.966173231834;;;;;;;
2022-10-30 22:00:00;1171.1396752127475;;;;;;;
2022-10-30 23:00:00;1158.7429759936886;;;;;;;
2022-10-31 00:00:00;1143.8095532386205;;;;;;;
2022-10-31 01:00:00;139.93195512681882;;;;;;;
2022-10-31 02:00:00;1150.9506349342432;;;;;;;
2022-10-31 03:00:00;1161.4687013730443;;;;;;;
2022-10-31 04:00:00;1169.5388523709037;;;;;;;
2022-10-31 05:00:00;1167.755859077641;;;;;;;
2022-10-31 06:00:00;1173.6217476133306;;;;;;;
2022-10-31 07:00:00;1173.8380750243907;;;;;;;
2022-10-31 08:00:00;1202.377353369811;;;;;;;
2022-10-31 09:00:00;1156.1857582818952;;;;;;;
2022-10-31 10:00:00;1140.940368628772;;;;;;;
2022-10-31 11:00:00;1120.8629077517617;;;;;;;
2022-10-31 12:00:00;292.32892339197883;;;;;;;
2022-10-31 13:00:00;173.7086339505337;;;;;;;
2022-10-31 14:00:00;174.33484487728632;;;;;;;
2022-10-31 15:00:00;181.95640113852636;;;;;;;
2022-10-31 16:00:00;196.14520217341936;;;;;;;
2022-10-31 17:00:00;296.20232261527417;;;;;;;
2022-10-31 18:00:00;197.23139349000485;;;;;;;
2022-10-31 19:00:00;199.33546220389354;;;;;;;
2022-10-31 20:00:00;198.71380553842644;;;;;;;
2022-10-31 21:00:00;190.75751107270412;;;;;;;
2022-10-31 22:00:00;176.57098716845385;;;;;;;
2022-10-31 23:00:00;162.9651315781015;;;;;;;
2022-11-01 00:00:00;168.1182782226149;;;;;;;
2022-11-01 01:00:00;142.33888221619162;;;;;;;
2022-11-01 02:00:00;125.82740792570709;;;;;;;
2022-11-01 03:00:00;117.61607482799823;;;;;;;
2022-11-01 04:00:00;152.03718162360767;;;;;;;
2022-11-01 05:00:00;164.73901634879346;;;;;;;
2022-11-01 06:00:00;170.41134877985087;;;;;;;
2022-11-01 07:00:00;156.09730555960735;;;;;;;
2022-11-01 08:00:00;162.87860061367755;;;;;;;
2022-11-01 09:00:00;170.87360630032637;;;;;;;
2022-11-01 10:00:00;168.80369454607862;;;;;;;
2022-11-01 11:00:00;168.41885946745612;;;;;;;
2022-11-01 12:00:00;121.42116013201144;;;;;;;
2022-11-01 13:00:00;135.024738591721;;;;;;;
2022-11-01 14:00:00;106.12795073539107;;;;;;;
2022-11-01 15:00:00;102.99689610162798;;;;;;;
2022-11-01 16:00:00;95.31385731303403;;;;;;;
2022-11-01 17:00:00;101.52586970642004;;;;;;;
2022-11-01 18:00:00;126.29877396875361;;;;;;;
2022-11-01 19:00:00;109.29999372072345;;;;;;;
2022-11-01 20:00:00;95.78750048672332;;;;;;;
2022-11-01 21:00:00;65.71571321874119;;;;;;;
2022-11-01 22:00:00;22.240734987610278;;;;;;;
2022-11-01 23:00:00;0.0;;;;;;;
2022-11-02 00:00:00;0.0;;;;;;;
2022-11-02 01:00:00;0.0;;;;;;;
2022-11-02 02:00:00;0.0;;;;;;;
2022-11-02 03:00:00;0.0;;;;;;;
2022-11-02 04:00:00;0.0;;;;;;;
2022-11-02 05:00:00;0.0;;;;;;;
2022-11-02 06:00:00;0.0;;;;;;;
2022-11-02 07:00:00;0.0;;;;;;;
2022-11-02 08:00:00;0.0;;;;;;;
2022-11-02 09:00:00;0.0;;;;;;;
2022-11-02 10:00:00;0.0;;;;;;;
2022-11-02 11:00:00;0.0;;;;;;;
2022-11-02 12:00:00;0.0;;;;;;;
2022-11-02 13:00:00;0.0;;;;;;;
2022-11-02 14:00:00;0.0;;;;;;;
2022-11-02 15:00:00;0.0;;;;;;;
2022-11-02 16:00:00;0.0;;;;;;;
2022-11-02 17:00:00;0.0;;;;;;;
2022-11-02 18:00:00;0.0;;;;;;;
2022-11-02 19:00:00;0.0;;;;;;;
2022-11-02 20:00:00;0.0;;;;;;;
2022-11-02 21:00:00;0.0;;;;;;;
2022-11-02 22:00:00;0.0;;;;;;;
2022-11-02 23:00:00;0.0;;;;;;;
2022-11-03 00:00:00;0.0;;;;;;;
2022-11-03 01:00:00;0.0;;;;;;;
2022-11-03 02:00:00;0.0;;;;;;;
2022-11-03 03:00:00;0.0;;;;;;;
2022-11-03 04:00:00;0.0;;;;;;;
2022-11-03 05:00:00;0.0;;;;;;;
2022-11-03 06:00:00;0.0;;;;;;;
2022-11-03 07:00:00;0.0;;;;;;;
2022-11-03 08:00:00;0.0;;;;;;;
2022-11-03 09:00:00;0.0;;;;;;;
2022-11-03 10:00:00;0.0;;;;;;;
2022-11-03 11:00:00;0.0;;;;;;;
2022-11-03 12:00:00;0.0;;;;;;;
2022-11-03 13:00:00;0.0;;;;;;;
2022-11-03 14:00:00;0.0;;;;;;;
2022-11-03 15:00:00;0.0;;;;;;;
2022-11-03 16:00:00;0.0;;;;;;;
2022-11-03 17:00:00;0.0;;;;;;;
2022-11-03 18:00:00;0.0;;;;;;;
2022-11-03 19:00:00;0.0;;;;;;;
2022-11-03 20:00:00;0.0;;;;;;;
2022-11-03 21:00:00;0.0;;;;;;;
2022-11-03 22:00:00;0.0;;;;;;;
2022-11-03 23:00:00;0.0;;;;;;;
2022-11-04 00:00:00;0.0;;;;;;;
2022-11-04 01:00:00;0.0;;;;;;;
2022-11-04 02:00:00;0.0;;;;;;;
2022-11-04 03:00:00;0.0;;;;;;;
2022-11-04 04:00:00;0.0;;;;;;;
2022-11-04 05:00:00;0.0;;;;;;;
2022-11-04 06:00:00;0.0;;;;;;;
2022-11-04 07:00:00;0.0;;;;;;;
2022-11-04 08:00:00;0.0;;;;;;;
2022-11-04 09:00:00;0.0;;;;;;;
2022-11-04 10:00:00;0.0;;;;;;;
2022-11-04 11:00:00;0.0;;;;;;;
2022-11-04 12:00:00;0.0;;;;;;;
2022-11-04 13:00:00;0.0;;;;;;;
2022-11-04 14:00:00;0.0;;;;;;;
2022-11-04 15:00:00;0.0;;;;;;;
2022-11-04 16:00:00;0.0;;;;;;;
2022-11-04 17:00:00;40.62856492770991;;;;;;;
2022-11-04 18:00:00;124.07401733079979;;;;;;;
2022-11-04 19:00:00;136.7508036189155;;;;;;;
2022-11-04 20:00:00;124.31539317892988;;;;;;;
2022-11-04 21:00:00;106.52417146722729;;;;;;;
2022-11-04 22:00:00;93.24849982007177;;;;;;;
2022-11-04 23:00:00;113.0231023215981;;;;;;;
2022-11-05 00:00:00;102.15208063317264;;;;;;;
2022-11-05 01:00:00;27.03409499057124;;;;;;;
2022-11-05 02:00:00;0.0;;;;;;;
2022-11-05 03:00:00;0.0;;;;;;;
2022-11-05 04:00:00;0.0;;;;;;;
2022-11-05 05:00:00;942.1582491710636;;;;;;;
2022-11-05 06:00:00;1038.829276347169;;;;;;;
2022-11-05 07:00:00;1111.6154802116073;;;;;;;
2022-11-05 08:00:00;1130.0033101517074;;;;;;;
2022-11-05 09:00:00;1153.0068839046346;;;;;;;
2022-11-05 10:00:00;126.48549868145803;;;;;;;
2022-11-05 11:00:00;123.73927912631746;;;;;;;
2022-11-05 12:00:00;119.76796328538448;;;;;;;
2022-11-05 13:00:00;141.06141192561626;;;;;;;
2022-11-05 14:00:00;153.4467254914617;;;;;;;
2022-11-05 15:00:00;174.80165665904738;;;;;;;
2022-11-05 16:00:00;188.43711494775533;;;;;;;
2022-11-05 17:00:00;566.7595999320465;;;;;;;
2022-11-05 18:00:00;766.7964183739031;;;;;;;
2022-11-05 19:00:00;188.50770599768015;;;;;;;
2022-11-05 20:00:00;183.3864391821651;;;;;;;
2022-11-05 21:00:00;125.39703023422987;;;;;;;
2022-11-05 22:00:00;120.04349609315565;;;;;;;
2022-11-05 23:00:00;114.54194846030356;;;;;;;
2022-11-06 00:00:00;111.64316115209962;;;;;;;
2022-11-06 01:00:00;133.81558222042773;;;;;;;
2022-11-06 02:00:00;135.2820543543503;;;;;;;
2022-11-06 03:00:00;137.04683060247132;;;;;;;
2022-11-06 04:00:00;141.87662469571606;;;;;;;
2022-11-06 05:00:00;145.13292151482963;;;;;;;
2022-11-06 06:00:00;1159.029894454673;;;;;;;
2022-11-06 07:00:00;1137.5929865839491;;;;;;;
2022-11-06 08:00:00;1143.5841173049891;;;;;;;
2022-11-06 09:00:00;137.57967917287172;;;;;;;
2022-11-06 10:00:00;125.89344471434647;;;;;;;
2022-11-06 11:00:00;127.40545946112371;;;;;;;
2022-11-06 12:00:00;121.31641212244551;;;;;;;
2022-11-06 13:00:00;86.29641996779634;;;;;;;
2022-11-06 14:00:00;69.18833744891481;;;;;;;
2022-11-06 15:00:00;73.18925598820336;;;;;;;
2022-11-06 16:00:00;81.14782758456846;;;;;;;
2022-11-06 17:00:00;642.4536996272603;;;;;;;
2022-11-06 18:00:00;218.19465818703978;;;;;;;
2022-11-06 19:00:00;1010.1465387712559;;;;;;;
2022-11-06 20:00:00;111.93463387436994;;;;;;;
2022-11-06 21:00:00;1123.809514803463;;;;;;;
2022-11-06 22:00:00;1120.9927041983979;;;;;;;
2022-11-06 23:00:00;1144.8843589019925;;;;;;;
2022-11-07 00:00:00;127.32120562734244;;;;;;;
2022-11-07 01:00:00;129.9171345600624;;;;;;;
2022-11-07 02:00:00;121.76272972842195;;;;;;;
2022-11-07 03:00:00;111.21050632997962;;;;;;;
2022-11-07 04:00:00;101.08638349237181;;;;;;;
2022-11-07 05:00:00;122.02915401362213;;;;;;;
2022-11-07 06:00:00;145.4767682418829;;;;;;;
2022-11-07 07:00:00;139.20555045178574;;;;;;;
2022-11-07 08:00:00;142.0223610568512;;;;;;;
2022-11-07 09:00:00;150.7847597701024;;;;;;;
2022-11-07 10:00:00;136.14053260666205;;;;;;;
2022-11-07 11:00:00;135.45739341384103;;;;;;;
2022-11-07 12:00:00;146.07337647027998;;;;;;;
2022-11-07 13:00:00;147.44193198656478;;;;;;;
2022-11-07 14:00:00;151.7069976804108;;;;;;;
2022-11-07 15:00:00;132.26257912208132;;;;;;;
2022-11-07 16:00:00;142.61669215460552;;;;;;;
2022-11-07 17:00:00;154.42816879848124;;;;;;;
2022-11-07 18:00:00;152.0280731010367;;;;;;;
2022-11-07 19:00:00;142.1977001163419;;;;;;;
2022-11-07 20:00:00;133.85201631071158;;;;;;;
2022-11-07 21:00:00;102.14524924124443;;;;;;;
2022-11-07 22:00:00;68.05888065011735;;;;;;;
2022-11-07 23:00:00;58.201182097709754;;;;;;;
2022-11-08 00:00:00;86.23266030979971;;;;;;;
2022-11-08 01:00:00;57.60229673866998;;;;;;;
2022-11-08 02:00:00;49.09949091869079;;;;;;;
2022-11-08 03:00:00;19.15750009734466;;;;;;;
2022-11-08 04:00:00;45.16916342932708;;;;;;;
2022-11-08 05:00:00;70.71856924083392;;;;;;;
2022-11-08 06:00:00;90.78236733398782;;;;;;;
2022-11-08 07:00:00;122.13617915383077;;;;;;;
2022-11-08 08:00:00;147.73112757819237;;;;;;;
2022-11-08 09:00:00;141.67851432979796;;;;;;;
2022-11-08 10:00:00;138.43815742518348;;;;;;;
2022-11-08 11:00:00;124.41786405785304;;;;;;;
2022-11-08 12:00:00;115.96970937329954;;;;;;;
2022-11-08 13:00:00;118.08288660975927;;;;;;;
2022-11-08 14:00:00;106.79970427499846;;;;;;;
2022-11-08 15:00:00;143.650509466408;;;;;;;
2022-11-08 16:00:00;151.13088362779837;;;;;;;
2022-11-08 17:00:00;195.1819759115417;;;;;;;
2022-11-08 18:00:00;223.06771776249647;;;;;;;
2022-11-08 19:00:00;214.12770285911182;;;;;;;
2022-11-08 20:00:00;203.0881735031238;;;;;;;
2022-11-08 21:00:00;162.98562575388615;;;;;;;
2022-11-08 22:00:00;125.02585793946376;;;;;;;
2022-11-08 23:00:00;119.51064752275526;;;;;;;
2022-11-09 00:00:00;95.29791739853488;;;;;;;
2022-11-09 01:00:00;52.90685335334671;;;;;;;
2022-11-09 02:00:00;39.6994956254733;;;;;;;
2022-11-09 03:00:00;41.92880652471262;;;;;;;
2022-11-09 04:00:00;43.074203238009225;;;;;;;
2022-11-09 05:00:00;36.527452640140936;;;;;;;
2022-11-09 06:00:00;20.148051926935164;;;;;;;
2022-11-09 07:00:00;56.614022039722215;;;;;;;
2022-11-09 08:00:00;61.778554337449265;;;;;;;
2022-11-09 09:00:00;61.29580264118906;;;;;;;
2022-11-09 10:00:00;66.27816448749718;;;;;;;
2022-11-09 11:00:00;77.128692000138;;;;;;;
2022-11-09 12:00:00;65.79541279123697;;;;;;;
2022-11-09 13:00:00;62.14289524028716;;;;;;;
2022-11-09 14:00:00;63.09701297959388;;;;;;;
2022-11-09 15:00:00;53.03437266933997;;;;;;;
2022-11-09 16:00:00;59.92269286361878;;;;;;;
2022-11-09 17:00:00;69.35456798583459;;;;;;;
2022-11-09 18:00:00;72.65185315651746;;;;;;;
2022-11-09 19:00:00;70.54095305070044;;;;;;;
2022-11-09 20:00:00;69.88741655623501;;;;;;;
2022-11-09 21:00:00;62.69168372518671;;;;;;;
2022-11-09 22:00:00;63.643524333850706;;;;;;;
2022-11-09 23:00:00;58.04861434464639;;;;;;;
2022-11-10 00:00:00;53.23476016590081;;;;;;;
2022-11-10 01:00:00;20.02736400287011;;;;;;;
2022-11-10 02:00:00;15.30687218047674;;;;;;;
2022-11-10 03:00:00;0.0;;;;;;;
2022-11-10 04:00:00;0.0;;;;;;;
2022-11-10 05:00:00;0.0;;;;;;;
2022-11-10 06:00:00;0.0;;;;;;;
2022-11-10 07:00:00;0.0;;;;;;;
2022-11-10 08:00:00;0.0;;;;;;;
2022-11-10 09:00:00;0.0;;;;;;;
2022-11-10 10:00:00;0.0;;;;;;;
2022-11-10 11:00:00;0.0;;;;;;;
2022-11-10 12:00:00;0.0;;;;;;;
2022-11-10 13:00:00;0.0;;;;;;;
2022-11-10 14:00:00;0.0;;;;;;;
2022-11-10 15:00:00;0.0;;;;;;;
2022-11-10 16:00:00;0.0;;;;;;;
2022-11-10 17:00:00;0.0;;;;;;;
2022-11-10 18:00:00;0.0;;;;;;;
2022-11-10 19:00:00;51.469983917779786;;;;;;;
2022-11-10 20:00:00;101.8401137351177;;;;;;;
2022-11-10 21:00:00;108.07717456557378;;;;;;;
2022-11-10 22:00:00;76.91008745843527;;;;;;;
2022-11-10 23:00:00;65.81362983637888;;;;;;;
2022-11-11 00:00:00;67.69453974727946;;;;;;;
2022-11-11 01:00:00;39.002693648795834;;;;;;;
2022-11-11 02:00:00;30.65245558188001;;;;;;;
2022-11-11 03:00:00;36.47052437407252;;;;;;;
2022-11-11 04:00:00;29.258851628525083;;;;;;;
2022-11-11 05:00:00;23.11970741570669;;;;;;;
2022-11-11 06:00:00;46.71988939703083;;;;;;;
2022-11-11 07:00:00;85.72030591518394;;;;;;;
2022-11-11 08:00:00;1117.81610695178;;;;;;;
2022-11-11 09:00:00;1131.4470109792023;;;;;;;
2022-11-11 10:00:00;1113.6557892675;;;;;;;
2022-11-11 11:00:00;1117.1534619347435;;;;;;;
2022-11-11 12:00:00;86.08692394866456;;;;;;;
2022-11-11 13:00:00;78.98455347396849;;;;;;;
2022-11-11 14:00:00;1096.46573004548;;;;;;;
2022-11-11 15:00:00;1103.4314726816115;;;;;;;
2022-11-11 16:00:00;1101.9900489847594;;;;;;;
2022-11-11 17:00:00;1112.489898378419;;;;;;;
2022-11-11 18:00:00;1131.0257418102963;;;;;;;
2022-11-11 19:00:00;1125.7200274127194;;;;;;;
2022-11-11 20:00:00;1123.5317048650495;;;;;;;
2022-11-11 21:00:00;1113.7901399754217;;;;;;;
2022-11-11 22:00:00;1025.2871804148133;;;;;;;
2022-11-11 23:00:00;962.3723378866383;;;;;;;
2022-11-12 00:00:00;945.0502050873395;;;;;;;
2022-11-12 01:00:00;965.573983570326;;;;;;;
2022-11-12 02:00:00;932.7013256117777;;;;;;;
2022-11-12 03:00:00;923.0189661188606;;;;;;;
2022-11-12 04:00:00;201.86763147861694;;;;;;;
2022-11-12 05:00:00;860.0335325407613;;;;;;;
2022-11-12 06:00:00;906.4095752107388;;;;;;;
2022-11-12 07:00:00;987.3456296455327;;;;;;;
2022-11-12 08:00:00;1026.8515691663733;;;;;;;
2022-11-12 09:00:00;1026.885726126014;;;;;;;
2022-11-12 10:00:00;1038.4899838814013;;;;;;;
2022-11-12 11:00:00;1043.5702623453465;;;;;;;
2022-11-12 12:00:00;1045.9111526460804;;;;;;;
2022-11-12 13:00:00;1050.1329528577144;;;;;;;
2022-11-12 14:00:00;1071.0734462483215;;;;;;;
2022-11-12 15:00:00;1081.8670454948942;;;;;;;
2022-11-12 16:00:00;1093.116070870014;;;;;;;
2022-11-12 17:00:00;1069.290452955059;;;;;;;
2022-11-12 18:00:00;1078.2327449890865;;;;;;;
2022-11-12 19:00:00;1090.4495508873695;;;;;;;
2022-11-12 20:00:00;1083.8549805460034;;;;;;;
2022-11-12 21:00:00;1058.398937090849;;;;;;;
2022-11-12 22:00:00;1016.9460508704683;;;;;;;
2022-11-12 23:00:00;1001.2179095210853;;;;;;;
2022-11-13 00:00:00;977.9501886136005;;;;;;;
2022-11-13 01:00:00;977.2693265514226;;;;;;;
2022-11-13 02:00:00;975.6502866644365;;;;;;;
2022-11-13 03:00:00;972.9245612850805;;;;;;;
2022-11-13 04:00:00;970.3787292265008;;;;;;;
2022-11-13 05:00:00;999.4440247503933;;;;;;;
2022-11-13 06:00:00;1025.3304458970247;;;;;;;
2022-11-13 07:00:00;1050.5109565444086;;;;;;;
2022-11-13 08:00:00;1032.2688629654442;;;;;;;
2022-11-13 09:00:00;1045.895212731581;;;;;;;
2022-11-13 10:00:00;1043.363043456858;;;;;;;
2022-11-13 11:00:00;1029.1036513720398;;;;;;;
2022-11-13 12:00:00;6.177855433744925;;;;;;;
2022-11-13 13:00:00;16.165350432788514;;;;;;;
2022-11-13 14:00:00;0.0;;;;;;;
2022-11-13 15:00:00;1009.4907251461478;;;;;;;
2022-11-13 16:00:00;1071.1121574692484;;;;;;;
2022-11-13 17:00:00;1065.4466564301194;;;;;;;
2022-11-13 18:00:00;1074.5028049962837;;;;;;;
2022-11-13 19:00:00;1101.9262893267633;;;;;;;
2022-11-13 20:00:00;1082.2177236138757;;;;;;;
2022-11-13 21:00:00;1093.9950432981107;;;;;;;
2022-11-13 22:00:00;1090.9869537190555;;;;;;;
2022-11-13 23:00:00;1067.8194265598509;;;;;;;
2022-11-14 00:00:00;1062.178973957792;;;;;;;
2022-11-14 01:00:00;886.2433062386617;;;;;;;
2022-11-14 02:00:00;892.6010549931829;;;;;;;
2022-11-14 03:00:00;1096.6410691049707;;;;;;;
2022-11-14 04:00:00;1097.4722217895696;;;;;;;
2022-11-14 05:00:00;1095.2656821967573;;;;;;;
2022-11-14 06:00:00;1103.2880134511192;;;;;;;
2022-11-14 07:00:00;1054.4777181240556;;;;;;;
2022-11-14 08:00:00;1068.944329097363;;;;;;;
2022-11-14 09:00:00;1080.7626371331671;;;;;;;
2022-11-14 10:00:00;1079.4191300539524;;;;;;;
2022-11-14 11:00:00;1071.7952966620692;;;;;;;
2022-11-14 12:00:00;67.22545083487564;;;;;;;
2022-11-14 13:00:00;172.6930336838731;;;;;;;
2022-11-14 14:00:00;1080.3664164013308;;;;;;;
2022-11-14 15:00:00;1081.9399136754619;;;;;;;
2022-11-14 16:00:00;1087.6190774984475;;;;;;;
2022-11-14 17:00:00;1096.1287147103549;;;;;;;
2022-11-14 18:00:00;1102.1243996926808;;;;;;;
2022-11-14 19:00:00;1098.6062328496523;;;;;;;
2022-11-14 20:00:00;1090.046498763605;;;;;;;
2022-11-14 21:00:00;1064.3080911087507;;;;;;;
2022-11-14 22:00:00;1038.335138997695;;;;;;;
2022-11-14 23:00:00;1003.9595748149404;;;;;;;
2022-11-15 00:00:00;975.0901125263231;;;;;;;
2022-11-15 01:00:00;972.3347844486118;;;;;;;
2022-11-15 02:00:00;894.4295908993004;;;;;;;
2022-11-15 03:00:00;911.3577800974058;;;;;;;
2022-11-15 04:00:00;903.7385009668086;;;;;;;
2022-11-15 05:00:00;932.0204635495994;;;;;;;
2022-11-15 06:00:00;956.777427897434;;;;;;;
2022-11-15 07:00:00;998.8610793058526;;;;;;;
2022-11-15 08:00:00;1073.1342494799987;;;;;;;
2022-11-15 09:00:00;1090.62488994686;;;;;;;
2022-11-15 10:00:00;1081.9695163738174;;;;;;;
2022-11-15 11:00:00;1084.595048004893;;;;;;;
2022-11-15 12:00:00;1070.8685044904755;;;;;;;
2022-11-15 13:00:00;1066.4895822644928;;;;;;;
2022-11-15 14:00:00;1080.5941294656045;;;;;;;
2022-11-15 15:00:00;1080.0567266339185;;;;;;;
2022-11-15 16:00:00;1043.435911637425;;;;;;;
2022-11-15 17:00:00;1053.254898968906;;;;;;;
2022-11-15 18:00:00;1056.1263607093977;;;;;;;
2022-11-15 19:00:00;1057.2626489001234;;;;;;;
2022-11-15 20:00:00;1058.1461755895052;;;;;;;
2022-11-15 21:00:00;1063.0397293407466;;;;;;;
2022-11-15 22:00:00;1050.02137345622;;;;;;;
2022-11-15 23:00:00;990.1783801650972;;;;;;;
2022-11-16 00:00:00;1024.3877138109322;;;;;;;
2022-11-16 01:00:00;1019.0136854940731;;;;;;;
2022-11-16 02:00:00;1023.5132956441208;;;;;;;
2022-11-16 03:00:00;999.1662148119794;;;;;;;
2022-11-16 04:00:00;968.586627410667;;;;;;;
2022-11-16 05:00:00;943.0167274233755;;;;;;;
2022-11-16 06:00:00;946.2365901522053;;;;;;;
2022-11-16 07:00:00;1006.1114632723268;;;;;;;
2022-11-16 08:00:00;1023.9505047275267;;;;;;;
2022-11-16 09:00:00;1017.7316609422124;;;;;;;
2022-11-16 10:00:00;1024.312568499722;;;;;;;
2022-11-16 11:00:00;977.6723786751867;;;;;;;
2022-11-16 12:00:00;979.0136086237587;;;;;;;
2022-11-16 13:00:00;1009.1446012884519;;;;;;;
2022-11-16 14:00:00;1003.6202823491726;;;;;;;
2022-11-16 15:00:00;1000.3321057010606;;;;;;;
2022-11-16 16:00:00;1003.4153405913258;;;;;;;
2022-11-16 17:00:00;1008.6846208986192;;;;;;;
2022-11-16 18:00:00;1012.7310820507624;;;;;;;
2022-11-16 19:00:00;996.7934446822476;;;;;;;
2022-11-16 20:00:00;998.1506145453188;;;;;;;
2022-11-16 21:00:00;984.8157375014518;;;;;;;
2022-11-16 22:00:00;933.789794059006;;;;;;;
2022-11-16 23:00:00;900.7121943426112;;;;;;;
2022-11-17 00:00:00;854.5661418675501;;;;;;;
2022-11-17 01:00:00;848.736687422144;;;;;;;
2022-11-17 02:00:00;832.8036043149144;;;;;;;
2022-11-17 03:00:00;830.7724037815933;;;;;;;
2022-11-17 04:00:00;836.563147006073;;;;;;;
2022-11-17 05:00:00;880.3022723917613;;;;;;;
2022-11-17 06:00:00;896.7545412855346;;;;;;;
2022-11-17 07:00:00;921.4591316285863;;;;;;;
2022-11-17 08:00:00;935.7959461552571;;;;;;;
2022-11-17 09:00:00;966.7649228964773;;;;;;;
2022-11-17 10:00:00;1016.3266713356437;;;;;;;
2022-11-17 11:00:00;1017.1441612363863;;;;;;;
2022-11-17 12:00:00;995.4431062111045;;;;;;;
2022-11-17 13:00:00;947.0927912738745;;;;;;;
2022-11-17 14:00:00;947.7554362909108;;;;;;;
2022-11-17 15:00:00;1006.7536141135785;;;;;;;
2022-11-17 16:00:00;999.5305557148173;;;;;;;
2022-11-17 17:00:00;1002.1902443055338;;;;;;;
2022-11-17 18:00:00;1009.7412095168492;;;;;;;
2022-11-17 19:00:00;1012.4236694139931;;;;;;;
2022-11-17 20:00:00;1008.7142235969749;;;;;;;
2022-11-17 21:00:00;1009.7343781249208;;;;;;;
2022-11-17 22:00:00;975.4863332581593;;;;;;;
2022-11-17 23:00:00;955.1697736636613;;;;;;;
2022-11-18 00:00:00;937.4286488260993;;;;;;;
2022-11-18 01:00:00;887.2088096311821;;;;;;;
2022-11-18 02:00:00;870.2100293831519;;;;;;;
2022-11-18 03:00:00;901.4181048418598;;;;;;;
2022-11-18 04:00:00;893.8557539773308;;;;;;;
2022-11-18 05:00:00;926.0247785672735;;;;;;;
2022-11-18 06:00:00;1014.0176608639088;;;;;;;
2022-11-18 07:00:00;1089.5478071528455;;;;;;;
2022-11-18 08:00:00;1076.1468933203391;;;;;;;
2022-11-18 09:00:00;1088.5071584491147;;;;;;;
2022-11-18 10:00:00;1065.1779550142762;;;;;;;
2022-11-18 11:00:00;1068.5253370590995;;;;;;;
2022-11-18 12:00:00;400.04631131600024;;;;;;;
2022-11-18 13:00:00;679.3819272605231;;;;;;;
2022-11-18 14:00:00;1070.5337662859934;;;;;;;
2022-11-18 15:00:00;1073.1934548767097;;;;;;;
2022-11-18 16:00:00;1077.1829877627847;;;;;;;
2022-11-18 17:00:00;1088.6210149812516;;;;;;;
2022-11-18 18:00:00;1156.6115817120867;;;;;;;
2022-11-18 19:00:00;1158.4788288391308;;;;;;;
2022-11-18 20:00:00;1148.8875545719238;;;;;;;
2022-11-18 21:00:00;1130.7911973540945;;;;;;;
2022-11-18 22:00:00;1071.1554229514607;;;;;;;
2022-11-18 23:00:00;1019.5738596321866;;;;;;;
2022-11-19 00:00:00;973.3048421024176;;;;;;;
2022-11-19 01:00:00;957.3421562968329;;;;;;;
2022-11-19 02:00:00;953.5347938621767;;;;;;;
2022-11-19 03:00:00;953.7146871829528;;;;;;;
2022-11-19 04:00:00;954.7234560576854;;;;;;;
2022-11-19 05:00:00;972.7196195272342;;;;;;;
2022-11-19 06:00:00;1012.9496865924651;;;;;;;
2022-11-19 07:00:00;1122.1381009116944;;;;;;;
2022-11-19 08:00:00;1139.5148848464191;;;;;;;
2022-11-19 09:00:00;1127.9948809248135;;;;;;;
2022-11-19 10:00:00;1190.8436866643492;;;;;;;
2022-11-19 11:00:00;1190.4793457615112;;;;;;;
2022-11-19 12:00:00;1196.9532281788122;;;;;;;
2022-11-19 13:00:00;1178.194225943946;;;;;;;
2022-11-19 14:00:00;1189.7916523074048;;;;;;;
2022-11-19 15:00:00;1223.0764709122882;;;;;;;
2022-11-19 16:00:00;1237.4315024841012;;;;;;;
2022-11-19 17:00:00;1268.6896748169493;;;;;;;
2022-11-19 18:00:00;1274.878915903908;;;;;;;
2022-11-19 19:00:00;1239.362509269142;;;;;;;
2022-11-19 20:00:00;1266.7495595093371;;;;;;;
2022-11-19 21:00:00;1252.902328070855;;;;;;;
2022-11-19 22:00:00;1234.7513197176;;;;;;;
2022-11-19 23:00:00;1218.7134886008046;;;;;;;
2022-11-20 00:00:00;1204.7911118511117;;;;;;;
2022-11-20 01:00:00;1214.127347486333;;;;;;;
2022-11-20 02:00:00;1201.4414526756461;;;;;;;
2022-11-20 03:00:00;1213.4715338612248;;;;;;;
2022-11-20 04:00:00;422.70603834187403;;;;;;;
2022-11-20 05:00:00;445.34299406132067;;;;;;;
2022-11-20 06:00:00;621.6885452961435;;;;;;;
2022-11-20 07:00:00;1277.6114726751919;;;;;;;
2022-11-20 08:00:00;1245.3877969498235;;;;;;;
2022-11-20 09:00:00;829.2011836381048;;;;;;;
2022-11-20 10:00:00;459.2494308965142;;;;;;;
2022-11-20 11:00:00;200.56283562032877;;;;;;;
2022-11-20 12:00:00;231.04222927336073;;;;;;;
2022-11-20 13:00:00;231.58646349697483;;;;;;;
2022-11-20 14:00:00;223.7872910456013;;;;;;;
2022-11-20 15:00:00;221.8289586928477;;;;;;;
2022-11-20 16:00:00;227.41931442076645;;;;;;;
2022-11-20 17:00:00;233.61310976901058;;;;;;;
2022-11-20 18:00:00;241.9997819262102;;;;;;;
2022-11-20 19:00:00;232.34247087036348;;;;;;;
2022-11-20 20:00:00;224.8324940106175;;;;;;;
2022-11-20 21:00:00;212.4335176609157;;;;;;;
2022-11-20 22:00:00;200.98410478923506;;;;;;;
2022-11-20 23:00:00;182.7829995618398;;;;;;;
2022-11-21 00:00:00;158.95282738559925;;;;;;;
2022-11-21 01:00:00;147.27114718835952;;;;;;;
2022-11-21 02:00:00;155.33218966364774;;;;;;;
2022-11-21 03:00:00;148.37783268072963;;;;;;;
2022-11-21 04:00:00;153.9476942328638;;;;;;;
2022-11-21 05:00:00;172.44938070510028;;;;;;;
2022-11-21 06:00:00;189.63488566583487;;;;;;;
2022-11-21 07:00:00;186.97975133640375;;;;;;;
2022-11-21 08:00:00;198.38134446458687;;;;;;;
2022-11-21 09:00:00;205.2263991766537;;;;;;;
2022-11-21 10:00:00;208.11380083164394;;;;;;;
2022-11-21 11:00:00;217.05153860438588;;;;;;;
2022-11-21 12:00:00;216.2431572262143;;;;;;;
2022-11-21 13:00:00;214.10948581396994;;;;;;;
2022-11-21 14:00:00;214.15730555746742;;;;;;;
2022-11-21 15:00:00;200.18710906427717;;;;;;;
2022-11-21 16:00:00;226.0279875980543;;;;;;;
2022-11-21 17:00:00;275.1138157328887;;;;;;;
2022-11-21 18:00:00;273.1144950285658;;;;;;;
2022-11-21 19:00:00;239.12148879379092;;;;;;;
2022-11-21 20:00:00;246.5289947746137;;;;;;;
2022-11-21 21:00:00;178.11032748294394;;;;;;;
2022-11-21 22:00:00;157.56150056288706;;;;;;;
2022-11-21 23:00:00;158.8116452857496;;;;;;;
2022-11-22 00:00:00;145.3583574484606;;;;;;;
2022-11-22 01:00:00;114.35522374759913;;;;;;;
2022-11-22 02:00:00;93.5103698439865;;;;;;;
2022-11-22 03:00:00;93.84283091782609;;;;;;;
2022-11-22 04:00:00;98.54510569507757;;;;;;;
2022-11-22 05:00:00;116.44107541634604;;;;;;;
2022-11-22 06:00:00;113.96811153833384;;;;;;;
2022-11-22 07:00:00;1188.4185425298344;;;;;;;
2022-11-22 08:00:00;1179.0754755026853;;;;;;;
2022-11-22 09:00:00;141.755936771651;;;;;;;
2022-11-22 10:00:00;169.08378161513528;;;;;;;
2022-11-22 11:00:00;177.43629681269383;;;;;;;
2022-11-22 12:00:00;132.5039549702114;;;;;;;
2022-11-22 13:00:00;208.16617483642693;;;;;;;
2022-11-22 14:00:00;233.9410165815647;;;;;;;
2022-11-22 15:00:00;242.77400634474077;;;;;;;
2022-11-22 16:00:00;231.24717103120707;;;;;;;
2022-11-22 17:00:00;253.68601638473547;;;;;;;
2022-11-22 18:00:00;244.49096284936428;;;;;;;
2022-11-22 19:00:00;214.21651095417857;;;;;;;
2022-11-22 20:00:00;193.74738360661752;;;;;;;
2022-11-22 21:00:00;161.50776796674998;;;;;;;
2022-11-22 22:00:00;71.76604933649284;;;;;;;
2022-11-22 23:00:00;0.0;;;;;;;
2022-11-23 00:00:00;0.0;;;;;;;
2022-11-23 01:00:00;0.0;;;;;;;
2022-11-23 02:00:00;0.0;;;;;;;
2022-11-23 03:00:00;0.0;;;;;;;
2022-11-23 04:00:00;0.0;;;;;;;
2022-11-23 05:00:00;0.0;;;;;;;
2022-11-23 06:00:00;0.0;;;;;;;
2022-11-23 07:00:00;0.0;;;;;;;
2022-11-23 08:00:00;0.0;;;;;;;
2022-11-23 09:00:00;0.0;;;;;;;
2022-11-23 10:00:00;0.0;;;;;;;
2022-11-23 11:00:00;0.0;;;;;;;
2022-11-23 12:00:00;0.0;;;;;;;
2022-11-23 13:00:00;0.0;;;;;;;
2022-11-23 14:00:00;0.0;;;;;;;
2022-11-23 15:00:00;0.0;;;;;;;
2022-11-23 16:00:00;0.0;;;;;;;
2022-11-23 17:00:00;0.0;;;;;;;
2022-11-23 18:00:00;0.0;;;;;;;
2022-11-23 19:00:00;0.0;;;;;;;
2022-11-23 20:00:00;0.0;;;;;;;
2022-11-23 21:00:00;0.0;;;;;;;
2022-11-23 22:00:00;0.0;;;;;;;
2022-11-23 23:00:00;0.0;;;;;;;
2022-11-24 00:00:00;0.0;;;;;;;
2022-11-24 01:00:00;0.0;;;;;;;
2022-11-24 02:00:00;0.0;;;;;;;
2022-11-24 03:00:00;0.0;;;;;;;
2022-11-24 04:00:00;0.0;;;;;;;
2022-11-24 05:00:00;0.0;;;;;;;
2022-11-24 06:00:00;0.0;;;;;;;
2022-11-24 07:00:00;0.0;;;;;;;
2022-11-24 08:00:00;0.0;;;;;;;
2022-11-24 09:00:00;0.0;;;;;;;
2022-11-24 10:00:00;0.0;;;;;;;
2022-11-24 11:00:00;0.0;;;;;;;
2022-11-24 12:00:00;0.0;;;;;;;
2022-11-24 13:00:00;0.0;;;;;;;
2022-11-24 14:00:00;0.0;;;;;;;
2022-11-24 15:00:00;953.4938055106078;;;;;;;
2022-11-24 16:00:00;976.8480573825159;;;;;;;
2022-11-24 17:00:00;988.1540110237042;;;;;;;
2022-11-24 18:00:00;1004.1121425680037;;;;;;;
2022-11-24 19:00:00;1002.0513393363269;;;;;;;
2022-11-24 20:00:00;1001.6004674690649;;;;;;;
2022-11-24 21:00:00;1008.5366074068411;;;;;;;
2022-11-24 22:00:00;994.4958198637263;;;;;;;
2022-11-24 23:00:00;992.1230497339945;;;;;;;
2022-11-25 00:00:00;978.3441322147943;;;;;;;
2022-11-25 01:00:00;982.5887037328556;;;;;;;
2022-11-25 02:00:00;979.0705368898272;;;;;;;
2022-11-25 03:00:00;971.3806667093049;;;;;;;
2022-11-25 04:00:00;978.4670972695017;;;;;;;
2022-11-25 05:00:00;995.2131160161883;;;;;;;
2022-11-25 06:00:00;1053.2093563560518;;;;;;;
2022-11-25 07:00:00;1115.3294802899115;;;;;;;
2022-11-25 08:00:00;1148.8397348284261;;;;;;;
2022-11-25 09:00:00;1170.2834740910782;;;;;;;
2022-11-25 10:00:00;1163.7503862770664;;;;;;;
2022-11-25 11:00:00;1157.4814456176125;;;;;;;
2022-11-25 12:00:00;1139.5991386802002;;;;;;;
2022-11-25 13:00:00;1146.5102301809063;;;;;;;
2022-11-25 14:00:00;1153.6786374442418;;;;;;;
2022-11-25 15:00:00;1196.2336548957066;;;;;;;
2022-11-25 16:00:00;1202.2794367521733;;;;;;;
2022-11-25 17:00:00;1208.3775926134226;;;;;;;
2022-11-25 18:00:00;1203.6001725249605;;;;;;;
2022-11-25 19:00:00;184.7549946984499;;;;;;;
2022-11-25 20:00:00;181.70363963718262;;;;;;;
2022-11-25 21:00:00;167.3235596282997;;;;;;;
2022-11-25 22:00:00;158.74333136646752;;;;;;;
2022-11-25 23:00:00;143.06756402186735;;;;;;;
2022-11-26 00:00:00;141.8925646102152;;;;;;;
2022-11-26 01:00:00;144.43839666879492;;;;;;;
2022-11-26 02:00:00;123.82125582945599;;;;;;;
2022-11-26 03:00:00;103.39311683346419;;;;;;;
2022-11-26 04:00:00;104.35634309534184;;;;;;;
2022-11-26 05:00:00;104.71612973689427;;;;;;;
2022-11-26 06:00:00;137.83016354357278;;;;;;;
2022-11-26 07:00:00;148.9402839494856;;;;;;;
2022-11-26 08:00:00;169.25684354398328;;;;;;;
2022-11-26 09:00:00;168.3118343272475;;;;;;;
2022-11-26 10:00:00;188.4667176461109;;;;;;;
2022-11-26 11:00:00;188.49859747510925;;;;;;;
2022-11-26 12:00:00;185.99830802938422;;;;;;;
2022-11-26 13:00:00;181.2960332521327;;;;;;;
2022-11-26 14:00:00;188.4667176461109;;;;;;;
2022-11-26 15:00:00;195.11593912290235;;;;;;;
2022-11-26 16:00:00;211.02625092370428;;;;;;;
2022-11-26 17:00:00;228.15710474901323;;;;;;;
2022-11-26 18:00:00;208.89257951145996;;;;;;;
2022-11-26 19:00:00;185.74326939739765;;;;;;;
2022-11-26 20:00:00;186.7748095785574;;;;;;;
2022-11-26 21:00:00;157.92128720443952;;;;;;;
2022-11-26 22:00:00;161.61934736824406;;;;;;;
2022-11-26 23:00:00;138.81388398123508;;;;;;;
2022-11-27 00:00:00;66.88160410782243;;;;;;;
2022-11-27 01:00:00;0.0;;;;;;;
2022-11-27 02:00:00;0.0;;;;;;;
2022-11-27 03:00:00;0.0;;;;;;;
2022-11-27 04:00:00;0.0;;;;;;;
2022-11-27 05:00:00;0.0;;;;;;;
2022-11-27 06:00:00;0.0;;;;;;;
2022-11-27 07:00:00;1045.897489862224;;;;;;;
2022-11-27 08:00:00;1070.069231634875;;;;;;;
2022-11-27 09:00:00;1096.75720276775;;;;;;;
2022-11-27 10:00:00;1116.8210008609042;;;;;;;
2022-11-27 11:00:00;1125.458157388805;;;;;;;
2022-11-27 12:00:00;1140.8766089707758;;;;;;;
2022-11-27 13:00:00;1174.4210204689314;;;;;;;
2022-11-27 14:00:00;1180.6489727768164;;;;;;;
2022-11-27 15:00:00;1205.6359273195676;;;;;;;
2022-11-27 16:00:00;1158.8773267016102;;;;;;;
2022-11-27 17:00:00;1210.5431438546648;;;;;;;
2022-11-27 18:00:00;1190.6660704742153;;;;;;;
2022-11-27 19:00:00;1163.219814837309;;;;;;;
2022-11-27 20:00:00;1180.7947091379517;;;;;;;
2022-11-27 21:00:00;1069.8847840528135;;;;;;;
2022-11-27 22:00:00;991.8042514440112;;;;;;;
2022-11-27 23:00:00;939.6260798963401;;;;;;;
2022-11-28 00:00:00;877.8247542524637;;;;;;;
2022-11-28 01:00:00;832.9174608470514;;;;;;;
2022-11-28 02:00:00;857.8269929479492;;;;;;;
2022-11-28 03:00:00;805.3163603264388;;;;;;;
2022-11-28 04:00:00;799.2546385554734;;;;;;;
2022-11-28 05:00:00;848.381455041877;;;;;;;
2022-11-28 06:00:00;890.2761046069486;;;;;;;
2022-11-28 07:00:00;926.9675106533666;;;;;;;
2022-11-28 08:00:00;1037.8683272159337;;;;;;;
2022-11-28 09:00:00;1114.0474557380505;;;;;;;
2022-11-28 10:00:00;1159.0435572385295;;;;;;;
2022-11-28 11:00:00;1134.8672612045932;;;;;;;
2022-11-28 12:00:00;1162.5139043380602;;;;;;;
2022-11-28 13:00:00;1183.9029924652875;;;;;;;
2022-11-28 14:00:00;1177.6294975445478;;;;;;;
2022-11-28 15:00:00;1190.7366615241403;;;;;;;
2022-11-28 16:00:00;1181.5757649484106;;;;;;;
2022-11-28 17:00:00;1178.9206306189794;;;;;;;
2022-11-28 18:00:00;1187.6465952419467;;;;;;;
2022-11-28 19:00:00;1179.9385080162824;;;;;;;
2022-11-28 20:00:00;1170.5795010746344;;;;;;;
2022-11-28 21:00:00;1123.4793308602661;;;;;;;
2022-11-28 22:00:00;1048.9397364009203;;;;;;;
2022-11-28 23:00:00;999.6261952018117;;;;;;;
2022-11-29 00:00:00;990.9503274529849;;;;;;;
2022-11-29 01:00:00;999.6466893775969;;;;;;;
2022-11-29 02:00:00;1003.9846232520104;;;;;;;
2022-11-29 03:00:00;992.8699485848119;;;;;;;
2022-11-29 04:00:00;999.7172804275217;;;;;;;
2022-11-29 05:00:00;1007.493681572468;;;;;;;
2022-11-29 06:00:00;1054.4321755112014;;;;;;;
2022-11-29 07:00:00;1096.1423774942111;;;;;;;
2022-11-29 08:00:00;1141.270552571969;;;;;;;
2022-11-29 09:00:00;1132.2622237493024;;;;;;;
2022-11-29 10:00:00;1129.8575737905724;;;;;;;
2022-11-29 11:00:00;1129.5251127167326;;;;;;;
2022-11-29 12:00:00;1180.929059845873;;;;;;;
2022-11-29 13:00:00;1207.8720696107348;;;;;;;
2022-11-29 14:00:00;1212.7906717990465;;;;;;;
2022-11-29 15:00:00;1214.9038490355065;;;;;;;
2022-11-29 16:00:00;1249.4524751471088;;;;;;;
2022-11-29 17:00:00;1273.59916848269;;;;;;;
2022-11-29 18:00:00;807.4614173918968;;;;;;;
2022-11-29 19:00:00;724.516933730209;;;;;;;
2022-11-29 20:00:00;1238.2262210784168;;;;;;;
2022-11-29 21:00:00;1199.7700387838775;;;;;;;
2022-11-29 22:00:00;145.62022747237535;;;;;;;
2022-11-29 23:00:00;1115.43650543012;;;;;;;
2022-11-30 00:00:00;1065.4580420833329;;;;;;;
2022-11-30 01:00:00;1060.8400211398628;;;;;;;
2022-11-30 02:00:00;1055.5092583052158;;;;;;;
2022-11-30 03:00:00;1041.4001568428187;;;;;;;
2022-11-30 04:00:00;1022.0126665505577;;;;;;;
2022-11-30 05:00:00;980.2295963869802;;;;;;;
2022-11-30 06:00:00;993.7990178870486;;;;;;;
2022-11-30 07:00:00;1050.818369181178;;;;;;;
2022-11-30 08:00:00;1093.1957704425097;;;;;;;
2022-11-30 09:00:00;679.1268886285364;;;;;;;
2022-11-30 10:00:00;75.65538847428729;;;;;;;
2022-11-30 11:00:00;79.32612307037901;;;;;;;
2022-11-30 12:00:00;1083.8527034153603;;;;;;;
2022-11-30 13:00:00;1077.0395285322925;;;;;;;
2022-11-30 14:00:00;1074.0678730435206;;;;;;;
2022-11-30 15:00:00;1078.833907478769;;;;;;;
2022-11-30 16:00:00;1076.0466995720592;;;;;;;
2022-11-30 17:00:00;1072.1323119971944;;;;;;;
2022-11-30 18:00:00;1080.7170945203125;;;;;;;
2022-11-30 19:00:00;1089.8347256138304;;;;;;;
2022-11-30 20:00:00;1089.8939310105416;;;;;;;
2022-11-30 21:00:00;1103.991646819725;;;;;;;
2022-11-30 22:00:00;1103.2037596173382;;;;;;;
2022-11-30 23:00:00;1092.4033289788372;;;;;;;
2022-12-01 00:00:00;1090.772903438638;;;;;;;
2022-12-01 01:00:00;1047.6007835829912;;;;;;;
2022-12-01 02:00:00;1018.5764764106677;;;;;;;
2022-12-01 03:00:00;1007.0496410971342;;;;;;;
2022-12-01 04:00:00;985.9952911743898;;;;;;;
2022-12-01 05:00:00;987.5687884485209;;;;;;;
2022-12-01 06:00:00;1005.4966379987878;;;;;;;
2022-12-01 07:00:00;1038.4467183991892;;;;;;;
2022-12-01 08:00:00;1062.9577526376079;;;;;;;
2022-12-01 09:00:00;1095.324887593469;;;;;;;
2022-12-01 10:00:00;1121.839796797496;;;;;;;
2022-12-01 11:00:00;1152.4535411584495;;;;;;;
2022-12-01 12:00:00;1160.2549907404657;;;;;;;
2022-12-01 13:00:00;1153.2118256624806;;;;;;;
2022-12-01 14:00:00;1158.4697203165595;;;;;;;
2022-12-01 15:00:00;1166.0502882262306;;;;;;;
2022-12-01 16:00:00;1168.0086205789844;;;;;;;
2022-12-01 17:00:00;1174.343598027078;;;;;;;
2022-12-01 18:00:00;1182.0334682076007;;;;;;;
2022-12-01 19:00:00;1173.6718444874707;;;;;;;
2022-12-01 20:00:00;1175.5869113580127;;;;;;;
2022-12-01 21:00:00;1182.5276055570744;;;;;;;
2022-12-01 22:00:00;1155.5663787470705;;;;;;;
2022-12-01 23:00:00;1126.5352401828186;;;;;;;
2022-12-02 00:00:00;1105.886219514482;;;;;;;
2022-12-02 01:00:00;1063.8777134172738;;;;;;;
2022-12-02 02:00:00;1077.5291116204805;;;;;;;
2022-12-02 03:00:00;1049.0968584152686;;;;;;;
2022-12-02 04:00:00;1035.2063614945746;;;;;;;
2022-12-02 05:00:00;1071.783911008856;;;;;;;
2022-12-02 06:00:00;1124.0326736064517;;;;;;;
2022-12-02 07:00:00;1178.9889445382607;;;;;;;
2022-12-02 08:00:00;1188.1430097220634;;;;;;;
2022-12-02 09:00:00;1158.082608107295;;;;;;;
2022-12-02 10:00:00;1140.84700627242;;;;;;;
2022-12-02 11:00:00;1136.659363020427;;;;;;;
2022-12-02 12:00:00;1164.2946205006808;;;;;;;
2022-12-02 13:00:00;1181.2592437890698;;;;;;;
2022-12-02 14:00:00;1150.322146876848;;;;;;;
2022-12-02 15:00:00;1141.846666624581;;;;;;;
2022-12-02 16:00:00;1166.1800846728668;;;;;;;
2022-12-02 17:00:00;1158.1987417700743;;;;;;;
2022-12-02 18:00:00;1219.3283138743438;;;;;;;
2022-12-02 19:00:00;1182.2293014428756;;;;;;;
2022-12-02 20:00:00;1153.0091610352772;;;;;;;
2022-12-02 21:00:00;1154.5393928271965;;;;;;;
2022-12-02 22:00:00;1169.174511468066;;;;;;;
2022-12-02 23:00:00;1202.215677094177;;;;;;;
2022-12-03 00:00:00;189.74418793668622;;;;;;;
2022-12-03 01:00:00;199.62921205680664;;;;;;;
2022-12-03 02:00:00;190.79166803234517;;;;;;;
2022-12-03 03:00:00;161.28460916376176;;;;;;;
2022-12-03 04:00:00;178.45417420999723;;;;;;;
2022-12-03 05:00:00;1200.7036623473994;;;;;;;
2022-12-03 06:00:00;1241.751219313373;;;;;;;
2022-12-03 07:00:00;1220.935968108116;;;;;;;
2022-12-03 08:00:00;1176.1038200139133;;;;;;;
2022-12-03 09:00:00;1173.3188892378469;;;;;;;
2022-12-03 10:00:00;1171.7317291798593;;;;;;;
2022-12-03 11:00:00;135.70560065389932;;;;;;;
2022-12-03 12:00:00;120.53763344262954;;;;;;;
2022-12-03 13:00:00;1138.2533544703429;;;;;;;
2022-12-03 14:00:00;1178.957064709263;;;;;;;
2022-12-03 15:00:00;1184.2741647600535;;;;;;;
2022-12-03 16:00:00;1164.6680699260896;;;;;;;
2022-12-03 17:00:00;1161.9719472450893;;;;;;;
2022-12-03 18:00:00;1143.9484582078278;;;;;;;
2022-12-03 19:00:00;1114.9469223419317;;;;;;;
2022-12-03 20:00:00;1120.7968709631227;;;;;;;
2022-12-03 21:00:00;1120.0203694139493;;;;;;;
2022-12-03 22:00:00;1106.482827742879;;;;;;;
2022-12-03 23:00:00;1125.1575761439635;;;;;;;
2022-12-04 00:00:00;1113.3142196710894;;;;;;;
2022-12-04 01:00:00;1088.3568678266943;;;;;;;
2022-12-04 02:00:00;1064.3968992038172;;;;;;;
2022-12-04 03:00:00;1068.2930697335403;;;;;;;
2022-12-04 04:00:00;76.66643447966244;;;;;;;
2022-12-04 05:00:00;457.17496488098095;;;;;;;
2022-12-04 06:00:00;1149.9600831046525;;;;;;;
2022-12-04 07:00:00;1122.7278777481633;;;;;;;
2022-12-04 08:00:00;1140.2640608278793;;;;;;;
2022-12-04 09:00:00;138.4700372541818;;;;;;;
2022-12-04 10:00:00;119.52658743725438;;;;;;;
2022-12-04 11:00:00;112.98211397002883;;;;;;;
2022-12-04 12:00:00;112.48114522862677;;;;;;;
2022-12-04 13:00:00;112.71341255418591;;;;;;;
2022-12-04 14:00:00;97.06497077729864;;;;;;;
2022-12-04 15:00:00;127.48743616426223;;;;;;;
2022-12-04 16:00:00;168.4416307738835;;;;;;;
2022-12-04 17:00:00;172.38106678581815;;;;;;;
2022-12-04 18:00:00;199.5517896149536;;;;;;;
2022-12-04 19:00:00;157.86663606901382;;;;;;;
2022-12-04 20:00:00;150.06290935635482;;;;;;;
2022-12-04 21:00:00;136.4297281982896;;;;;;;
2022-12-04 22:00:00;119.56757578882363;;;;;;;
2022-12-04 23:00:00;111.27654311861899;;;;;;;
2022-12-05 00:00:00;90.31783268286952;;;;;;;
2022-12-05 01:00:00;112.77489508153981;;;;;;;
2022-12-05 02:00:00;106.52872572851278;;;;;;;
2022-12-05 03:00:00;94.13430364009638;;;;;;;
2022-12-05 04:00:00;117.02857512217214;;;;;;;
2022-12-05 05:00:00;132.71345098934316;;;;;;;
2022-12-05 06:00:00;180.12786523240874;;;;;;;
2022-12-05 07:00:00;171.13092206295568;;;;;;;
2022-12-05 08:00:00;190.2815907683721;;;;;;;
2022-12-05 09:00:00;182.43915283478657;;;;;;;
2022-12-05 10:00:00;177.82113189131638;;;;;;;
2022-12-05 11:00:00;171.08537945010093;;;;;;;
2022-12-05 12:00:00;141.82652782157584;;;;;;;
2022-12-05 13:00:00;141.52366944609184;;;;;;;
2022-12-05 14:00:00;150.06290935635482;;;;;;;
2022-12-05 15:00:00;172.71352785965775;;;;;;;
2022-12-05 16:00:00;1138.7975886939569;;;;;;;
2022-12-05 17:00:00;1113.776477191565;;;;;;;
2022-12-05 18:00:00;98.60886535307421;;;;;;;
2022-12-05 19:00:00;1118.8886354845092;;;;;;;
2022-12-05 20:00:00;1033.5668274318043;;;;;;;
2022-12-05 21:00:00;972.9837666817915;;;;;;;
2022-12-05 22:00:00;930.9274408410859;;;;;;;
2022-12-05 23:00:00;915.370084289908;;;;;;;
2022-12-06 00:00:00;849.7932760403739;;;;;;;
2022-12-06 01:00:00;914.0561799090489;;;;;;;
2022-12-06 02:00:00;833.716733702652;;;;;;;
2022-12-06 03:00:00;821.9120884507045;;;;;;;
2022-12-06 04:00:00;769.8363877819565;;;;;;;
2022-12-06 05:00:00;772.6076557741675;;;;;;;
2022-12-06 06:00:00;826.3524932040413;;;;;;;
2022-12-06 07:00:00;915.9188727748076;;;;;;;
2022-12-06 08:00:00;1007.7305031593122;;;;;;;
2022-12-06 09:00:00;1013.5599576047184;;;;;;;
2022-12-06 10:00:00;1007.6098152352474;;;;;;;
2022-12-06 11:00:00;994.739472842499;;;;;;;
2022-12-06 12:00:00;10.263027806814735;;;;;;;
2022-12-06 13:00:00;61.55539553446105;;;;;;;
2022-12-06 14:00:00;55.4936737634957;;;;;;;
2022-12-06 15:00:00;56.4272973270178;;;;;;;
2022-12-06 16:00:00;53.799488565299534;;;;;;;
2022-12-06 17:00:00;40.9746887854059;;;;;;;
2022-12-06 18:00:00;27.00221516157292;;;;;;;
2022-12-06 19:00:00;1050.4358112331984;;;;;;;
2022-12-06 20:00:00;995.0559940018395;;;;;;;
2022-12-06 21:00:00;953.6987472684538;;;;;;;
2022-12-06 22:00:00;903.1191214319841;;;;;;;
2022-12-06 23:00:00;658.2137208056417;;;;;;;
2022-12-07 00:00:00;342.58519667717997;;;;;;;
2022-12-07 01:00:00;391.90329213757343;;;;;;;
2022-12-07 02:00:00;806.8352064651441;;;;;;;
2022-12-07 03:00:00;755.9823249515458;;;;;;;
2022-12-07 04:00:00;745.2137741420437;;;;;;;
2022-12-07 05:00:00;741.638679032947;;;;;;;
2022-12-07 06:00:00;776.2305706267615;;;;;;;
2022-12-07 07:00:00;889.2582272096452;;;;;;;
2022-12-07 08:00:00;903.7248381829521;;;;;;;
2022-12-07 09:00:00;919.2639776889879;;;;;;;
2022-12-07 10:00:00;926.3025885056874;;;;;;;
2022-12-07 11:00:00;0.0;;;;;;;
2022-12-07 12:00:00;0.0;;;;;;;
2022-12-07 13:00:00;0.0;;;;;;;
2022-12-07 14:00:00;0.0;;;;;;;
2022-12-07 15:00:00;0.0;;;;;;;
2022-12-07 16:00:00;0.0;;;;;;;
2022-12-07 17:00:00;0.0;;;;;;;
2022-12-07 18:00:00;0.0;;;;;;;
2022-12-07 19:00:00;0.0;;;;;;;
2022-12-07 20:00:00;0.0;;;;;;;
2022-12-07 21:00:00;0.0;;;;;;;
2022-12-07 22:00:00;0.0;;;;;;;
2022-12-07 23:00:00;0.0;;;;;;;
2022-12-08 00:00:00;0.0;;;;;;;
2022-12-08 01:00:00;0.0;;;;;;;
2022-12-08 02:00:00;0.0;;;;;;;
2022-12-08 03:00:00;0.0;;;;;;;
2022-12-08 04:00:00;0.0;;;;;;;
2022-12-08 05:00:00;0.0;;;;;;;
2022-12-08 06:00:00;0.0;;;;;;;
2022-12-08 07:00:00;0.0;;;;;;;
2022-12-08 08:00:00;0.0;;;;;;;
2022-12-08 09:00:00;0.0;;;;;;;
2022-12-08 10:00:00;0.0;;;;;;;
2022-12-08 11:00:00;0.0;;;;;;;
2022-12-08 12:00:00;0.0;;;;;;;
2022-12-08 13:00:00;0.0;;;;;;;
2022-12-08 14:00:00;0.0;;;;;;;
2022-12-08 15:00:00;782.9982028969754;;;;;;;
2022-12-08 16:00:00;803.4650531138938;;;;;;;
2022-12-08 17:00:00;806.8352064651441;;;;;;;
2022-12-08 18:00:00;835.8435737229682;;;;;;;
2022-12-08 19:00:00;837.6652782371577;;;;;;;
2022-12-08 20:00:00;833.6279256075852;;;;;;;
2022-12-08 21:00:00;798.5578365787959;;;;;;;
2022-12-08 22:00:00;764.4168168522431;;;;;;;
2022-12-08 23:00:00;760.2519449066775;;;;;;;
2022-12-09 00:00:00;739.6006471076976;;;;;;;
2022-12-09 01:00:00;776.1212683559103;;;;;;;
2022-12-09 02:00:00;774.1265019128728;;;;;;;
2022-12-09 03:00:00;785.8628332455382;;;;;;;
2022-12-09 04:00:00;758.8970521742488;;;;;;;
2022-12-09 05:00:00;775.7956386739988;;;;;;;
2022-12-09 06:00:00;824.3486182384329;;;;;;;
2022-12-09 07:00:00;897.2646185495078;;;;;;;
2022-12-09 08:00:00;1005.5786147019261;;;;;;;
2022-12-09 09:00:00;1068.174658940118;;;;;;;
2022-12-09 10:00:00;1068.222478683615;;;;;;;
2022-12-09 11:00:00;1063.727422794853;;;;;;;
2022-12-09 12:00:00;1090.0351131103912;;;;;;;
2022-12-09 13:00:00;297.12228339493987;;;;;;;
2022-12-09 14:00:00;162.40495743998824;;;;;;;
2022-12-09 15:00:00;1168.1794053771896;;;;;;;
2022-12-09 16:00:00;1178.8158826094136;;;;;;;
2022-12-09 17:00:00;1183.916655249144;;;;;;;
2022-12-09 18:00:00;1181.6144761693372;;;;;;;
2022-12-09 19:00:00;1105.9636419563349;;;;;;;
2022-12-09 20:00:00;1105.9522563031207;;;;;;;
2022-12-09 21:00:00;71.13983840974022;;;;;;;
2022-12-09 22:00:00;34.75356786944897;;;;;;;
2022-12-09 23:00:00;0.3256296819113617;;;;;;;
2022-12-10 00:00:00;0.0;;;;;;;
2022-12-10 01:00:00;0.0;;;;;;;
2022-12-10 02:00:00;0.0;;;;;;;
2022-12-10 03:00:00;0.0;;;;;;;
2022-12-10 04:00:00;0.0;;;;;;;
2022-12-10 05:00:00;0.0;;;;;;;
2022-12-10 06:00:00;23.873437658452566;;;;;;;
2022-12-10 07:00:00;92.58357767239265;;;;;;;
2022-12-10 08:00:00;128.83094324347695;;;;;;;
2022-12-10 09:00:00;143.05845549929643;;;;;;;
2022-12-10 10:00:00;159.62002666392115;;;;;;;
2022-12-10 11:00:00;168.49855903995194;;;;;;;
2022-12-10 12:00:00;160.01169313447187;;;;;;;
2022-12-10 13:00:00;172.69531081451584;;;;;;;
2022-12-10 14:00:00;182.8923018326912;;;;;;;
2022-12-10 15:00:00;199.11913479283365;;;;;;;
2022-12-10 16:00:00;192.540504365967;;;;;;;
2022-12-10 17:00:00;190.66187158570918;;;;;;;
2022-12-10 18:00:00;235.64886456361728;;;;;;;
2022-12-10 19:00:00;133.36698748380866;;;;;;;
2022-12-10 20:00:00;114.45997175716505;;;;;;;
2022-12-10 21:00:00;64.53615954580351;;;;;;;
2022-12-10 22:00:00;34.65565125181129;;;;;;;
2022-12-10 23:00:00;0.0;;;;;;;
2022-12-11 00:00:00;0.0;;;;;;;
2022-12-11 01:00:00;0.0;;;;;;;
2022-12-11 02:00:00;0.0;;;;;;;
2022-12-11 03:00:00;0.0;;;;;;;
2022-12-11 04:00:00;0.0;;;;;;;
2022-12-11 05:00:00;0.0;;;;;;;
2022-12-11 06:00:00;0.0;;;;;;;
2022-12-11 07:00:00;0.0;;;;;;;
2022-12-11 08:00:00;0.0;;;;;;;
2022-12-11 09:00:00;0.0;;;;;;;
2022-12-11 10:00:00;0.0;;;;;;;
2022-12-11 11:00:00;0.0;;;;;;;
2022-12-11 12:00:00;0.0;;;;;;;
2022-12-11 13:00:00;62.07685845164779;;;;;;;
2022-12-11 14:00:00;172.0987025861188;;;;;;;
2022-12-11 15:00:00;221.62629406564412;;;;;;;
2022-12-11 16:00:00;227.60831626411365;;;;;;;
2022-12-11 17:00:00;233.60172411579688;;;;;;;
2022-12-11 18:00:00;173.04826606414005;;;;;;;
2022-12-11 19:00:00;192.70445777224404;;;;;;;
2022-12-11 20:00:00;226.41054554603406;;;;;;;
2022-12-11 21:00:00;349.4757940021015;;;;;;;
2022-12-11 22:00:00;133.822413612356;;;;;;;
2022-12-11 23:00:00;116.04030042322438;;;;;;;
2022-12-12 00:00:00;83.12437698246399;;;;;;;
2022-12-12 01:00:00;123.15405655113409;;;;;;;
2022-12-12 02:00:00;129.9740628261308;;;;;;;
2022-12-12 03:00:00;143.9169337516082;;;;;;;
2022-12-12 04:00:00;1151.975343723475;;;;;;;
2022-12-12 05:00:00;1150.0648311142186;;;;;;;
2022-12-12 06:00:00;1160.7240796528697;;;;;;;
2022-12-12 07:00:00;1111.0530289428516;;;;;;;
2022-12-12 08:00:00;1119.364555788841;;;;;;;
2022-12-12 09:00:00;1142.320309798271;;;;;;;
2022-12-12 10:00:00;1171.6315354315789;;;;;;;
2022-12-12 11:00:00;1200.5556488556215;;;;;;;
2022-12-12 12:00:00;1214.1022990492627;;;;;;;
2022-12-12 13:00:00;1202.0130124669731;;;;;;;
2022-12-12 14:00:00;1211.1556919975615;;;;;;;
2022-12-12 15:00:00;1214.4507000376016;;;;;;;
2022-12-12 16:00:00;1210.1924657356838;;;;;;;
2022-12-12 17:00:00;1201.7215397447028;;;;;;;
2022-12-12 18:00:00;1203.85748828759;;;;;;;
2022-12-12 19:00:00;1197.8618033052635;;;;;;;
2022-12-12 20:00:00;1177.3334705609916;;;;;;;
2022-12-12 21:00:00;1104.4630128627714;;;;;;;
2022-12-12 22:00:00;1022.8802533254404;;;;;;;
2022-12-12 23:00:00;962.2357100480741;;;;;;;
2022-12-13 00:00:00;927.8624229959621;;;;;;;
2022-12-13 01:00:00;862.3129403141407;;;;;;;
2022-12-13 02:00:00;791.5898168120214;;;;;;;
2022-12-13 03:00:00;807.5206227886081;;;;;;;
2022-12-13 04:00:00;788.4655935701865;;;;;;;
2022-12-13 05:00:00;792.5985856867536;;;;;;;
2022-12-13 06:00:00;859.6031548492839;;;;;;;
2022-12-13 07:00:00;962.6455935637667;;;;;;;
2022-12-13 08:00:00;1061.0085288074251;;;;;;;
2022-12-13 09:00:00;1117.6794791132163;;;;;;;
2022-12-13 10:00:00;1136.4066015190833;;;;;;;
2022-12-13 11:00:00;1163.3905996355145;;;;;;;
2022-12-13 12:00:00;1166.630956540129;;;;;;;
2022-12-13 13:00:00;1202.6847660065805;;;;;;;
2022-12-13 14:00:00;1208.2842302570702;;;;;;;
2022-12-13 15:00:00;1209.6049660298575;;;;;;;
2022-12-13 16:00:00;1214.0112138235534;;;;;;;
2022-12-13 17:00:00;1203.7117519264548;;;;;;;
2022-12-13 18:00:00;1214.9972113918584;;;;;;;
2022-12-13 19:00:00;1203.1424692657706;;;;;;;
2022-12-13 20:00:00;1171.8934054554936;;;;;;;
2022-12-13 21:00:00;1070.0031948462358;;;;;;;
2022-12-13 22:00:00;998.3327849967378;;;;;;;
2022-12-13 23:00:00;981.969324198031;;;;;;;
2022-12-14 00:00:00;934.0903753038472;;;;;;;
2022-12-14 01:00:00;860.5823210256608;;;;;;;
2022-12-14 02:00:00;816.5448915257738;;;;;;;
2022-12-14 03:00:00;808.9438294403185;;;;;;;
2022-12-14 04:00:00;784.0388516007059;;;;;;;
2022-12-14 05:00:00;766.6119707918414;;;;;;;
2022-12-14 06:00:00;767.7095477616406;;;;;;;
2022-12-14 07:00:00;765.7216127105313;;;;;;;
2022-12-14 08:00:00;777.1664713209265;;;;;;;
2022-12-14 09:00:00;820.9010424453294;;;;;;;
2022-12-14 10:00:00;842.4609153707613;;;;;;;
2022-12-14 11:00:00;855.5248138681424;;;;;;;
2022-12-14 12:00:00;844.9543734245581;;;;;;;
2022-12-14 13:00:00;857.1301909712718;;;;;;;
2022-12-14 14:00:00;856.7066446717228;;;;;;;
2022-12-14 15:00:00;859.5781064122139;;;;;;;
2022-12-14 16:00:00;854.2063552259978;;;;;;;
2022-12-14 17:00:00;857.2850358549779;;;;;;;
2022-12-14 18:00:00;862.171758214291;;;;;;;
2022-12-14 19:00:00;845.050012911553;;;;;;;
2022-12-14 20:00:00;835.4154731621336;;;;;;;
2022-12-14 21:00:00;839.029279492157;;;;;;;
2022-12-14 22:00:00;832.6350966473522;;;;;;;
2022-12-14 23:00:00;826.2295281493334;;;;;;;
2022-12-15 00:00:00;824.052591254877;;;;;;;
2022-12-15 01:00:00;815.8685837248811;;;;;;;
2022-12-15 02:00:00;797.2279922834375;;;;;;;
2022-12-15 03:00:00;2.907895830774888;;;;;;;
2022-12-15 04:00:00;0.0;;;;;;;
2022-12-15 05:00:00;0.0;;;;;;;
2022-12-15 06:00:00;0.0;;;;;;;
2022-12-15 07:00:00;0.0;;;;;;;
2022-12-15 08:00:00;0.0;;;;;;;
2022-12-15 09:00:00;0.0;;;;;;;
2022-12-15 10:00:00;0.0;;;;;;;
2022-12-15 11:00:00;0.0;;;;;;;
2022-12-15 12:00:00;0.0;;;;;;;
2022-12-15 13:00:00;0.0;;;;;;;
2022-12-15 14:00:00;0.0;;;;;;;
2022-12-15 15:00:00;0.0;;;;;;;
2022-12-15 16:00:00;0.0;;;;;;;
2022-12-15 17:00:00;0.0;;;;;;;
2022-12-15 18:00:00;0.0;;;;;;;
2022-12-15 19:00:00;0.0;;;;;;;
2022-12-15 20:00:00;0.0;;;;;;;
2022-12-15 21:00:00;0.0;;;;;;;
2022-12-15 22:00:00;0.0;;;;;;;
2022-12-15 23:00:00;0.0;;;;;;;
2022-12-16 00:00:00;0.0;;;;;;;
2022-12-16 01:00:00;0.0;;;;;;;
2022-12-16 02:00:00;0.0;;;;;;;
2022-12-16 03:00:00;0.0;;;;;;;
2022-12-16 04:00:00;0.0;;;;;;;
2022-12-16 05:00:00;0.0;;;;;;;
2022-12-16 06:00:00;0.0;;;;;;;
2022-12-16 07:00:00;0.0;;;;;;;
2022-12-16 08:00:00;0.0;;;;;;;
2022-12-16 09:00:00;0.0;;;;;;;
2022-12-16 10:00:00;0.0;;;;;;;
2022-12-16 11:00:00;0.0;;;;;;;
2022-12-16 12:00:00;0.0;;;;;;;
2022-12-16 13:00:00;0.0;;;;;;;
2022-12-16 14:00:00;0.0;;;;;;;
2022-12-16 15:00:00;0.0;;;;;;;
2022-12-16 16:00:00;0.0;;;;;;;
2022-12-16 17:00:00;139.07575400514978;;;;;;;
2022-12-16 18:00:00;181.17534532806764;;;;;;;
2022-12-16 19:00:00;185.61347295076166;;;;;;;
2022-12-16 20:00:00;172.33552417296343;;;;;;;
2022-12-16 21:00:00;138.70913597166913;;;;;;;
2022-12-16 22:00:00;137.8210550210018;;;;;;;
2022-12-16 23:00:00;121.33918342887287;;;;;;;
2022-12-17 00:00:00;111.49514766032172;;;;;;;
2022-12-17 01:00:00;65.06900811620393;;;;;;;
2022-12-17 02:00:00;36.99198729125924;;;;;;;
2022-12-17 03:00:00;27.389327370838178;;;;;;;
2022-12-17 04:00:00;18.752170842937513;;;;;;;
2022-12-17 05:00:00;1046.9540784804537;;;;;;;
2022-12-17 06:00:00;1080.0430638500623;;;;;;;
2022-12-17 07:00:00;1167.6989308115724;;;;;;;
2022-12-17 08:00:00;1187.6648122870886;;;;;;;
2022-12-17 09:00:00;1230.4316028883284;;;;;;;
2022-12-17 10:00:00;1244.839008464924;;;;;;;
2022-12-17 11:00:00;1275.821647990001;;;;;;;
2022-12-17 12:00:00;1254.0158449551534;;;;;;;
2022-12-17 13:00:00;1264.4587660827442;;;;;;;
2022-12-17 14:00:00;1223.980491777455;;;;;;;
2022-12-17 15:00:00;1264.306198329681;;;;;;;
2022-12-17 16:00:00;1267.9359445742032;;;;;;;
2022-12-17 17:00:00;1273.8109416324644;;;;;;;
2022-12-17 18:00:00;1284.2880197196962;;;;;;;
2022-12-17 19:00:00;1244.4291249492314;;;;;;;
2022-12-17 20:00:00;1214.5691108310236;;;;;;;
2022-12-17 21:00:00;1172.1120099971963;;;;;;;
2022-12-17 22:00:00;1128.1292316327351;;;;;;;
2022-12-17 23:00:00;1084.153284660202;;;;;;;
2022-12-18 00:00:00;1066.4303768677817;;;;;;;
2022-12-18 01:00:00;1101.9946032460448;;;;;;;
2022-12-18 02:00:00;1074.8375432007658;;;;;;;
2022-12-18 03:00:00;1060.049856806833;;;;;;;
2022-12-18 04:00:00;1024.0393128225933;;;;;;;
2022-12-18 05:00:00;1013.5440176902196;;;;;;;
2022-12-18 06:00:00;1074.6121072671347;;;;;;;
2022-12-18 07:00:00;1081.1224237747197;;;;;;;
2022-12-18 08:00:00;1124.9754056925447;;;;;;;
2022-12-18 09:00:00;1168.8967015296519;;;;;;;
2022-12-18 10:00:00;1192.5469803851163;;;;;;;
2022-12-18 11:00:00;1204.6909181028316;;;;;;;
2022-12-18 12:00:00;1191.2717872251835;;;;;;;
2022-12-18 13:00:00;1191.4721747217445;;;;;;;
2022-12-18 14:00:00;1194.0863206996064;;;;;;;
2022-12-18 15:00:00;1187.307302776179;;;;;;;
2022-12-18 16:00:00;1233.0958457403299;;;;;;;
2022-12-18 17:00:00;1232.6108169134275;;;;;;;
2022-12-18 18:00:00;1288.4528916652619;;;;;;;
2022-12-18 19:00:00;1275.4937411774465;;;;;;;
2022-12-18 20:00:00;1251.0100325067408;;;;;;;
2022-12-18 21:00:00;1215.8306412071;;;;;;;
2022-12-18 22:00:00;1144.8069364601392;;;;;;;
2022-12-18 23:00:00;1065.346462681839;;;;;;;
2022-12-19 00:00:00;1028.6436709822074;;;;;;;
2022-12-19 01:00:00;897.2486786350086;;;;;;;
2022-12-19 02:00:00;780.5480103253907;;;;;;;
2022-12-19 03:00:00;756.3330030705276;;;;;;;
2022-12-19 04:00:00;738.2912969881238;;;;;;;
2022-12-19 05:00:00;733.4501172416655;;;;;;;
2022-12-19 06:00:00;751.8675498801206;;;;;;;
2022-12-19 07:00:00;836.112275138811;;;;;;;
2022-12-19 08:00:00;941.4159045815315;;;;;;;
2022-12-19 09:00:00;987.8989723917175;;;;;;;
2022-12-19 10:00:00;978.4921457065715;;;;;;;
2022-12-19 11:00:00;1011.2441157410552;;;;;;;
2022-12-19 12:00:00;1019.6353421595404;;;;;;;
2022-12-19 13:00:00;1012.6809851766222;;;;;;;
2022-12-19 14:00:00;1008.5593787132686;;;;;;;
2022-12-19 15:00:00;1007.3479452113328;;;;;;;
2022-12-19 16:00:00;1013.758067970637;;;;;;;
2022-12-19 17:00:00;1005.9566183886205;;;;;;;
2022-12-19 18:00:00;977.2829893352786;;;;;;;
2022-12-19 19:00:00;994.2430583623825;;;;;;;
2022-12-19 20:00:00;961.6231619051777;;;;;;;
2022-12-19 21:00:00;917.7542400728535;;;;;;;
2022-12-19 22:00:00;850.6540314233283;;;;;;;
2022-12-19 23:00:00;814.0491563413342;;;;;;;
2022-12-20 00:00:00;792.8354072735984;;;;;;;
2022-12-20 01:00:00;767.3657010345873;;;;;;;
2022-12-20 02:00:00;755.1944377491591;;;;;;;
2022-12-20 03:00:00;746.0927465701402;;;;;;;
2022-12-20 04:00:00;744.3917299800157;;;;;;;
2022-12-20 05:00:00;766.4707886919917;;;;;;;
2022-12-20 06:00:00;733.0447879872582;;;;;;;
2022-12-20 07:00:00;769.998064057591;;;;;;;
2022-12-20 08:00:00;830.0892645887723;;;;;;;
2022-12-20 09:00:00;876.8068768551603;;;;;;;
2022-12-20 10:00:00;903.7749350570922;;;;;;;
2022-12-20 11:00:00;917.0096183526786;;;;;;;
2022-12-20 12:00:00;915.3404815915524;;;;;;;
2022-12-20 13:00:00;911.4283711473306;;;;;;;
2022-12-20 14:00:00;923.5768631263313;;;;;;;
2022-12-20 15:00:00;916.8137851174031;;;;;;;
2022-12-20 16:00:00;913.1521590438824;;;;;;;
2022-12-20 17:00:00;922.5476000758144;;;;;;;
2022-12-20 18:00:00;919.6989096417507;;;;;;;
2022-12-20 19:00:00;903.3900999784697;;;;;;;
2022-12-20 20:00:00;901.6071066852069;;;;;;;
2022-12-20 21:00:00;92.8477248269501;;;;;;;
2022-12-20 22:00:00;0.0;;;;;;;
2022-12-20 23:00:00;0.0;;;;;;;
2022-12-21 00:00:00;0.0;;;;;;;
2022-12-21 01:00:00;0.0;;;;;;;
2022-12-21 02:00:00;0.0;;;;;;;
2022-12-21 03:00:00;0.0;;;;;;;
2022-12-21 04:00:00;0.0;;;;;;;
2022-12-21 05:00:00;0.0;;;;;;;
2022-12-21 06:00:00;0.0;;;;;;;
2022-12-21 07:00:00;0.0;;;;;;;
2022-12-21 08:00:00;0.0;;;;;;;
2022-12-21 09:00:00;0.0;;;;;;;
2022-12-21 10:00:00;0.0;;;;;;;
2022-12-21 11:00:00;0.0;;;;;;;
2022-12-21 12:00:00;0.0;;;;;;;
2022-12-21 13:00:00;0.0;;;;;;;
2022-12-21 14:00:00;0.0;;;;;;;
2022-12-21 15:00:00;0.0;;;;;;;
2022-12-21 16:00:00;0.0;;;;;;;
2022-12-21 17:00:00;0.0;;;;;;;
2022-12-21 18:00:00;0.0;;;;;;;
2022-12-21 19:00:00;0.0;;;;;;;
2022-12-21 20:00:00;0.0;;;;;;;
2022-12-21 21:00:00;0.0;;;;;;;
2022-12-21 22:00:00;0.0;;;;;;;
2022-12-21 23:00:00;0.0;;;;;;;
2022-12-22 00:00:00;0.0;;;;;;;
2022-12-22 01:00:00;0.0;;;;;;;
2022-12-22 02:00:00;0.0;;;;;;;
2022-12-22 03:00:00;0.0;;;;;;;
2022-12-22 04:00:00;0.0;;;;;;;
2022-12-22 05:00:00;0.0;;;;;;;
2022-12-22 06:00:00;0.0;;;;;;;
2022-12-22 07:00:00;0.0;;;;;;;
2022-12-22 08:00:00;0.0;;;;;;;
2022-12-22 09:00:00;0.0;;;;;;;
2022-12-22 10:00:00;0.0;;;;;;;
2022-12-22 11:00:00;0.0;;;;;;;
2022-12-22 12:00:00;0.0;;;;;;;
2022-12-22 13:00:00;0.0;;;;;;;
2022-12-22 14:00:00;0.0;;;;;;;
2022-12-22 15:00:00;0.0;;;;;;;
2022-12-22 16:00:00;0.0;;;;;;;
2022-12-22 17:00:00;0.0;;;;;;;
2022-12-22 18:00:00;0.0;;;;;;;
2022-12-22 19:00:00;0.0;;;;;;;
2022-12-22 20:00:00;0.0;;;;;;;
2022-12-22 21:00:00;0.0;;;;;;;
2022-12-22 22:00:00;0.0;;;;;;;
2022-12-22 23:00:00;0.0;;;;;;;
2022-12-23 00:00:00;0.0;;;;;;;
2022-12-23 01:00:00;0.0;;;;;;;
2022-12-23 02:00:00;0.0;;;;;;;
2022-12-23 03:00:00;0.0;;;;;;;
2022-12-23 04:00:00;0.0;;;;;;;
2022-12-23 05:00:00;0.0;;;;;;;
2022-12-23 06:00:00;0.0;;;;;;;
2022-12-23 07:00:00;0.0;;;;;;;
2022-12-23 08:00:00;0.0;;;;;;;
2022-12-23 09:00:00;0.0;;;;;;;
2022-12-23 10:00:00;0.0;;;;;;;
2022-12-23 11:00:00;0.0;;;;;;;
2022-12-23 12:00:00;0.0;;;;;;;
2022-12-23 13:00:00;0.0;;;;;;;
2022-12-23 14:00:00;0.0;;;;;;;
2022-12-23 15:00:00;0.0;;;;;;;
2022-12-23 16:00:00;0.0;;;;;;;
2022-12-23 17:00:00;0.0;;;;;;;
2022-12-23 18:00:00;0.0;;;;;;;
2022-12-23 19:00:00;0.0;;;;;;;
2022-12-23 20:00:00;0.0;;;;;;;
2022-12-23 21:00:00;0.0;;;;;;;
2022-12-23 22:00:00;0.0;;;;;;;
2022-12-23 23:00:00;0.0;;;;;;;
2022-12-24 00:00:00;0.0;;;;;;;
2022-12-24 01:00:00;0.0;;;;;;;
2022-12-24 02:00:00;0.0;;;;;;;
2022-12-24 03:00:00;0.0;;;;;;;
2022-12-24 04:00:00;0.0;;;;;;;
2022-12-24 05:00:00;0.0;;;;;;;
2022-12-24 06:00:00;0.0;;;;;;;
2022-12-24 07:00:00;0.0;;;;;;;
2022-12-24 08:00:00;0.0;;;;;;;
2022-12-24 09:00:00;0.0;;;;;;;
2022-12-24 10:00:00;0.0;;;;;;;
2022-12-24 11:00:00;0.0;;;;;;;
2022-12-24 12:00:00;0.0;;;;;;;
2022-12-24 13:00:00;0.0;;;;;;;
2022-12-24 14:00:00;0.0;;;;;;;
2022-12-24 15:00:00;0.0;;;;;;;
2022-12-24 16:00:00;0.0;;;;;;;
2022-12-24 17:00:00;0.0;;;;;;;
2022-12-24 18:00:00;0.0;;;;;;;
2022-12-24 19:00:00;0.0;;;;;;;
2022-12-24 20:00:00;0.0;;;;;;;
2022-12-24 21:00:00;0.0;;;;;;;
2022-12-24 22:00:00;0.0;;;;;;;
2022-12-24 23:00:00;0.0;;;;;;;
2022-12-25 00:00:00;0.0;;;;;;;
2022-12-25 01:00:00;0.0;;;;;;;
2022-12-25 02:00:00;0.0;;;;;;;
2022-12-25 03:00:00;0.0;;;;;;;
2022-12-25 04:00:00;0.0;;;;;;;
2022-12-25 05:00:00;0.0;;;;;;;
2022-12-25 06:00:00;0.0;;;;;;;
2022-12-25 07:00:00;0.0;;;;;;;
2022-12-25 08:00:00;0.0;;;;;;;
2022-12-25 09:00:00;0.0;;;;;;;
2022-12-25 10:00:00;0.0;;;;;;;
2022-12-25 11:00:00;0.0;;;;;;;
2022-12-25 12:00:00;0.0;;;;;;;
2022-12-25 13:00:00;0.0;;;;;;;
2022-12-25 14:00:00;0.0;;;;;;;
2022-12-25 15:00:00;0.0;;;;;;;
2022-12-25 16:00:00;0.0;;;;;;;
2022-12-25 17:00:00;0.0;;;;;;;
2022-12-25 18:00:00;0.0;;;;;;;
2022-12-25 19:00:00;0.0;;;;;;;
2022-12-25 20:00:00;0.0;;;;;;;
2022-12-25 21:00:00;0.0;;;;;;;
2022-12-25 22:00:00;0.0;;;;;;;
2022-12-25 23:00:00;0.0;;;;;;;
2022-12-26 00:00:00;0.0;;;;;;;
2022-12-26 01:00:00;0.0;;;;;;;
2022-12-26 02:00:00;0.0;;;;;;;
2022-12-26 03:00:00;0.0;;;;;;;
2022-12-26 04:00:00;0.0;;;;;;;
2022-12-26 05:00:00;0.0;;;;;;;
2022-12-26 06:00:00;0.0;;;;;;;
2022-12-26 07:00:00;0.0;;;;;;;
2022-12-26 08:00:00;0.0;;;;;;;
2022-12-26 09:00:00;0.0;;;;;;;
2022-12-26 10:00:00;0.0;;;;;;;
2022-12-26 11:00:00;0.0;;;;;;;
2022-12-26 12:00:00;0.0;;;;;;;
2022-12-26 13:00:00;0.0;;;;;;;
2022-12-26 14:00:00;0.0;;;;;;;
2022-12-26 15:00:00;0.0;;;;;;;
2022-12-26 16:00:00;0.0;;;;;;;
2022-12-26 17:00:00;0.0;;;;;;;
2022-12-26 18:00:00;0.0;;;;;;;
2022-12-26 19:00:00;0.0;;;;;;;
2022-12-26 20:00:00;0.0;;;;;;;
2022-12-26 21:00:00;0.0;;;;;;;
2022-12-26 22:00:00;0.0;;;;;;;
2022-12-26 23:00:00;0.0;;;;;;;
2022-12-27 00:00:00;0.0;;;;;;;
2022-12-27 01:00:00;0.0;;;;;;;
2022-12-27 02:00:00;0.0;;;;;;;
2022-12-27 03:00:00;0.0;;;;;;;
2022-12-27 04:00:00;0.0;;;;;;;
2022-12-27 05:00:00;0.0;;;;;;;
2022-12-27 06:00:00;0.0;;;;;;;
2022-12-27 07:00:00;0.0;;;;;;;
2022-12-27 08:00:00;0.0;;;;;;;
2022-12-27 09:00:00;0.0;;;;;;;
2022-12-27 10:00:00;0.0;;;;;;;
2022-12-27 11:00:00;0.0;;;;;;;
2022-12-27 12:00:00;0.0;;;;;;;
2022-12-27 13:00:00;0.0;;;;;;;
2022-12-27 14:00:00;113.54001097749938;;;;;;;
2022-12-27 15:00:00;159.00747852102495;;;;;;;
2022-12-27 16:00:00;174.98610424110902;;;;;;;
2022-12-27 17:00:00;177.19264383392098;;;;;;;
2022-12-27 18:00:00;181.44176961326787;;;;;;;
2022-12-27 19:00:00;177.6981668366086;;;;;;;
2022-12-27 20:00:00;176.80553162465574;;;;;;;
2022-12-27 21:00:00;166.7201200079745;;;;;;;
2022-12-27 22:00:00;150.79159116203058;;;;;;;
2022-12-27 23:00:00;98.96409773334115;;;;;;;
2022-12-28 00:00:00;62.72584068482777;;;;;;;
2022-12-28 01:00:00;18.777219280007614;;;;;;;
2022-12-28 02:00:00;0.0;;;;;;;
2022-12-28 03:00:00;0.0;;;;;;;
2022-12-28 04:00:00;0.0;;;;;;;
2022-12-28 05:00:00;0.0;;;;;;;
2022-12-28 06:00:00;0.0;;;;;;;
2022-12-28 07:00:00;0.0;;;;;;;
2022-12-28 08:00:00;0.0;;;;;;;
2022-12-28 09:00:00;0.0;;;;;;;
2022-12-28 10:00:00;0.0;;;;;;;
2022-12-28 11:00:00;0.0;;;;;;;
2022-12-28 12:00:00;1072.1186492133381;;;;;;;
2022-12-28 13:00:00;1071.0529520725374;;;;;;;
2022-12-28 14:00:00;1073.8014487583207;;;;;;;
2022-12-28 15:00:00;1060.4847887595959;;;;;;;
2022-12-28 16:00:00;43.1652884637187;;;;;;;
2022-12-28 17:00:00;41.69881632979621;;;;;;;
2022-12-28 18:00:00;46.97492802901735;;;;;;;
2022-12-28 19:00:00;32.42634035257197;;;;;;;
2022-12-28 20:00:00;32.43317174450018;;;;;;;
2022-12-28 21:00:00;43.99188688703215;;;;;;;
2022-12-28 22:00:00;1036.5453143125037;;;;;;;
2022-12-28 23:00:00;952.3916742795229;;;;;;;
2022-12-29 00:00:00;905.792472806557;;;;;;;
2022-12-29 01:00:00;830.663101510742;;;;;;;
2022-12-29 02:00:00;798.5988249303651;;;;;;;
2022-12-29 03:00:00;783.5469913818749;;;;;;;
2022-12-29 04:00:00;773.8190892761033;;;;;;;
2022-12-29 05:00:00;772.7602235272304;;;;;;;
2022-12-29 06:00:00;0.0;;;;;;;
2022-12-29 07:00:00;0.0;;;;;;;
2022-12-29 08:00:00;0.0;;;;;;;
2022-12-29 09:00:00;0.0;;;;;;;
2022-12-29 10:00:00;0.0;;;;;;;
2022-12-29 11:00:00;0.0;;;;;;;
2022-12-29 12:00:00;0.0;;;;;;;
2022-12-29 13:00:00;0.0;;;;;;;
2022-12-29 14:00:00;0.0;;;;;;;
2022-12-29 15:00:00;0.0;;;;;;;
2022-12-29 16:00:00;0.0;;;;;;;
2022-12-29 17:00:00;0.0;;;;;;;
2022-12-29 18:00:00;0.0;;;;;;;
2022-12-29 19:00:00;0.0;;;;;;;
2022-12-29 20:00:00;0.0;;;;;;;
2022-12-29 21:00:00;0.0;;;;;;;
2022-12-29 22:00:00;0.0;;;;;;;
2022-12-29 23:00:00;0.0;;;;;;;
2022-12-30 00:00:00;0.0;;;;;;;
2022-12-30 01:00:00;0.0;;;;;;;
2022-12-30 02:00:00;0.0;;;;;;;
2022-12-30 03:00:00;0.0;;;;;;;
2022-12-30 04:00:00;0.0;;;;;;;
2022-12-30 05:00:00;0.0;;;;;;;
2022-12-30 06:00:00;0.0;;;;;;;
2022-12-30 07:00:00;0.0;;;;;;;
2022-12-30 08:00:00;0.0;;;;;;;
2022-12-30 09:00:00;0.0;;;;;;;
2022-12-30 10:00:00;0.0;;;;;;;
2022-12-30 11:00:00;0.0;;;;;;;
2022-12-30 12:00:00;0.0;;;;;;;
2022-12-30 13:00:00;0.0;;;;;;;
2022-12-30 14:00:00;0.0;;;;;;;
2022-12-30 15:00:00;0.0;;;;;;;
2022-12-30 16:00:00;0.0;;;;;;;
2022-12-30 17:00:00;0.0;;;;;;;
2022-12-30 18:00:00;0.0;;;;;;;
2022-12-30 19:00:00;0.0;;;;;;;
2022-12-30 20:00:00;0.0;;;;;;;
2022-12-30 21:00:00;0.0;;;;;;;
2022-12-30 22:00:00;0.0;;;;;;;
2022-12-30 23:00:00;0.0;;;;;;;
2022-12-31 00:00:00;0.0;;;;;;;
2022-12-31 01:00:00;0.0;;;;;;;
2022-12-31 02:00:00;5.549367376349571;;;;;;;
2022-12-31 03:00:00;55.16804408158434;;;;;;;
2022-12-31 04:00:00;42.097314192275135;;;;;;;
2022-12-31 05:00:00;58.98906930009669;;;;;;;
2022-12-31 06:00:00;71.70912107042443;;;;;;;
2022-12-31 07:00:00;88.62364748467336;;;;;;;
2022-12-31 08:00:00;80.03203356962742;;;;;;;
2022-12-31 09:00:00;94.61705533635659;;;;;;;
2022-12-31 10:00:00;76.42278150088958;;;;;;;
2022-12-31 11:00:00;124.29034474185978;;;;;;;
2022-12-31 12:00:00;76.53663803302643;;;;;;;
2022-12-31 13:00:00;117.5272667329315;;;;;;;
2022-12-31 14:00:00;137.89847746285486;;;;;;;
2022-12-31 15:00:00;141.33922186403018;;;;;;;
2022-12-31 16:00:00;144.04217593695873;;;;;;;
2022-12-31 17:00:00;139.87502686075035;;;;;;;
2022-12-31 18:00:00;151.09900379880008;;;;;;;
2022-12-31 19:00:00;150.71644585082026;;;;;;;
2022-12-31 20:00:00;138.6522077056007;;;;;;;
2022-12-31 21:00:00;124.07401733079979;;;;;;;
2022-12-31 22:00:00;121.18661567580952;;;;;;;
2022-12-31 23:00:00;114.28235556703156;;;;;;;
